solid OpenSCAD_Model
  facet normal 0 0.707004 -0.70721
    outer loop
      vertex 4 65 1
      vertex 1.74128 64.9725 0.972508
      vertex 1.72562 65 1
    endloop
  endfacet
  facet normal -6.80353e-06 0.707283 -0.70693
    outer loop
      vertex 4 65 1
      vertex 1.75821 64.9428 0.942793
      vertex 1.74128 64.9725 0.972508
    endloop
  endfacet
  facet normal -1.4597e-06 0.707179 -0.707035
    outer loop
      vertex 4 65 1
      vertex 1.80466 64.7957 0.795663
      vertex 1.75821 64.9428 0.942793
    endloop
  endfacet
  facet normal 1.39021e-05 0.707096 -0.707117
    outer loop
      vertex 4 65 1
      vertex 1.85675 64.6307 0.630669
      vertex 1.80466 64.7957 0.795663
    endloop
  endfacet
  facet normal 0.000143621 0.70672 -0.707494
    outer loop
      vertex 4 65 1
      vertex 1.85993 64.6057 0.605697
      vertex 1.85675 64.6307 0.630669
    endloop
  endfacet
  facet normal -0.000140943 0.707492 -0.706721
    outer loop
      vertex 4 65 1
      vertex 1.86314 64.5806 0.580569
      vertex 1.85993 64.6057 0.605697
    endloop
  endfacet
  facet normal 2.42362e-05 0.707071 -0.707142
    outer loop
      vertex 4 65 1
      vertex 1.83045 64.2418 0.241802
      vertex 1.86314 64.5806 0.580569
    endloop
  endfacet
  facet normal 0.000363132 0.706586 -0.707627
    outer loop
      vertex 4 65 1
      vertex 1.82361 64.2197 0.219731
      vertex 1.83045 64.2418 0.241802
    endloop
  endfacet
  facet normal 1.27391e-05 0.707075 -0.707139
    outer loop
      vertex 4 65 1
      vertex 1.81626 64.196 0.196033
      vertex 1.82361 64.2197 0.219731
    endloop
  endfacet
  facet normal -7.81013e-06 0.707103 -0.707111
    outer loop
      vertex 5 64 0
      vertex 1.81626 64.196 0.196033
      vertex 4 65 1
    endloop
  endfacet
  facet normal 0 0.707166 -0.707047
    outer loop
      vertex 1.81626 64.196 0.196033
      vertex 5 64 0
      vertex 1.71148 64 0
    endloop
  endfacet
  facet normal 0 0.707107 -0.707107
    outer loop
      vertex 92 64 0
      vertex 5 65 1
      vertex 92 65 1
    endloop
  endfacet
  facet normal 0 0.707107 -0.707107
    outer loop
      vertex 5 65 1
      vertex 92 64 0
      vertex 5 64 0
    endloop
  endfacet
  facet normal 0 0.707004 -0.70721
    outer loop
      vertex 95.2587 64.9725 0.972508
      vertex 93 65 1
      vertex 95.2744 65 1
    endloop
  endfacet
  facet normal 6.80367e-06 0.707283 -0.70693
    outer loop
      vertex 95.2418 64.9428 0.942793
      vertex 93 65 1
      vertex 95.2587 64.9725 0.972508
    endloop
  endfacet
  facet normal 1.45968e-06 0.707179 -0.707035
    outer loop
      vertex 95.1953 64.7957 0.795663
      vertex 93 65 1
      vertex 95.2418 64.9428 0.942793
    endloop
  endfacet
  facet normal -1.39023e-05 0.707096 -0.707117
    outer loop
      vertex 95.1432 64.6307 0.630669
      vertex 93 65 1
      vertex 95.1953 64.7957 0.795663
    endloop
  endfacet
  facet normal -0.000143702 0.706719 -0.707494
    outer loop
      vertex 95.1401 64.6057 0.605697
      vertex 93 65 1
      vertex 95.1432 64.6307 0.630669
    endloop
  endfacet
  facet normal 0.000140952 0.707492 -0.706721
    outer loop
      vertex 95.1369 64.5806 0.580569
      vertex 93 65 1
      vertex 95.1401 64.6057 0.605697
    endloop
  endfacet
  facet normal -2.42345e-05 0.707071 -0.707142
    outer loop
      vertex 95.1695 64.2418 0.241802
      vertex 93 65 1
      vertex 95.1369 64.5806 0.580569
    endloop
  endfacet
  facet normal -0.000363529 0.706586 -0.707628
    outer loop
      vertex 95.1764 64.2197 0.219731
      vertex 93 65 1
      vertex 95.1695 64.2418 0.241802
    endloop
  endfacet
  facet normal -1.27282e-05 0.707075 -0.707139
    outer loop
      vertex 95.1837 64.196 0.196033
      vertex 93 65 1
      vertex 95.1764 64.2197 0.219731
    endloop
  endfacet
  facet normal 0 0.707166 -0.707047
    outer loop
      vertex 92 64 0
      vertex 95.1837 64.196 0.196033
      vertex 95.2885 64 0
    endloop
  endfacet
  facet normal 7.81024e-06 0.707103 -0.707111
    outer loop
      vertex 95.1837 64.196 0.196033
      vertex 92 64 0
      vertex 93 65 1
    endloop
  endfacet
  facet normal 0 0.707107 0.707107
    outer loop
      vertex 6 65 24
      vertex 1.71148 64 25
      vertex 7 64 25
    endloop
  endfacet
  facet normal -3.41431e-15 0.707107 0.707107
    outer loop
      vertex 1.71148 64 25
      vertex 6 65 24
      vertex 1.81626 64.196 24.804
    endloop
  endfacet
  facet normal 4.27009e-14 0.707107 0.707107
    outer loop
      vertex 1.81626 64.196 24.804
      vertex 6 65 24
      vertex 1.82361 64.2197 24.7803
    endloop
  endfacet
  facet normal -4.44326e-14 0.707107 0.707107
    outer loop
      vertex 1.82361 64.2197 24.7803
      vertex 6 65 24
      vertex 1.83045 64.2418 24.7582
    endloop
  endfacet
  facet normal 2.1212e-15 0.707107 0.707107
    outer loop
      vertex 1.83045 64.2418 24.7582
      vertex 6 65 24
      vertex 1.86314 64.5806 24.4194
    endloop
  endfacet
  facet normal -9.4113e-15 0.707107 0.707107
    outer loop
      vertex 1.86314 64.5806 24.4194
      vertex 6 65 24
      vertex 1.85993 64.6057 24.3943
    endloop
  endfacet
  facet normal 9.44956e-15 0.707107 0.707107
    outer loop
      vertex 1.85993 64.6057 24.3943
      vertex 6 65 24
      vertex 1.85675 64.6307 24.3693
    endloop
  endfacet
  facet normal -2.05232e-15 0.707107 0.707107
    outer loop
      vertex 1.85675 64.6307 24.3693
      vertex 6 65 24
      vertex 1.80466 64.7957 24.2043
    endloop
  endfacet
  facet normal 1.86748e-15 0.707107 0.707107
    outer loop
      vertex 1.80466 64.7957 24.2043
      vertex 6 65 24
      vertex 1.75821 64.9428 24.0572
    endloop
  endfacet
  facet normal -2.21993e-15 0.707107 0.707107
    outer loop
      vertex 1.75821 64.9428 24.0572
      vertex 6 65 24
      vertex 1.74128 64.9725 24.0275
    endloop
  endfacet
  facet normal 0 0.707107 0.707107
    outer loop
      vertex 1.74128 64.9725 24.0275
      vertex 6 65 24
      vertex 1.72562 65 24
    endloop
  endfacet
  facet normal 3.41442e-15 0.707107 0.707107
    outer loop
      vertex 91 65 24
      vertex 95.2885 64 25
      vertex 95.1837 64.196 24.804
    endloop
  endfacet
  facet normal -4.29196e-14 0.707107 0.707107
    outer loop
      vertex 91 65 24
      vertex 95.1837 64.196 24.804
      vertex 95.1764 64.2197 24.7803
    endloop
  endfacet
  facet normal 4.51621e-14 0.707107 0.707107
    outer loop
      vertex 91 65 24
      vertex 95.1764 64.2197 24.7803
      vertex 95.1695 64.2418 24.7582
    endloop
  endfacet
  facet normal -2.12112e-15 0.707107 0.707107
    outer loop
      vertex 91 65 24
      vertex 95.1695 64.2418 24.7582
      vertex 95.1369 64.5806 24.4194
    endloop
  endfacet
  facet normal 9.32995e-15 0.707107 0.707107
    outer loop
      vertex 91 65 24
      vertex 95.1369 64.5806 24.4194
      vertex 95.1401 64.6057 24.3943
    endloop
  endfacet
  facet normal -9.55775e-15 0.707107 0.707107
    outer loop
      vertex 91 65 24
      vertex 95.1401 64.6057 24.3943
      vertex 95.1432 64.6307 24.3693
    endloop
  endfacet
  facet normal 2.03837e-15 0.707107 0.707107
    outer loop
      vertex 91 65 24
      vertex 95.1432 64.6307 24.3693
      vertex 95.1953 64.7957 24.2043
    endloop
  endfacet
  facet normal -1.86747e-15 0.707107 0.707107
    outer loop
      vertex 91 65 24
      vertex 95.1953 64.7957 24.2043
      vertex 95.2418 64.9428 24.0572
    endloop
  endfacet
  facet normal 2.22116e-15 0.707107 0.707107
    outer loop
      vertex 91 65 24
      vertex 95.2418 64.9428 24.0572
      vertex 95.2587 64.9725 24.0275
    endloop
  endfacet
  facet normal -0 0.707107 0.707107
    outer loop
      vertex 91 65 24
      vertex 95.2587 64.9725 24.0275
      vertex 95.2744 65 24
    endloop
  endfacet
  facet normal 0 0.707107 0.707107
    outer loop
      vertex 95.2885 64 25
      vertex 91 65 24
      vertex 90 64 25
    endloop
  endfacet
  facet normal 0.609279 -0.250762 -0.752262
    outer loop
      vertex 0 63.2744 24
      vertex 0.0572062 63.2418 24.0572
      vertex 0.0274919 63.2587 24.0275
    endloop
  endfacet
  facet normal 0.694234 0.468717 -0.546208
    outer loop
      vertex 0.0572062 63.2418 24.0572
      vertex 0.36933 63.1432 24.3693
      vertex 0.204336 63.1953 24.2043
    endloop
  endfacet
  facet normal -0.706713 -4.97567e-06 0.707501
    outer loop
      vertex 0.394302 63.1401 24.3943
      vertex 0 1 24
      vertex 0.41943 63.1369 24.4194
    endloop
  endfacet
  facet normal -0.707503 5.04687e-06 0.706711
    outer loop
      vertex 0.36933 63.1432 24.3693
      vertex 0 1 24
      vertex 0.394302 63.1401 24.3943
    endloop
  endfacet
  facet normal -0.70708 2.08747e-08 0.707134
    outer loop
      vertex 0.0572062 63.2418 24.0572
      vertex 0 1 24
      vertex 0.36933 63.1432 24.3693
    endloop
  endfacet
  facet normal -0.707068 0 0.707145
    outer loop
      vertex 0 1 24
      vertex 0.0572062 63.2418 24.0572
      vertex 0 63.2744 24
    endloop
  endfacet
  facet normal -0.663219 -0.193871 0.722879
    outer loop
      vertex 0.758197 63.1695 24.7582
      vertex 0.803966 63.1837 24.804
      vertex 0.780268 63.1764 24.7803
    endloop
  endfacet
  facet normal -0.707107 3.41395e-07 0.707107
    outer loop
      vertex 1 1 25
      vertex 0.41943 63.1369 24.4194
      vertex 0 1 24
    endloop
  endfacet
  facet normal -0.707141 -3.019e-07 0.707072
    outer loop
      vertex 0.41943 63.1369 24.4194
      vertex 1 1 25
      vertex 0.758197 63.1695 24.7582
    endloop
  endfacet
  facet normal -0.707346 -1.89397e-06 0.706868
    outer loop
      vertex 0.758197 63.1695 24.7582
      vertex 1 1 25
      vertex 0.803966 63.1837 24.804
    endloop
  endfacet
  facet normal -0.707045 0 0.707168
    outer loop
      vertex 0.803966 63.1837 24.804
      vertex 1 1 25
      vertex 1 63.2885 25
    endloop
  endfacet
  facet normal 0 0 1
    outer loop
      vertex 1.65493 63.8942 25
      vertex 7 64 25
      vertex 1.71148 64 25
    endloop
  endfacet
  facet normal -0 0 1
    outer loop
      vertex 8 5 25
      vertex 36.5 1 25
      vertex 36.5 5 25
    endloop
  endfacet
  facet normal 0 0 1
    outer loop
      vertex 1.4074 63.5926 25
      vertex 7 64 25
      vertex 1.65493 63.8942 25
    endloop
  endfacet
  facet normal 0 0 1
    outer loop
      vertex 1.10579 63.3451 25
      vertex 7 64 25
      vertex 1.4074 63.5926 25
    endloop
  endfacet
  facet normal 0 0 1
    outer loop
      vertex 1 63.2885 25
      vertex 7 64 25
      vertex 1.10579 63.3451 25
    endloop
  endfacet
  facet normal 0 0 1
    outer loop
      vertex 7 64 25
      vertex 1 63.2885 25
      vertex 7 6 25
    endloop
  endfacet
  facet normal 0 0 1
    outer loop
      vertex 8 5 25
      vertex 1 1 25
      vertex 36.5 1 25
    endloop
  endfacet
  facet normal 0 0 1
    outer loop
      vertex 7 6 25
      vertex 1 1 25
      vertex 8 5 25
    endloop
  endfacet
  facet normal 0 0 1
    outer loop
      vertex 1 1 25
      vertex 7 6 25
      vertex 1 63.2885 25
    endloop
  endfacet
  facet normal 0 0 1
    outer loop
      vertex 90 64 25
      vertex 96 63.2885 25
      vertex 95.8942 63.3451 25
    endloop
  endfacet
  facet normal 0 0 1
    outer loop
      vertex 90 64 25
      vertex 95.8942 63.3451 25
      vertex 95.5926 63.5926 25
    endloop
  endfacet
  facet normal 0 0 1
    outer loop
      vertex 90 64 25
      vertex 95.5926 63.5926 25
      vertex 95.3451 63.8942 25
    endloop
  endfacet
  facet normal -0 0 1
    outer loop
      vertex 90 64 25
      vertex 95.3451 63.8942 25
      vertex 95.2885 64 25
    endloop
  endfacet
  facet normal 0 0 1
    outer loop
      vertex 96 63.2885 25
      vertex 90 64 25
      vertex 90 6 25
    endloop
  endfacet
  facet normal 0 0 1
    outer loop
      vertex 96 63.2885 25
      vertex 90 6 25
      vertex 96 1 25
    endloop
  endfacet
  facet normal -0 0 1
    outer loop
      vertex 89 5 25
      vertex 96 1 25
      vertex 90 6 25
    endloop
  endfacet
  facet normal 0 0 1
    outer loop
      vertex 59.5 1 25
      vertex 89 5 25
      vertex 59.5 5 25
    endloop
  endfacet
  facet normal 0 0 1
    outer loop
      vertex 89 5 25
      vertex 59.5 1 25
      vertex 96 1 25
    endloop
  endfacet
  facet normal 0 1 0
    outer loop
      vertex 6 65 5
      vertex 5 65 5
      vertex 5 65 6
    endloop
  endfacet
  facet normal 0 1 -0
    outer loop
      vertex 92 65 5
      vertex 91 65 5
      vertex 92 65 6
    endloop
  endfacet
  facet normal 0 1 0
    outer loop
      vertex 6 65 20
      vertex 5 65 19
      vertex 5 65 20
    endloop
  endfacet
  facet normal 0 1 -0
    outer loop
      vertex 92 65 19
      vertex 91 65 20
      vertex 92 65 20
    endloop
  endfacet
  facet normal 0 1 0
    outer loop
      vertex 4 65 20
      vertex 4 65 5
      vertex 3 65 20
    endloop
  endfacet
  facet normal 0 1 -0
    outer loop
      vertex 4 65 22
      vertex 1.72562 65 24
      vertex 6 65 24
    endloop
  endfacet
  facet normal 0 1 0
    outer loop
      vertex 1.72562 65 24
      vertex 4 65 22
      vertex 1.54602 65 23.7312
    endloop
  endfacet
  facet normal 0 1 0
    outer loop
      vertex 1.54602 65 23.7312
      vertex 4 65 22
      vertex 1.26879 65 23.454
    endloop
  endfacet
  facet normal 0 1 0
    outer loop
      vertex 4 65 22
      vertex 6 65 24
      vertex 5 65 22
    endloop
  endfacet
  facet normal 0 1 -0
    outer loop
      vertex 6 65 21
      vertex 5 65 22
      vertex 6 65 24
    endloop
  endfacet
  facet normal 0 1 0
    outer loop
      vertex 5 65 22
      vertex 6 65 21
      vertex 5 65 21
    endloop
  endfacet
  facet normal 0 1 0
    outer loop
      vertex 1.26879 65 23.454
      vertex 4 65 22
      vertex 1 65 23.2744
    endloop
  endfacet
  facet normal 0 1 0
    outer loop
      vertex 3 65 20
      vertex 4 65 22
      vertex 4 65 21
    endloop
  endfacet
  facet normal 0 1 0
    outer loop
      vertex 3.94278 65 20.2361
      vertex 4 65 21
      vertex 4 65 20.2704
    endloop
  endfacet
  facet normal 0 1 0
    outer loop
      vertex 4 65 21
      vertex 3.94278 65 20.2361
      vertex 3.76537 65 20.1522
    endloop
  endfacet
  facet normal 0 1 0
    outer loop
      vertex 3.58057 65 20.0861
      vertex 4 65 21
      vertex 3.76537 65 20.1522
    endloop
  endfacet
  facet normal 0 1 0
    outer loop
      vertex 3.39017 65 20.0384
      vertex 4 65 21
      vertex 3.58057 65 20.0861
    endloop
  endfacet
  facet normal 0 1 0
    outer loop
      vertex 3.19603 65 20.0096
      vertex 4 65 21
      vertex 3.39017 65 20.0384
    endloop
  endfacet
  facet normal 0 1 0
    outer loop
      vertex 4 65 21
      vertex 3.19603 65 20.0096
      vertex 3 65 20
    endloop
  endfacet
  facet normal 0 1 0
    outer loop
      vertex 4 65 22
      vertex 3 65 20
      vertex 1 65 23.2744
    endloop
  endfacet
  facet normal 0 1 0
    outer loop
      vertex 3 65 5
      vertex 3 65 20
      vertex 4 65 5
    endloop
  endfacet
  facet normal 0 1 0
    outer loop
      vertex 3 65 20
      vertex 3 65 5
      vertex 1 65 23.2744
    endloop
  endfacet
  facet normal 0 1 0
    outer loop
      vertex 4 65 4
      vertex 3.19603 65 4.99036
      vertex 3.39017 65 4.96156
    endloop
  endfacet
  facet normal 0 1 0
    outer loop
      vertex 4 65 4
      vertex 3.39017 65 4.96156
      vertex 3.58057 65 4.91388
    endloop
  endfacet
  facet normal 0 1 0
    outer loop
      vertex 4 65 4
      vertex 3.58057 65 4.91388
      vertex 3.76537 65 4.84775
    endloop
  endfacet
  facet normal 0 1 0
    outer loop
      vertex 4 65 4
      vertex 3.76537 65 4.84775
      vertex 3.94278 65 4.76384
    endloop
  endfacet
  facet normal 0 1 -0
    outer loop
      vertex 4 65 4
      vertex 3.94278 65 4.76384
      vertex 4 65 4.72954
    endloop
  endfacet
  facet normal 0 1 0
    outer loop
      vertex 3.19603 65 4.99036
      vertex 4 65 4
      vertex 3 65 5
    endloop
  endfacet
  facet normal 0 1 0
    outer loop
      vertex 3 65 5
      vertex 1 65 1.72562
      vertex 1 65 23.2744
    endloop
  endfacet
  facet normal 0 1 0
    outer loop
      vertex 1.26879 65 1.54602
      vertex 3 65 5
      vertex 4 65 4
    endloop
  endfacet
  facet normal 0 1 0
    outer loop
      vertex 3 65 5
      vertex 1.26879 65 1.54602
      vertex 1 65 1.72562
    endloop
  endfacet
  facet normal 0 1 0
    outer loop
      vertex 4 65 4
      vertex 1.54602 65 1.26879
      vertex 1.26879 65 1.54602
    endloop
  endfacet
  facet normal 0 1 -0
    outer loop
      vertex 4 65 1
      vertex 1.54602 65 1.26879
      vertex 4 65 4
    endloop
  endfacet
  facet normal 0 1 0
    outer loop
      vertex 1.54602 65 1.26879
      vertex 4 65 1
      vertex 1.72562 65 1
    endloop
  endfacet
  facet normal 0 1 -0
    outer loop
      vertex 94 65 20
      vertex 93 65 22
      vertex 96 65 23.2744
    endloop
  endfacet
  facet normal 0 1 0
    outer loop
      vertex 93 65 22
      vertex 94 65 20
      vertex 93 65 21
    endloop
  endfacet
  facet normal -0 1 -0
    outer loop
      vertex 93.804 65 20.0096
      vertex 93 65 21
      vertex 94 65 20
    endloop
  endfacet
  facet normal -0 1 -0
    outer loop
      vertex 93.0572 65 20.2361
      vertex 93 65 21
      vertex 93.2346 65 20.1522
    endloop
  endfacet
  facet normal 0 1 0
    outer loop
      vertex 93 65 21
      vertex 93.0572 65 20.2361
      vertex 93 65 20.2704
    endloop
  endfacet
  facet normal 0 1 0
    outer loop
      vertex 93 65 21
      vertex 93.4194 65 20.0861
      vertex 93.2346 65 20.1522
    endloop
  endfacet
  facet normal 0 1 0
    outer loop
      vertex 93 65 21
      vertex 93.6098 65 20.0384
      vertex 93.4194 65 20.0861
    endloop
  endfacet
  facet normal 0 1 0
    outer loop
      vertex 93 65 21
      vertex 93.804 65 20.0096
      vertex 93.6098 65 20.0384
    endloop
  endfacet
  facet normal 0 1 0
    outer loop
      vertex 94 65 20
      vertex 94 65 5
      vertex 93 65 20
    endloop
  endfacet
  facet normal 0 1 0
    outer loop
      vertex 96 65 23.2744
      vertex 94 65 5
      vertex 94 65 20
    endloop
  endfacet
  facet normal 0 1 0
    outer loop
      vertex 93 65 4
      vertex 93.804 65 4.99036
      vertex 94 65 5
    endloop
  endfacet
  facet normal 0 1 0
    outer loop
      vertex 93.804 65 4.99036
      vertex 93 65 4
      vertex 93.6098 65 4.96156
    endloop
  endfacet
  facet normal 0 1 0
    outer loop
      vertex 93.6098 65 4.96156
      vertex 93 65 4
      vertex 93.4194 65 4.91388
    endloop
  endfacet
  facet normal 0 1 0
    outer loop
      vertex 93.4194 65 4.91388
      vertex 93 65 4
      vertex 93.2346 65 4.84775
    endloop
  endfacet
  facet normal 0 1 0
    outer loop
      vertex 93.2346 65 4.84775
      vertex 93 65 4
      vertex 93.0572 65 4.76384
    endloop
  endfacet
  facet normal 0 1 0
    outer loop
      vertex 93.0572 65 4.76384
      vertex 93 65 4
      vertex 93 65 4.72955
    endloop
  endfacet
  facet normal 0 1 -0
    outer loop
      vertex 96 65 1.72562
      vertex 94 65 5
      vertex 96 65 23.2744
    endloop
  endfacet
  facet normal 0 1 -0
    outer loop
      vertex 95.7312 65 1.54602
      vertex 94 65 5
      vertex 96 65 1.72562
    endloop
  endfacet
  facet normal 0 1 0
    outer loop
      vertex 94 65 5
      vertex 95.7312 65 1.54602
      vertex 93 65 4
    endloop
  endfacet
  facet normal 0 1 -0
    outer loop
      vertex 95.454 65 1.26879
      vertex 93 65 4
      vertex 95.7312 65 1.54602
    endloop
  endfacet
  facet normal 0 1 0
    outer loop
      vertex 93 65 1
      vertex 95.454 65 1.26879
      vertex 95.2744 65 1
    endloop
  endfacet
  facet normal 0 1 0
    outer loop
      vertex 95.454 65 1.26879
      vertex 93 65 1
      vertex 93 65 4
    endloop
  endfacet
  facet normal 0 1 0
    outer loop
      vertex 93 65 22
      vertex 95.2744 65 24
      vertex 95.454 65 23.7312
    endloop
  endfacet
  facet normal 0 1 0
    outer loop
      vertex 93 65 22
      vertex 95.454 65 23.7312
      vertex 95.7312 65 23.454
    endloop
  endfacet
  facet normal 0 1 0
    outer loop
      vertex 93 65 22
      vertex 95.7312 65 23.454
      vertex 96 65 23.2744
    endloop
  endfacet
  facet normal 0 1 0
    outer loop
      vertex 95.2744 65 24
      vertex 93 65 22
      vertex 91 65 24
    endloop
  endfacet
  facet normal 0 1 -0
    outer loop
      vertex 92 65 22
      vertex 91 65 24
      vertex 93 65 22
    endloop
  endfacet
  facet normal 0 1 0
    outer loop
      vertex 91 65 21
      vertex 92 65 22
      vertex 92 65 21
    endloop
  endfacet
  facet normal 0 1 0
    outer loop
      vertex 92 65 22
      vertex 91 65 21
      vertex 91 65 24
    endloop
  endfacet
  facet normal 0 1 0
    outer loop
      vertex 93 65 20
      vertex 94 65 5
      vertex 93 65 5
    endloop
  endfacet
  facet normal 0 1 -0
    outer loop
      vertex 92 65 1
      vertex 5 65 4
      vertex 92 65 4
    endloop
  endfacet
  facet normal 0 1 0
    outer loop
      vertex 5 65 4
      vertex 92 65 1
      vertex 5 65 1
    endloop
  endfacet
  facet normal -0.707107 -0.707107 0
    outer loop
      vertex 1 0 1
      vertex 0 1 24
      vertex 0 1 1
    endloop
  endfacet
  facet normal -0.707107 -0.707107 0
    outer loop
      vertex 0 1 24
      vertex 1 0 1
      vertex 1 0 24
    endloop
  endfacet
  facet normal -1 0 0
    outer loop
      vertex 0 63.7312 1.54602
      vertex 0 64 23.2744
      vertex 0 64 1.72562
    endloop
  endfacet
  facet normal -1 0 0
    outer loop
      vertex 0 63.7312 1.54602
      vertex 0 63.7312 23.454
      vertex 0 64 23.2744
    endloop
  endfacet
  facet normal -1 0 0
    outer loop
      vertex 0 63.454 1.26879
      vertex 0 63.7312 23.454
      vertex 0 63.7312 1.54602
    endloop
  endfacet
  facet normal -1 0 0
    outer loop
      vertex 0 63.454 1.26879
      vertex 0 63.454 23.7312
      vertex 0 63.7312 23.454
    endloop
  endfacet
  facet normal -1 0 0
    outer loop
      vertex 0 63.2744 1
      vertex 0 63.454 23.7312
      vertex 0 63.454 1.26879
    endloop
  endfacet
  facet normal -1 0 0
    outer loop
      vertex 0 63.2744 1
      vertex 0 63.2744 24
      vertex 0 63.454 23.7312
    endloop
  endfacet
  facet normal -1 0 0
    outer loop
      vertex 0 1 1
      vertex 0 63.2744 24
      vertex 0 63.2744 1
    endloop
  endfacet
  facet normal -1 -0 0
    outer loop
      vertex 0 63.2744 24
      vertex 0 1 1
      vertex 0 1 24
    endloop
  endfacet
  facet normal -0.707107 -3.82558e-13 -0.707107
    outer loop
      vertex 0.803967 63.1837 0.196033
      vertex 0.758197 63.1695 0.241803
      vertex 0.780268 63.1764 0.219732
    endloop
  endfacet
  facet normal -0.707107 0 -0.707107
    outer loop
      vertex 0.758197 63.1695 0.241803
      vertex 1 1 0
      vertex 0.419431 63.1369 0.580569
    endloop
  endfacet
  facet normal -0.707107 0 -0.707107
    outer loop
      vertex 0.803967 63.1837 0.196033
      vertex 1 1 0
      vertex 0.758197 63.1695 0.241803
    endloop
  endfacet
  facet normal -0.707107 0 -0.707107
    outer loop
      vertex 1 1 0
      vertex 0.803967 63.1837 0.196033
      vertex 1 63.2885 0
    endloop
  endfacet
  facet normal 0.709213 0.00747318 0.704955
    outer loop
      vertex 0.0572071 63.2418 0.942793
      vertex 0 63.2744 1
      vertex 0.0274924 63.2587 0.972508
    endloop
  endfacet
  facet normal 0.706831 -0.00174024 0.70738
    outer loop
      vertex 0.36933 63.1432 0.63067
      vertex 0.0572071 63.2418 0.942793
      vertex 0.204337 63.1953 0.795663
    endloop
  endfacet
  facet normal -0.707107 0 -0.707107
    outer loop
      vertex 0 1 1
      vertex 0.419431 63.1369 0.580569
      vertex 1 1 0
    endloop
  endfacet
  facet normal -0.707107 -1.02038e-17 -0.707107
    outer loop
      vertex 0.419431 63.1369 0.580569
      vertex 0 1 1
      vertex 0.394302 63.1401 0.605698
    endloop
  endfacet
  facet normal -0.707107 -7.89856e-19 -0.707107
    outer loop
      vertex 0.394302 63.1401 0.605698
      vertex 0 1 1
      vertex 0.36933 63.1432 0.63067
    endloop
  endfacet
  facet normal -0.707107 1.3439e-09 -0.707107
    outer loop
      vertex 0.36933 63.1432 0.63067
      vertex 0 1 1
      vertex 0.0572071 63.2418 0.942793
    endloop
  endfacet
  facet normal -0.707106 0 -0.707107
    outer loop
      vertex 0.0572071 63.2418 0.942793
      vertex 0 1 1
      vertex 0 63.2744 1
    endloop
  endfacet
  facet normal -0.707346 0.706867 0
    outer loop
      vertex 0.936543 64.9365 1.76384
      vertex 1 65 23.2744
      vertex 1 65 1.72562
    endloop
  endfacet
  facet normal -0.707346 0.706867 0
    outer loop
      vertex 0.936543 64.9365 1.76384
      vertex 0.936543 64.9365 23.2362
      vertex 1 65 23.2744
    endloop
  endfacet
  facet normal -0.706927 0.707286 0
    outer loop
      vertex 0.853901 64.8539 1.7947
      vertex 0.936543 64.9365 23.2362
      vertex 0.936543 64.9365 1.76384
    endloop
  endfacet
  facet normal -0.706927 0.707286 0
    outer loop
      vertex 0.853901 64.8539 1.7947
      vertex 0.853901 64.8539 23.2053
      vertex 0.936543 64.9365 23.2362
    endloop
  endfacet
  facet normal -0.706893 0.707321 0
    outer loop
      vertex 0.834089 64.8341 1.8021
      vertex 0.853901 64.8539 23.2053
      vertex 0.853901 64.8539 1.7947
    endloop
  endfacet
  facet normal -0.706893 0.707321 0
    outer loop
      vertex 0.834089 64.8341 1.8021
      vertex 0.834089 64.8341 23.1979
      vertex 0.853901 64.8539 23.2053
    endloop
  endfacet
  facet normal -0.707284 0.706929 0
    outer loop
      vertex 0.804204 64.8042 1.81039
      vertex 0.834089 64.8341 23.1979
      vertex 0.834089 64.8341 1.8021
    endloop
  endfacet
  facet normal -0.707284 0.706929 0
    outer loop
      vertex 0.804204 64.8042 1.81039
      vertex 0.804204 64.8042 23.1896
      vertex 0.834089 64.8341 23.1979
    endloop
  endfacet
  facet normal -0.707114 0.707099 0
    outer loop
      vertex 0.707106 64.7071 1.83733
      vertex 0.804204 64.8042 23.1896
      vertex 0.804204 64.8042 1.81039
    endloop
  endfacet
  facet normal -0.707114 0.707099 0
    outer loop
      vertex 0.707106 64.7071 1.83733
      vertex 0.707106 64.7071 23.1627
      vertex 0.804204 64.8042 23.1896
    endloop
  endfacet
  facet normal -0.70713 0.707084 0
    outer loop
      vertex 0.64521 64.6452 1.84791
      vertex 0.707106 64.7071 23.1627
      vertex 0.707106 64.7071 1.83733
    endloop
  endfacet
  facet normal -0.70713 0.707084 0
    outer loop
      vertex 0.64521 64.6452 1.84791
      vertex 0.64521 64.6452 23.1521
      vertex 0.707106 64.7071 23.1627
    endloop
  endfacet
  facet normal -0.706689 0.707524 0
    outer loop
      vertex 0.599456 64.5995 1.85573
      vertex 0.64521 64.6452 23.1521
      vertex 0.64521 64.6452 1.84791
    endloop
  endfacet
  facet normal -0.706689 0.707524 0
    outer loop
      vertex 0.599456 64.5995 1.85573
      vertex 0.599456 64.5995 23.1443
      vertex 0.64521 64.6452 23.1521
    endloop
  endfacet
  facet normal -0.707579 0.706634 0
    outer loop
      vertex 0.547825 64.5478 1.85871
      vertex 0.599456 64.5995 23.1443
      vertex 0.599456 64.5995 1.85573
    endloop
  endfacet
  facet normal -0.707579 0.706634 0
    outer loop
      vertex 0.547825 64.5478 1.85871
      vertex 0.547825 64.5478 23.1413
      vertex 0.599456 64.5995 23.1443
    endloop
  endfacet
  facet normal -0.706922 0.707292 0
    outer loop
      vertex 0.5 64.5 1.86147
      vertex 0.547825 64.5478 23.1413
      vertex 0.547825 64.5478 1.85871
    endloop
  endfacet
  facet normal -0.706922 0.707292 0
    outer loop
      vertex 0.5 64.5 1.86147
      vertex 0.5 64.5 23.1385
      vertex 0.547825 64.5478 23.1413
    endloop
  endfacet
  facet normal -0.706914 0.707299 0
    outer loop
      vertex 0.452174 64.4522 1.85871
      vertex 0.5 64.5 23.1385
      vertex 0.5 64.5 1.86147
    endloop
  endfacet
  facet normal -0.706914 0.707299 0
    outer loop
      vertex 0.452174 64.4522 1.85871
      vertex 0.452174 64.4522 23.1413
      vertex 0.5 64.5 23.1385
    endloop
  endfacet
  facet normal -0.707579 0.706634 0
    outer loop
      vertex 0.400543 64.4005 1.85573
      vertex 0.452174 64.4522 23.1413
      vertex 0.452174 64.4522 1.85871
    endloop
  endfacet
  facet normal -0.707579 0.706634 0
    outer loop
      vertex 0.400543 64.4005 1.85573
      vertex 0.400543 64.4005 23.1443
      vertex 0.452174 64.4522 23.1413
    endloop
  endfacet
  facet normal -0.706689 0.707524 0
    outer loop
      vertex 0.354789 64.3548 1.84791
      vertex 0.400543 64.4005 23.1443
      vertex 0.400543 64.4005 1.85573
    endloop
  endfacet
  facet normal -0.706689 0.707524 0
    outer loop
      vertex 0.354789 64.3548 1.84791
      vertex 0.354789 64.3548 23.1521
      vertex 0.400543 64.4005 23.1443
    endloop
  endfacet
  facet normal -0.70713 0.707084 0
    outer loop
      vertex 0.292893 64.2929 1.83733
      vertex 0.354789 64.3548 23.1521
      vertex 0.354789 64.3548 1.84791
    endloop
  endfacet
  facet normal -0.70713 0.707084 0
    outer loop
      vertex 0.292893 64.2929 1.83733
      vertex 0.292893 64.2929 23.1627
      vertex 0.354789 64.3548 23.1521
    endloop
  endfacet
  facet normal -0.707114 0.707099 0
    outer loop
      vertex 0.195795 64.1958 1.81039
      vertex 0.292893 64.2929 23.1627
      vertex 0.292893 64.2929 1.83733
    endloop
  endfacet
  facet normal -0.707114 0.707099 0
    outer loop
      vertex 0.195795 64.1958 1.81039
      vertex 0.195795 64.1958 23.1896
      vertex 0.292893 64.2929 23.1627
    endloop
  endfacet
  facet normal -0.707284 0.706929 0
    outer loop
      vertex 0.16591 64.1659 1.8021
      vertex 0.195795 64.1958 23.1896
      vertex 0.195795 64.1958 1.81039
    endloop
  endfacet
  facet normal -0.707284 0.706929 0
    outer loop
      vertex 0.16591 64.1659 1.8021
      vertex 0.16591 64.1659 23.1979
      vertex 0.195795 64.1958 23.1896
    endloop
  endfacet
  facet normal -0.706893 0.707321 0
    outer loop
      vertex 0.146098 64.1461 1.7947
      vertex 0.16591 64.1659 23.1979
      vertex 0.16591 64.1659 1.8021
    endloop
  endfacet
  facet normal -0.706893 0.707321 0
    outer loop
      vertex 0.146098 64.1461 1.7947
      vertex 0.146098 64.1461 23.2053
      vertex 0.16591 64.1659 23.1979
    endloop
  endfacet
  facet normal -0.706927 0.707287 0
    outer loop
      vertex 0.0634559 64.0635 1.76384
      vertex 0.146098 64.1461 23.2053
      vertex 0.146098 64.1461 1.7947
    endloop
  endfacet
  facet normal -0.706927 0.707287 0
    outer loop
      vertex 0.0634559 64.0635 1.76384
      vertex 0.0634559 64.0635 23.2362
      vertex 0.146098 64.1461 23.2053
    endloop
  endfacet
  facet normal -0.707352 0.706861 0
    outer loop
      vertex 0 64 1.72562
      vertex 0.0634559 64.0635 23.2362
      vertex 0.0634559 64.0635 1.76384
    endloop
  endfacet
  facet normal -0.707352 0.706861 0
    outer loop
      vertex 0.0634559 64.0635 23.2362
      vertex 0 64 1.72562
      vertex 0 64 23.2744
    endloop
  endfacet
  facet normal 0 0 -1
    outer loop
      vertex 39.3572 9.63867 0
      vertex 56.6428 9.63867 0
      vertex 39.3947 9.55219 0
    endloop
  endfacet
  facet normal 0 0 -1
    outer loop
      vertex 56.9065 10.0268 0
      vertex 39.497 28.9058 0
      vertex 39.5 29 0
    endloop
  endfacet
  facet normal 0 0 -1
    outer loop
      vertex 56.6428 9.63867 0
      vertex 39.3572 9.63867 0
      vertex 56.6855 9.72263 0
    endloop
  endfacet
  facet normal 0 0 -1
    outer loop
      vertex 56.9065 10.0268 0
      vertex 39.4882 28.812 0
      vertex 39.497 28.9058 0
    endloop
  endfacet
  facet normal 0 0 -1
    outer loop
      vertex 39.3145 9.72263 0
      vertex 56.6855 9.72263 0
      vertex 39.3572 9.63867 0
    endloop
  endfacet
  facet normal 0 0 -1
    outer loop
      vertex 56.9065 10.0268 0
      vertex 39.4734 28.7189 0
      vertex 39.4882 28.812 0
    endloop
  endfacet
  facet normal 0 0 -1
    outer loop
      vertex 56.6855 9.72263 0
      vertex 39.3145 9.72263 0
      vertex 56.7335 9.80374 0
    endloop
  endfacet
  facet normal 0 0 -1
    outer loop
      vertex 56.9065 10.0268 0
      vertex 39.4529 28.627 0
      vertex 39.4734 28.7189 0
    endloop
  endfacet
  facet normal 0 0 -1
    outer loop
      vertex 39.2665 9.80374 0
      vertex 56.7335 9.80374 0
      vertex 39.3145 9.72263 0
    endloop
  endfacet
  facet normal 0 0 -1
    outer loop
      vertex 56.9065 10.0268 0
      vertex 39.4266 28.5365 0
      vertex 39.4529 28.627 0
    endloop
  endfacet
  facet normal 0 0 -1
    outer loop
      vertex 56.7335 9.80374 0
      vertex 39.2665 9.80374 0
      vertex 56.7865 9.88168 0
    endloop
  endfacet
  facet normal 0 0 -1
    outer loop
      vertex 56.9065 10.0268 0
      vertex 39.3947 28.4478 0
      vertex 39.4266 28.5365 0
    endloop
  endfacet
  facet normal 0 0 -1
    outer loop
      vertex 39.2135 9.88168 0
      vertex 56.7865 9.88168 0
      vertex 39.2665 9.80374 0
    endloop
  endfacet
  facet normal 0 0 -1
    outer loop
      vertex 56.9065 10.0268 0
      vertex 39.3572 28.3613 0
      vertex 39.3947 28.4478 0
    endloop
  endfacet
  facet normal 0 0 -1
    outer loop
      vertex 56.7865 9.88168 0
      vertex 39.2135 9.88168 0
      vertex 56.8442 9.95614 0
    endloop
  endfacet
  facet normal 0 0 -1
    outer loop
      vertex 56.9065 10.0268 0
      vertex 39.3145 28.2774 0
      vertex 39.3572 28.3613 0
    endloop
  endfacet
  facet normal 0 0 -1
    outer loop
      vertex 39.1558 9.95614 0
      vertex 56.8442 9.95614 0
      vertex 39.2135 9.88168 0
    endloop
  endfacet
  facet normal 0 0 -1
    outer loop
      vertex 56.9065 10.0268 0
      vertex 39.2665 28.1963 0
      vertex 39.3145 28.2774 0
    endloop
  endfacet
  facet normal 0 0 -1
    outer loop
      vertex 56.8442 9.95614 0
      vertex 39.1558 9.95614 0
      vertex 56.9065 10.0268 0
    endloop
  endfacet
  facet normal 0 0 -1
    outer loop
      vertex 56.9065 10.0268 0
      vertex 39.2135 28.1183 0
      vertex 39.2665 28.1963 0
    endloop
  endfacet
  facet normal 0 0 -1
    outer loop
      vertex 39.0935 10.0268 0
      vertex 56.9065 10.0268 0
      vertex 39.1558 9.95614 0
    endloop
  endfacet
  facet normal 0 0 -1
    outer loop
      vertex 56.9065 10.0268 0
      vertex 39.1558 28.0439 0
      vertex 39.2135 28.1183 0
    endloop
  endfacet
  facet normal 0 0 -1
    outer loop
      vertex 39.0935 27.9732 0
      vertex 56.9065 10.0268 0
      vertex 39.0935 10.0268 0
    endloop
  endfacet
  facet normal 0 0 -1
    outer loop
      vertex 56.9065 10.0268 0
      vertex 39.0935 27.9732 0
      vertex 39.1558 28.0439 0
    endloop
  endfacet
  facet normal 0 0 -1
    outer loop
      vertex 39.0268 10.0935 0
      vertex 39.0935 27.9732 0
      vertex 39.0935 10.0268 0
    endloop
  endfacet
  facet normal 0 0 -1
    outer loop
      vertex 39.0268 10.0935 0
      vertex 39.0268 27.9065 0
      vertex 39.0935 27.9732 0
    endloop
  endfacet
  facet normal 0 0 -1
    outer loop
      vertex 38.9561 10.1558 0
      vertex 39.0268 27.9065 0
      vertex 39.0268 10.0935 0
    endloop
  endfacet
  facet normal 0 0 -1
    outer loop
      vertex 38.9561 10.1558 0
      vertex 38.9561 27.8442 0
      vertex 39.0268 27.9065 0
    endloop
  endfacet
  facet normal 0 0 -1
    outer loop
      vertex 38.8817 10.2135 0
      vertex 38.9561 27.8442 0
      vertex 38.9561 10.1558 0
    endloop
  endfacet
  facet normal 0 0 -1
    outer loop
      vertex 38.8817 10.2135 0
      vertex 38.8817 27.7865 0
      vertex 38.9561 27.8442 0
    endloop
  endfacet
  facet normal 0 0 -1
    outer loop
      vertex 38.8037 10.2665 0
      vertex 38.8817 27.7865 0
      vertex 38.8817 10.2135 0
    endloop
  endfacet
  facet normal 0 0 -1
    outer loop
      vertex 38.8037 10.2665 0
      vertex 38.8037 27.7335 0
      vertex 38.8817 27.7865 0
    endloop
  endfacet
  facet normal 0 0 -1
    outer loop
      vertex 38.7226 10.3145 0
      vertex 38.8037 27.7335 0
      vertex 38.8037 10.2665 0
    endloop
  endfacet
  facet normal 0 0 -1
    outer loop
      vertex 38.7226 10.3145 0
      vertex 38.7226 27.6855 0
      vertex 38.8037 27.7335 0
    endloop
  endfacet
  facet normal 0 0 -1
    outer loop
      vertex 38.6387 10.3572 0
      vertex 38.7226 27.6855 0
      vertex 38.7226 10.3145 0
    endloop
  endfacet
  facet normal 0 0 -1
    outer loop
      vertex 38.6387 10.3572 0
      vertex 38.6387 27.6428 0
      vertex 38.7226 27.6855 0
    endloop
  endfacet
  facet normal 0 0 -1
    outer loop
      vertex 38.5522 10.3947 0
      vertex 38.6387 27.6428 0
      vertex 38.6387 10.3572 0
    endloop
  endfacet
  facet normal 0 0 -1
    outer loop
      vertex 38.5522 10.3947 0
      vertex 38.5522 27.6053 0
      vertex 38.6387 27.6428 0
    endloop
  endfacet
  facet normal 0 0 -1
    outer loop
      vertex 38.4635 10.4266 0
      vertex 38.5522 27.6053 0
      vertex 38.5522 10.3947 0
    endloop
  endfacet
  facet normal 0 0 -1
    outer loop
      vertex 38.4635 10.4266 0
      vertex 38.4635 27.5734 0
      vertex 38.5522 27.6053 0
    endloop
  endfacet
  facet normal 0 0 -1
    outer loop
      vertex 38.373 10.4529 0
      vertex 38.4635 27.5734 0
      vertex 38.4635 10.4266 0
    endloop
  endfacet
  facet normal 0 0 -1
    outer loop
      vertex 38.373 10.4529 0
      vertex 38.373 27.5471 0
      vertex 38.4635 27.5734 0
    endloop
  endfacet
  facet normal 0 0 -1
    outer loop
      vertex 38.2811 10.4734 0
      vertex 38.373 27.5471 0
      vertex 38.373 10.4529 0
    endloop
  endfacet
  facet normal 0 0 -1
    outer loop
      vertex 38.2811 10.4734 0
      vertex 38.2811 27.5266 0
      vertex 38.373 27.5471 0
    endloop
  endfacet
  facet normal 0 0 -1
    outer loop
      vertex 38.188 10.4882 0
      vertex 38.2811 27.5266 0
      vertex 38.2811 10.4734 0
    endloop
  endfacet
  facet normal 0 0 -1
    outer loop
      vertex 38.188 10.4882 0
      vertex 38.188 27.5118 0
      vertex 38.2811 27.5266 0
    endloop
  endfacet
  facet normal 0 0 -1
    outer loop
      vertex 38.0942 10.497 0
      vertex 38.188 27.5118 0
      vertex 38.188 10.4882 0
    endloop
  endfacet
  facet normal 0 0 -1
    outer loop
      vertex 38.0942 10.497 0
      vertex 38.0942 27.503 0
      vertex 38.188 27.5118 0
    endloop
  endfacet
  facet normal 0 0 -1
    outer loop
      vertex 38 10.5 0
      vertex 38.0942 27.503 0
      vertex 38.0942 10.497 0
    endloop
  endfacet
  facet normal 0 0 -1
    outer loop
      vertex 38 10.5 0
      vertex 38 27.5 0
      vertex 38.0942 27.503 0
    endloop
  endfacet
  facet normal 0 0 -1
    outer loop
      vertex 37.9058 10.497 0
      vertex 38 27.5 0
      vertex 38 10.5 0
    endloop
  endfacet
  facet normal 0 0 -1
    outer loop
      vertex 37.9058 10.497 0
      vertex 37.9058 27.503 0
      vertex 38 27.5 0
    endloop
  endfacet
  facet normal 0 0 -1
    outer loop
      vertex 37.812 10.4882 0
      vertex 37.9058 27.503 0
      vertex 37.9058 10.497 0
    endloop
  endfacet
  facet normal 0 0 -1
    outer loop
      vertex 37.812 10.4882 0
      vertex 37.812 27.5118 0
      vertex 37.9058 27.503 0
    endloop
  endfacet
  facet normal 0 0 -1
    outer loop
      vertex 37.7189 10.4734 0
      vertex 37.812 27.5118 0
      vertex 37.812 10.4882 0
    endloop
  endfacet
  facet normal 0 0 -1
    outer loop
      vertex 37.7189 10.4734 0
      vertex 37.7189 27.5266 0
      vertex 37.812 27.5118 0
    endloop
  endfacet
  facet normal 0 0 -1
    outer loop
      vertex 37.627 10.4529 0
      vertex 37.7189 27.5266 0
      vertex 37.7189 10.4734 0
    endloop
  endfacet
  facet normal 0 0 -1
    outer loop
      vertex 37.627 10.4529 0
      vertex 37.627 27.5471 0
      vertex 37.7189 27.5266 0
    endloop
  endfacet
  facet normal 0 0 -1
    outer loop
      vertex 37.5365 10.4266 0
      vertex 37.627 27.5471 0
      vertex 37.627 10.4529 0
    endloop
  endfacet
  facet normal 0 0 -1
    outer loop
      vertex 37.5365 10.4266 0
      vertex 37.5365 27.5734 0
      vertex 37.627 27.5471 0
    endloop
  endfacet
  facet normal 0 0 -1
    outer loop
      vertex 37.4478 10.3947 0
      vertex 37.5365 27.5734 0
      vertex 37.5365 10.4266 0
    endloop
  endfacet
  facet normal 0 0 -1
    outer loop
      vertex 37.4478 10.3947 0
      vertex 37.4478 27.6053 0
      vertex 37.5365 27.5734 0
    endloop
  endfacet
  facet normal 0 0 -1
    outer loop
      vertex 31.5 10 0
      vertex 37.4478 10.3947 0
      vertex 37.3613 10.3572 0
    endloop
  endfacet
  facet normal -0 0 -1
    outer loop
      vertex 37.4478 10.3947 0
      vertex 31.5 10 0
      vertex 37.4478 27.6053 0
    endloop
  endfacet
  facet normal 0 0 -1
    outer loop
      vertex 31.5 10 0
      vertex 37.3613 10.3572 0
      vertex 37.2774 10.3145 0
    endloop
  endfacet
  facet normal -0 0 -1
    outer loop
      vertex 37.4478 27.6053 0
      vertex 31.5 10 0
      vertex 37.3613 27.6428 0
    endloop
  endfacet
  facet normal 0 0 -1
    outer loop
      vertex 31.5 10 0
      vertex 37.2774 10.3145 0
      vertex 37.1963 10.2665 0
    endloop
  endfacet
  facet normal -0 0 -1
    outer loop
      vertex 37.3613 27.6428 0
      vertex 31.5 10 0
      vertex 37.2774 27.6855 0
    endloop
  endfacet
  facet normal 0 0 -1
    outer loop
      vertex 31.5 10 0
      vertex 37.1963 10.2665 0
      vertex 37.1183 10.2135 0
    endloop
  endfacet
  facet normal -0 0 -1
    outer loop
      vertex 37.2774 27.6855 0
      vertex 31.5 10 0
      vertex 37.1963 27.7335 0
    endloop
  endfacet
  facet normal 0 0 -1
    outer loop
      vertex 31.5 10 0
      vertex 37.1183 10.2135 0
      vertex 37.0439 10.1558 0
    endloop
  endfacet
  facet normal -0 0 -1
    outer loop
      vertex 37.1963 27.7335 0
      vertex 31.5 10 0
      vertex 37.1183 27.7865 0
    endloop
  endfacet
  facet normal 0 0 -1
    outer loop
      vertex 31.5 10 0
      vertex 37.0439 10.1558 0
      vertex 36.9732 10.0935 0
    endloop
  endfacet
  facet normal -0 0 -1
    outer loop
      vertex 37.1183 27.7865 0
      vertex 31.5 10 0
      vertex 37.0439 27.8442 0
    endloop
  endfacet
  facet normal 0 0 -1
    outer loop
      vertex 31.5 10 0
      vertex 36.9732 10.0935 0
      vertex 36.9065 10.0268 0
    endloop
  endfacet
  facet normal -0 0 -1
    outer loop
      vertex 37.0439 27.8442 0
      vertex 31.5 10 0
      vertex 36.9732 27.9065 0
    endloop
  endfacet
  facet normal 0 0 -1
    outer loop
      vertex 31.5 10 0
      vertex 36.9065 10.0268 0
      vertex 36.8442 9.95614 0
    endloop
  endfacet
  facet normal -0 0 -1
    outer loop
      vertex 36.9732 27.9065 0
      vertex 31.5 10 0
      vertex 36.9065 27.9732 0
    endloop
  endfacet
  facet normal 0 0 -1
    outer loop
      vertex 31.5 10 0
      vertex 36.8442 9.95614 0
      vertex 36.7865 9.88168 0
    endloop
  endfacet
  facet normal -0 0 -1
    outer loop
      vertex 36.9065 27.9732 0
      vertex 31.5 10 0
      vertex 36.8442 28.0439 0
    endloop
  endfacet
  facet normal 0 0 -1
    outer loop
      vertex 31.5 10 0
      vertex 36.7865 9.88168 0
      vertex 36.7335 9.80374 0
    endloop
  endfacet
  facet normal -0 0 -1
    outer loop
      vertex 36.8442 28.0439 0
      vertex 31.5 10 0
      vertex 36.7865 28.1183 0
    endloop
  endfacet
  facet normal 0 0 -1
    outer loop
      vertex 31.5 10 0
      vertex 36.7335 9.80374 0
      vertex 36.6855 9.72263 0
    endloop
  endfacet
  facet normal -0 0 -1
    outer loop
      vertex 36.7865 28.1183 0
      vertex 31.5 10 0
      vertex 36.7335 28.1963 0
    endloop
  endfacet
  facet normal 0 0 -1
    outer loop
      vertex 31.5 10 0
      vertex 36.6855 9.72263 0
      vertex 36.6428 9.63867 0
    endloop
  endfacet
  facet normal 0 0 -1
    outer loop
      vertex 31.5 33 0
      vertex 36.7335 28.1963 0
      vertex 31.5 10 0
    endloop
  endfacet
  facet normal 0 0 -1
    outer loop
      vertex 31.5 10 0
      vertex 36.6428 9.63867 0
      vertex 36.6053 9.55219 0
    endloop
  endfacet
  facet normal 0 0 -1
    outer loop
      vertex 36.7335 28.1963 0
      vertex 31.5 33 0
      vertex 36.6855 28.2774 0
    endloop
  endfacet
  facet normal 0 0 -1
    outer loop
      vertex 31.5 10 0
      vertex 36.6053 9.55219 0
      vertex 36.5734 9.46352 0
    endloop
  endfacet
  facet normal 0 0 -1
    outer loop
      vertex 36.6855 28.2774 0
      vertex 31.5 33 0
      vertex 36.6428 28.3613 0
    endloop
  endfacet
  facet normal 0 0 -1
    outer loop
      vertex 31.5 10 0
      vertex 36.5734 9.46352 0
      vertex 36.5471 9.37303 0
    endloop
  endfacet
  facet normal 0 0 -1
    outer loop
      vertex 36.6428 28.3613 0
      vertex 31.5 33 0
      vertex 36.6053 28.4478 0
    endloop
  endfacet
  facet normal 0 0 -1
    outer loop
      vertex 31.5 10 0
      vertex 36.5471 9.37303 0
      vertex 36.5266 9.28107 0
    endloop
  endfacet
  facet normal 0 0 -1
    outer loop
      vertex 36.6053 28.4478 0
      vertex 31.5 33 0
      vertex 36.5734 28.5365 0
    endloop
  endfacet
  facet normal 0 0 -1
    outer loop
      vertex 31.5 10 0
      vertex 36.5266 9.28107 0
      vertex 36.5118 9.188 0
    endloop
  endfacet
  facet normal 0 0 -1
    outer loop
      vertex 36.5734 28.5365 0
      vertex 31.5 33 0
      vertex 36.5471 28.627 0
    endloop
  endfacet
  facet normal 0 0 -1
    outer loop
      vertex 31.5 9 0
      vertex 36.5118 9.188 0
      vertex 36.503 9.09418 0
    endloop
  endfacet
  facet normal 0 0 -1
    outer loop
      vertex 36.5471 28.627 0
      vertex 31.5 33 0
      vertex 36.5266 28.7189 0
    endloop
  endfacet
  facet normal 0 0 -1
    outer loop
      vertex 31.5 9 0
      vertex 36.503 9.09418 0
      vertex 36.5 9 0
    endloop
  endfacet
  facet normal 0 0 -1
    outer loop
      vertex 36.5266 28.7189 0
      vertex 31.5 33 0
      vertex 36.5118 28.812 0
    endloop
  endfacet
  facet normal 0 0 -1
    outer loop
      vertex 64.5 9 0
      vertex 59.4882 9.188 0
      vertex 64.5 10 0
    endloop
  endfacet
  facet normal 0 0 -1
    outer loop
      vertex 64.5 10 0
      vertex 59.497 28.9058 0
      vertex 59.5 29 0
    endloop
  endfacet
  facet normal 0 0 -1
    outer loop
      vertex 59.4734 9.28107 0
      vertex 64.5 10 0
      vertex 59.4882 9.188 0
    endloop
  endfacet
  facet normal 0 0 -1
    outer loop
      vertex 64.5 10 0
      vertex 59.4882 28.812 0
      vertex 59.497 28.9058 0
    endloop
  endfacet
  facet normal 0 0 -1
    outer loop
      vertex 59.4529 9.37303 0
      vertex 64.5 10 0
      vertex 59.4734 9.28107 0
    endloop
  endfacet
  facet normal 0 0 -1
    outer loop
      vertex 64.5 10 0
      vertex 59.4734 28.7189 0
      vertex 59.4882 28.812 0
    endloop
  endfacet
  facet normal 0 0 -1
    outer loop
      vertex 59.4266 9.46352 0
      vertex 64.5 10 0
      vertex 59.4529 9.37303 0
    endloop
  endfacet
  facet normal 0 0 -1
    outer loop
      vertex 64.5 10 0
      vertex 59.4529 28.627 0
      vertex 59.4734 28.7189 0
    endloop
  endfacet
  facet normal 0 0 -1
    outer loop
      vertex 59.3947 9.55219 0
      vertex 64.5 10 0
      vertex 59.4266 9.46352 0
    endloop
  endfacet
  facet normal 0 0 -1
    outer loop
      vertex 64.5 10 0
      vertex 59.4266 28.5365 0
      vertex 59.4529 28.627 0
    endloop
  endfacet
  facet normal 0 0 -1
    outer loop
      vertex 59.3572 9.63867 0
      vertex 64.5 10 0
      vertex 59.3947 9.55219 0
    endloop
  endfacet
  facet normal 0 0 -1
    outer loop
      vertex 64.5 10 0
      vertex 59.3947 28.4478 0
      vertex 59.4266 28.5365 0
    endloop
  endfacet
  facet normal 0 0 -1
    outer loop
      vertex 59.3145 9.72263 0
      vertex 64.5 10 0
      vertex 59.3572 9.63867 0
    endloop
  endfacet
  facet normal 0 0 -1
    outer loop
      vertex 64.5 10 0
      vertex 59.3572 28.3613 0
      vertex 59.3947 28.4478 0
    endloop
  endfacet
  facet normal 0 0 -1
    outer loop
      vertex 59.2665 9.80374 0
      vertex 64.5 10 0
      vertex 59.3145 9.72263 0
    endloop
  endfacet
  facet normal 0 0 -1
    outer loop
      vertex 64.5 10 0
      vertex 59.3145 28.2774 0
      vertex 59.3572 28.3613 0
    endloop
  endfacet
  facet normal 0 0 -1
    outer loop
      vertex 59.2135 9.88168 0
      vertex 64.5 10 0
      vertex 59.2665 9.80374 0
    endloop
  endfacet
  facet normal 0 0 -1
    outer loop
      vertex 64.5 10 0
      vertex 59.2665 28.1963 0
      vertex 59.3145 28.2774 0
    endloop
  endfacet
  facet normal 0 0 -1
    outer loop
      vertex 59.1558 9.95614 0
      vertex 64.5 10 0
      vertex 59.2135 9.88168 0
    endloop
  endfacet
  facet normal 0 0 -1
    outer loop
      vertex 64.5 10 0
      vertex 59.2135 28.1183 0
      vertex 59.2665 28.1963 0
    endloop
  endfacet
  facet normal 0 0 -1
    outer loop
      vertex 59.0935 10.0268 0
      vertex 64.5 10 0
      vertex 59.1558 9.95614 0
    endloop
  endfacet
  facet normal 0 0 -1
    outer loop
      vertex 64.5 10 0
      vertex 59.1558 28.0439 0
      vertex 59.2135 28.1183 0
    endloop
  endfacet
  facet normal 0 0 -1
    outer loop
      vertex 59.0268 10.0935 0
      vertex 64.5 10 0
      vertex 59.0935 10.0268 0
    endloop
  endfacet
  facet normal 0 0 -1
    outer loop
      vertex 64.5 10 0
      vertex 59.0935 27.9732 0
      vertex 59.1558 28.0439 0
    endloop
  endfacet
  facet normal 0 0 -1
    outer loop
      vertex 58.9561 10.1558 0
      vertex 64.5 10 0
      vertex 59.0268 10.0935 0
    endloop
  endfacet
  facet normal 0 0 -1
    outer loop
      vertex 64.5 10 0
      vertex 59.0268 27.9065 0
      vertex 59.0935 27.9732 0
    endloop
  endfacet
  facet normal 0 0 -1
    outer loop
      vertex 58.8817 10.2135 0
      vertex 64.5 10 0
      vertex 58.9561 10.1558 0
    endloop
  endfacet
  facet normal 0 0 -1
    outer loop
      vertex 64.5 10 0
      vertex 58.9561 27.8442 0
      vertex 59.0268 27.9065 0
    endloop
  endfacet
  facet normal 0 0 -1
    outer loop
      vertex 58.8037 10.2665 0
      vertex 64.5 10 0
      vertex 58.8817 10.2135 0
    endloop
  endfacet
  facet normal 0 0 -1
    outer loop
      vertex 64.5 10 0
      vertex 58.8817 27.7865 0
      vertex 58.9561 27.8442 0
    endloop
  endfacet
  facet normal 0 0 -1
    outer loop
      vertex 58.7226 10.3145 0
      vertex 64.5 10 0
      vertex 58.8037 10.2665 0
    endloop
  endfacet
  facet normal 0 0 -1
    outer loop
      vertex 64.5 10 0
      vertex 58.8037 27.7335 0
      vertex 58.8817 27.7865 0
    endloop
  endfacet
  facet normal 0 0 -1
    outer loop
      vertex 58.6387 10.3572 0
      vertex 64.5 10 0
      vertex 58.7226 10.3145 0
    endloop
  endfacet
  facet normal 0 0 -1
    outer loop
      vertex 64.5 10 0
      vertex 58.7226 27.6855 0
      vertex 58.8037 27.7335 0
    endloop
  endfacet
  facet normal 0 0 -1
    outer loop
      vertex 58.5522 10.3947 0
      vertex 64.5 10 0
      vertex 58.6387 10.3572 0
    endloop
  endfacet
  facet normal 0 0 -1
    outer loop
      vertex 64.5 10 0
      vertex 58.6387 27.6428 0
      vertex 58.7226 27.6855 0
    endloop
  endfacet
  facet normal 0 0 -1
    outer loop
      vertex 58.5522 27.6053 0
      vertex 64.5 10 0
      vertex 58.5522 10.3947 0
    endloop
  endfacet
  facet normal 0 0 -1
    outer loop
      vertex 64.5 10 0
      vertex 58.5522 27.6053 0
      vertex 58.6387 27.6428 0
    endloop
  endfacet
  facet normal 0 0 -1
    outer loop
      vertex 58.4635 10.4266 0
      vertex 58.5522 27.6053 0
      vertex 58.5522 10.3947 0
    endloop
  endfacet
  facet normal 0 0 -1
    outer loop
      vertex 58.4635 10.4266 0
      vertex 58.4635 27.5734 0
      vertex 58.5522 27.6053 0
    endloop
  endfacet
  facet normal 0 0 -1
    outer loop
      vertex 58.373 10.4529 0
      vertex 58.4635 27.5734 0
      vertex 58.4635 10.4266 0
    endloop
  endfacet
  facet normal 0 0 -1
    outer loop
      vertex 58.373 10.4529 0
      vertex 58.373 27.5471 0
      vertex 58.4635 27.5734 0
    endloop
  endfacet
  facet normal 0 0 -1
    outer loop
      vertex 58.2811 10.4734 0
      vertex 58.373 27.5471 0
      vertex 58.373 10.4529 0
    endloop
  endfacet
  facet normal 0 0 -1
    outer loop
      vertex 58.2811 10.4734 0
      vertex 58.2811 27.5266 0
      vertex 58.373 27.5471 0
    endloop
  endfacet
  facet normal 0 0 -1
    outer loop
      vertex 58.188 10.4882 0
      vertex 58.2811 27.5266 0
      vertex 58.2811 10.4734 0
    endloop
  endfacet
  facet normal 0 0 -1
    outer loop
      vertex 58.188 10.4882 0
      vertex 58.188 27.5118 0
      vertex 58.2811 27.5266 0
    endloop
  endfacet
  facet normal 0 0 -1
    outer loop
      vertex 58.0942 10.497 0
      vertex 58.188 27.5118 0
      vertex 58.188 10.4882 0
    endloop
  endfacet
  facet normal 0 0 -1
    outer loop
      vertex 58.0942 10.497 0
      vertex 58.0942 27.503 0
      vertex 58.188 27.5118 0
    endloop
  endfacet
  facet normal 0 0 -1
    outer loop
      vertex 58 10.5 0
      vertex 58.0942 27.503 0
      vertex 58.0942 10.497 0
    endloop
  endfacet
  facet normal 0 0 -1
    outer loop
      vertex 58 10.5 0
      vertex 58 27.5 0
      vertex 58.0942 27.503 0
    endloop
  endfacet
  facet normal 0 0 -1
    outer loop
      vertex 57.9058 10.497 0
      vertex 58 27.5 0
      vertex 58 10.5 0
    endloop
  endfacet
  facet normal 0 0 -1
    outer loop
      vertex 57.9058 10.497 0
      vertex 57.9058 27.503 0
      vertex 58 27.5 0
    endloop
  endfacet
  facet normal 0 0 -1
    outer loop
      vertex 57.812 10.4882 0
      vertex 57.9058 27.503 0
      vertex 57.9058 10.497 0
    endloop
  endfacet
  facet normal 0 0 -1
    outer loop
      vertex 57.812 10.4882 0
      vertex 57.812 27.5118 0
      vertex 57.9058 27.503 0
    endloop
  endfacet
  facet normal 0 0 -1
    outer loop
      vertex 57.7189 10.4734 0
      vertex 57.812 27.5118 0
      vertex 57.812 10.4882 0
    endloop
  endfacet
  facet normal 0 0 -1
    outer loop
      vertex 57.7189 10.4734 0
      vertex 57.7189 27.5266 0
      vertex 57.812 27.5118 0
    endloop
  endfacet
  facet normal 0 0 -1
    outer loop
      vertex 57.627 10.4529 0
      vertex 57.7189 27.5266 0
      vertex 57.7189 10.4734 0
    endloop
  endfacet
  facet normal 0 0 -1
    outer loop
      vertex 57.627 10.4529 0
      vertex 57.627 27.5471 0
      vertex 57.7189 27.5266 0
    endloop
  endfacet
  facet normal 0 0 -1
    outer loop
      vertex 57.5365 10.4266 0
      vertex 57.627 27.5471 0
      vertex 57.627 10.4529 0
    endloop
  endfacet
  facet normal 0 0 -1
    outer loop
      vertex 57.5365 10.4266 0
      vertex 57.5365 27.5734 0
      vertex 57.627 27.5471 0
    endloop
  endfacet
  facet normal 0 0 -1
    outer loop
      vertex 57.4478 10.3947 0
      vertex 57.5365 27.5734 0
      vertex 57.5365 10.4266 0
    endloop
  endfacet
  facet normal 0 0 -1
    outer loop
      vertex 57.4478 10.3947 0
      vertex 57.4478 27.6053 0
      vertex 57.5365 27.5734 0
    endloop
  endfacet
  facet normal 0 0 -1
    outer loop
      vertex 57.3613 10.3572 0
      vertex 57.4478 27.6053 0
      vertex 57.4478 10.3947 0
    endloop
  endfacet
  facet normal 0 0 -1
    outer loop
      vertex 57.3613 10.3572 0
      vertex 57.3613 27.6428 0
      vertex 57.4478 27.6053 0
    endloop
  endfacet
  facet normal 0 0 -1
    outer loop
      vertex 57.2774 10.3145 0
      vertex 57.3613 27.6428 0
      vertex 57.3613 10.3572 0
    endloop
  endfacet
  facet normal 0 0 -1
    outer loop
      vertex 57.2774 10.3145 0
      vertex 57.2774 27.6855 0
      vertex 57.3613 27.6428 0
    endloop
  endfacet
  facet normal 0 0 -1
    outer loop
      vertex 57.1963 10.2665 0
      vertex 57.2774 27.6855 0
      vertex 57.2774 10.3145 0
    endloop
  endfacet
  facet normal 0 0 -1
    outer loop
      vertex 57.1963 10.2665 0
      vertex 57.1963 27.7335 0
      vertex 57.2774 27.6855 0
    endloop
  endfacet
  facet normal 0 0 -1
    outer loop
      vertex 57.1183 10.2135 0
      vertex 57.1963 27.7335 0
      vertex 57.1963 10.2665 0
    endloop
  endfacet
  facet normal 0 0 -1
    outer loop
      vertex 57.1183 10.2135 0
      vertex 57.1183 27.7865 0
      vertex 57.1963 27.7335 0
    endloop
  endfacet
  facet normal 0 0 -1
    outer loop
      vertex 57.0439 10.1558 0
      vertex 57.1183 27.7865 0
      vertex 57.1183 10.2135 0
    endloop
  endfacet
  facet normal 0 0 -1
    outer loop
      vertex 57.0439 10.1558 0
      vertex 57.0439 27.8442 0
      vertex 57.1183 27.7865 0
    endloop
  endfacet
  facet normal 0 0 -1
    outer loop
      vertex 56.9732 10.0935 0
      vertex 57.0439 27.8442 0
      vertex 57.0439 10.1558 0
    endloop
  endfacet
  facet normal 0 0 -1
    outer loop
      vertex 56.9732 10.0935 0
      vertex 56.9732 27.9065 0
      vertex 57.0439 27.8442 0
    endloop
  endfacet
  facet normal 0 0 -1
    outer loop
      vertex 56.9065 10.0268 0
      vertex 56.9732 27.9065 0
      vertex 56.9732 10.0935 0
    endloop
  endfacet
  facet normal 0 0 -1
    outer loop
      vertex 56.9065 10.0268 0
      vertex 56.9065 27.9732 0
      vertex 56.9732 27.9065 0
    endloop
  endfacet
  facet normal 0 0 -1
    outer loop
      vertex 39.3947 9.55219 0
      vertex 56.6053 9.55219 0
      vertex 39.4266 9.46352 0
    endloop
  endfacet
  facet normal 0 0 -1
    outer loop
      vertex 56.9065 10.0268 0
      vertex 39.5 29 0
      vertex 56.9065 27.9732 0
    endloop
  endfacet
  facet normal 0 0 -1
    outer loop
      vertex 56.5734 9.46352 0
      vertex 39.4266 9.46352 0
      vertex 56.6053 9.55219 0
    endloop
  endfacet
  facet normal 0 0 -1
    outer loop
      vertex 56.9065 27.9732 0
      vertex 39.5 29 0
      vertex 56.8442 28.0439 0
    endloop
  endfacet
  facet normal 0 0 -1
    outer loop
      vertex 39.4266 9.46352 0
      vertex 56.5734 9.46352 0
      vertex 39.4529 9.37303 0
    endloop
  endfacet
  facet normal 0 0 -1
    outer loop
      vertex 56.8442 28.0439 0
      vertex 39.5 29 0
      vertex 56.7865 28.1183 0
    endloop
  endfacet
  facet normal 0 0 -1
    outer loop
      vertex 56.5471 9.37303 0
      vertex 39.4529 9.37303 0
      vertex 56.5734 9.46352 0
    endloop
  endfacet
  facet normal 0 0 -1
    outer loop
      vertex 56.7865 28.1183 0
      vertex 39.5 29 0
      vertex 56.7335 28.1963 0
    endloop
  endfacet
  facet normal 0 0 -1
    outer loop
      vertex 39.4529 9.37303 0
      vertex 56.5471 9.37303 0
      vertex 39.4734 9.28107 0
    endloop
  endfacet
  facet normal 0 0 -1
    outer loop
      vertex 56.7335 28.1963 0
      vertex 39.5 29 0
      vertex 56.6855 28.2774 0
    endloop
  endfacet
  facet normal 0 0 -1
    outer loop
      vertex 56.5266 9.28107 0
      vertex 39.4734 9.28107 0
      vertex 56.5471 9.37303 0
    endloop
  endfacet
  facet normal 0 0 -1
    outer loop
      vertex 56.6855 28.2774 0
      vertex 39.5 29 0
      vertex 56.6428 28.3613 0
    endloop
  endfacet
  facet normal 0 0 -1
    outer loop
      vertex 39.4734 9.28107 0
      vertex 56.5266 9.28107 0
      vertex 39.4882 9.188 0
    endloop
  endfacet
  facet normal 0 -0 -1
    outer loop
      vertex 51.5 33 0
      vertex 56.6428 28.3613 0
      vertex 39.5 29 0
    endloop
  endfacet
  facet normal 0 0 -1
    outer loop
      vertex 56.5118 9.188 0
      vertex 39.4882 9.188 0
      vertex 56.5266 9.28107 0
    endloop
  endfacet
  facet normal 0 0 -1
    outer loop
      vertex 56.6428 28.3613 0
      vertex 51.5 33 0
      vertex 56.6053 28.4478 0
    endloop
  endfacet
  facet normal 0 0 -1
    outer loop
      vertex 39.4882 9.188 0
      vertex 56.5118 9.188 0
      vertex 39.497 9.09418 0
    endloop
  endfacet
  facet normal 0 0 -1
    outer loop
      vertex 56.6053 28.4478 0
      vertex 51.5 33 0
      vertex 56.5734 28.5365 0
    endloop
  endfacet
  facet normal 0 0 -1
    outer loop
      vertex 56.503 9.09418 0
      vertex 39.497 9.09418 0
      vertex 56.5118 9.188 0
    endloop
  endfacet
  facet normal 0 0 -1
    outer loop
      vertex 56.5734 28.5365 0
      vertex 51.5 33 0
      vertex 56.5471 28.627 0
    endloop
  endfacet
  facet normal 0 0 -1
    outer loop
      vertex 39.497 9.09418 0
      vertex 56.503 9.09418 0
      vertex 39.5 9 0
    endloop
  endfacet
  facet normal 0 0 -1
    outer loop
      vertex 56.5471 28.627 0
      vertex 51.5 33 0
      vertex 56.5266 28.7189 0
    endloop
  endfacet
  facet normal 0 0 -1
    outer loop
      vertex 39.5 9 0
      vertex 56.503 9.09418 0
      vertex 56.5 9 0
    endloop
  endfacet
  facet normal 0 0 -1
    outer loop
      vertex 56.5266 28.7189 0
      vertex 51.5 33 0
      vertex 56.5118 28.812 0
    endloop
  endfacet
  facet normal -0 0 -1
    outer loop
      vertex 64.5 9 0
      vertex 59.497 8.90581 0
      vertex 59.5 9 0
    endloop
  endfacet
  facet normal 0 0 -1
    outer loop
      vertex 64.5 9 0
      vertex 59.4882 8.812 0
      vertex 59.497 8.90581 0
    endloop
  endfacet
  facet normal 0 0 -1
    outer loop
      vertex 64.5 9 0
      vertex 59.4734 8.71893 0
      vertex 59.4882 8.812 0
    endloop
  endfacet
  facet normal 0 0 -1
    outer loop
      vertex 64.5 9 0
      vertex 59.4529 8.62696 0
      vertex 59.4734 8.71893 0
    endloop
  endfacet
  facet normal 0 0 -1
    outer loop
      vertex 64.5 9 0
      vertex 59.4266 8.53647 0
      vertex 59.4529 8.62696 0
    endloop
  endfacet
  facet normal 0 0 -1
    outer loop
      vertex 64.5 9 0
      vertex 59.3947 8.44781 0
      vertex 59.4266 8.53647 0
    endloop
  endfacet
  facet normal 0 0 -1
    outer loop
      vertex 64.5 9 0
      vertex 59.3572 8.36133 0
      vertex 59.3947 8.44781 0
    endloop
  endfacet
  facet normal 0 0 -1
    outer loop
      vertex 64.5 9 0
      vertex 59.3145 8.27737 0
      vertex 59.3572 8.36133 0
    endloop
  endfacet
  facet normal 0 0 -1
    outer loop
      vertex 64.5 9 0
      vertex 59.2665 8.19626 0
      vertex 59.3145 8.27737 0
    endloop
  endfacet
  facet normal 0 0 -1
    outer loop
      vertex 64.5 9 0
      vertex 59.2135 8.11832 0
      vertex 59.2665 8.19626 0
    endloop
  endfacet
  facet normal 0 0 -1
    outer loop
      vertex 64.5 9 0
      vertex 59.1558 8.04386 0
      vertex 59.2135 8.11832 0
    endloop
  endfacet
  facet normal 0 0 -1
    outer loop
      vertex 64.5 9 0
      vertex 59.0935 7.97318 0
      vertex 59.1558 8.04386 0
    endloop
  endfacet
  facet normal 0 0 -1
    outer loop
      vertex 59.5 1 0
      vertex 59.0268 7.90655 0
      vertex 59.0935 7.97318 0
    endloop
  endfacet
  facet normal 0 0 -1
    outer loop
      vertex 59.5 1 0
      vertex 58.9561 7.84423 0
      vertex 59.0268 7.90655 0
    endloop
  endfacet
  facet normal 0 0 -1
    outer loop
      vertex 59.5 1 0
      vertex 58.8817 7.78647 0
      vertex 58.9561 7.84423 0
    endloop
  endfacet
  facet normal 0 0 -1
    outer loop
      vertex 59.5 1 0
      vertex 58.8037 7.73351 0
      vertex 58.8817 7.78647 0
    endloop
  endfacet
  facet normal 0 0 -1
    outer loop
      vertex 59.5 1 0
      vertex 58.7226 7.68554 0
      vertex 58.8037 7.73351 0
    endloop
  endfacet
  facet normal 0 0 -1
    outer loop
      vertex 59.5 1 0
      vertex 58.6387 7.64276 0
      vertex 58.7226 7.68554 0
    endloop
  endfacet
  facet normal 0 0 -1
    outer loop
      vertex 59.5 1 0
      vertex 58.5522 7.60534 0
      vertex 58.6387 7.64276 0
    endloop
  endfacet
  facet normal 0 0 -1
    outer loop
      vertex 59.5 1 0
      vertex 58.4635 7.57341 0
      vertex 58.5522 7.60534 0
    endloop
  endfacet
  facet normal 0 0 -1
    outer loop
      vertex 59.5 1 0
      vertex 58.373 7.54712 0
      vertex 58.4635 7.57341 0
    endloop
  endfacet
  facet normal 0 0 -1
    outer loop
      vertex 59.5 1 0
      vertex 58.2811 7.52657 0
      vertex 58.373 7.54712 0
    endloop
  endfacet
  facet normal 0 0 -1
    outer loop
      vertex 59.5 1 0
      vertex 58.188 7.51183 0
      vertex 58.2811 7.52657 0
    endloop
  endfacet
  facet normal 0 0 -1
    outer loop
      vertex 59.5 1 0
      vertex 58.0942 7.50296 0
      vertex 58.188 7.51183 0
    endloop
  endfacet
  facet normal 0 0 -1
    outer loop
      vertex 59.5 1 0
      vertex 58 7.5 0
      vertex 58.0942 7.50296 0
    endloop
  endfacet
  facet normal 0 0 -1
    outer loop
      vertex 59.5 1 0
      vertex 57.9058 7.50296 0
      vertex 58 7.5 0
    endloop
  endfacet
  facet normal 0 0 -1
    outer loop
      vertex 59.5 1 0
      vertex 57.812 7.51183 0
      vertex 57.9058 7.50296 0
    endloop
  endfacet
  facet normal 0 0 -1
    outer loop
      vertex 59.5 1 0
      vertex 57.7189 7.52657 0
      vertex 57.812 7.51183 0
    endloop
  endfacet
  facet normal 0 0 -1
    outer loop
      vertex 59.5 1 0
      vertex 57.627 7.54712 0
      vertex 57.7189 7.52657 0
    endloop
  endfacet
  facet normal 0 0 -1
    outer loop
      vertex 59.5 1 0
      vertex 57.5365 7.57341 0
      vertex 57.627 7.54712 0
    endloop
  endfacet
  facet normal 0 0 -1
    outer loop
      vertex 59.5 1 0
      vertex 57.4478 7.60534 0
      vertex 57.5365 7.57341 0
    endloop
  endfacet
  facet normal 0 0 -1
    outer loop
      vertex 59.5 1 0
      vertex 57.3613 7.64276 0
      vertex 57.4478 7.60534 0
    endloop
  endfacet
  facet normal 0 0 -1
    outer loop
      vertex 59.5 1 0
      vertex 57.2774 7.68554 0
      vertex 57.3613 7.64276 0
    endloop
  endfacet
  facet normal 0 0 -1
    outer loop
      vertex 59.5 1 0
      vertex 57.1963 7.73351 0
      vertex 57.2774 7.68554 0
    endloop
  endfacet
  facet normal 0 0 -1
    outer loop
      vertex 59.5 1 0
      vertex 57.1183 7.78647 0
      vertex 57.1963 7.73351 0
    endloop
  endfacet
  facet normal 0 0 -1
    outer loop
      vertex 59.5 1 0
      vertex 57.0439 7.84423 0
      vertex 57.1183 7.78647 0
    endloop
  endfacet
  facet normal 0 0 -1
    outer loop
      vertex 59.5 1 0
      vertex 56.9732 7.90655 0
      vertex 57.0439 7.84423 0
    endloop
  endfacet
  facet normal 0 0 -1
    outer loop
      vertex 59.5 1 0
      vertex 56.9065 7.97318 0
      vertex 56.9732 7.90655 0
    endloop
  endfacet
  facet normal 0 0 -1
    outer loop
      vertex 59.5 1 0
      vertex 56.8442 8.04386 0
      vertex 56.9065 7.97318 0
    endloop
  endfacet
  facet normal 0 0 -1
    outer loop
      vertex 39.1558 8.04386 0
      vertex 56.8442 8.04386 0
      vertex 59.5 1 0
    endloop
  endfacet
  facet normal 0 0 -1
    outer loop
      vertex 56.8442 8.04386 0
      vertex 39.1558 8.04386 0
      vertex 56.7865 8.11832 0
    endloop
  endfacet
  facet normal 0 -0 -1
    outer loop
      vertex 39.2135 8.11832 0
      vertex 56.7865 8.11832 0
      vertex 39.1558 8.04386 0
    endloop
  endfacet
  facet normal 0 0 -1
    outer loop
      vertex 56.7865 8.11832 0
      vertex 39.2135 8.11832 0
      vertex 56.7335 8.19626 0
    endloop
  endfacet
  facet normal 0 -0 -1
    outer loop
      vertex 39.2665 8.19626 0
      vertex 56.7335 8.19626 0
      vertex 39.2135 8.11832 0
    endloop
  endfacet
  facet normal 0 0 -1
    outer loop
      vertex 56.5118 28.812 0
      vertex 51.5 33 0
      vertex 56.503 28.9058 0
    endloop
  endfacet
  facet normal 0 0 -1
    outer loop
      vertex 39.5 9 0
      vertex 56.5 9 0
      vertex 56.503 8.90581 0
    endloop
  endfacet
  facet normal 0 0 -1
    outer loop
      vertex 39.497 8.90581 0
      vertex 56.503 8.90581 0
      vertex 56.5118 8.812 0
    endloop
  endfacet
  facet normal 0 0 -1
    outer loop
      vertex 39.4882 8.812 0
      vertex 56.5118 8.812 0
      vertex 56.5266 8.71893 0
    endloop
  endfacet
  facet normal 0 0 -1
    outer loop
      vertex 56.503 28.9058 0
      vertex 52.5 33 0
      vertex 56.5 29 0
    endloop
  endfacet
  facet normal 0 0 -1
    outer loop
      vertex 43.5 34 0
      vertex 51.5 34 0
      vertex 51.5 33 0
    endloop
  endfacet
  facet normal 0 0 -1
    outer loop
      vertex 51.5 34 0
      vertex 43.5 34 0
      vertex 51.5 54 0
    endloop
  endfacet
  facet normal 0 0 -1
    outer loop
      vertex 43.5 34 0
      vertex 51.5 33 0
      vertex 43.5 33 0
    endloop
  endfacet
  facet normal -0 -0 -1
    outer loop
      vertex 52.5 33 0
      vertex 56.503 28.9058 0
      vertex 51.5 33 0
    endloop
  endfacet
  facet normal 0 0 -1
    outer loop
      vertex 39.4734 8.71893 0
      vertex 56.5266 8.71893 0
      vertex 56.5471 8.62696 0
    endloop
  endfacet
  facet normal 0 0 -1
    outer loop
      vertex 39.4529 8.62696 0
      vertex 56.5471 8.62696 0
      vertex 56.5734 8.53647 0
    endloop
  endfacet
  facet normal 0 0 -1
    outer loop
      vertex 39.4266 8.53647 0
      vertex 56.5734 8.53647 0
      vertex 56.6053 8.44781 0
    endloop
  endfacet
  facet normal 0 0 -1
    outer loop
      vertex 56.7335 8.19626 0
      vertex 39.2665 8.19626 0
      vertex 56.6855 8.27737 0
    endloop
  endfacet
  facet normal 0 0 -1
    outer loop
      vertex 56.6053 9.55219 0
      vertex 39.3947 9.55219 0
      vertex 56.6428 9.63867 0
    endloop
  endfacet
  facet normal -0 0 -1
    outer loop
      vertex 51.5 33 0
      vertex 39.5 29 0
      vertex 43.5 33 0
    endloop
  endfacet
  facet normal 0 0 -1
    outer loop
      vertex 56.503 8.90581 0
      vertex 39.497 8.90581 0
      vertex 39.5 9 0
    endloop
  endfacet
  facet normal 0 0 -1
    outer loop
      vertex 56.5118 8.812 0
      vertex 39.4882 8.812 0
      vertex 39.497 8.90581 0
    endloop
  endfacet
  facet normal 0 0 -1
    outer loop
      vertex 56.5266 8.71893 0
      vertex 39.4734 8.71893 0
      vertex 39.4882 8.812 0
    endloop
  endfacet
  facet normal 0 0 -1
    outer loop
      vertex 56.5471 8.62696 0
      vertex 39.4529 8.62696 0
      vertex 39.4734 8.71893 0
    endloop
  endfacet
  facet normal 0 0 -1
    outer loop
      vertex 56.5734 8.53647 0
      vertex 39.4266 8.53647 0
      vertex 39.4529 8.62696 0
    endloop
  endfacet
  facet normal 0 0 -1
    outer loop
      vertex 56.6053 8.44781 0
      vertex 39.3947 8.44781 0
      vertex 39.4266 8.53647 0
    endloop
  endfacet
  facet normal -0 0 -1
    outer loop
      vertex 56.6053 8.44781 0
      vertex 39.3572 8.36133 0
      vertex 39.3947 8.44781 0
    endloop
  endfacet
  facet normal 0 0 -1
    outer loop
      vertex 56.6428 8.36133 0
      vertex 39.3572 8.36133 0
      vertex 56.6053 8.44781 0
    endloop
  endfacet
  facet normal 0 -0 -1
    outer loop
      vertex 39.3572 8.36133 0
      vertex 56.6428 8.36133 0
      vertex 39.3145 8.27737 0
    endloop
  endfacet
  facet normal 0 0 -1
    outer loop
      vertex 56.6855 8.27737 0
      vertex 39.3145 8.27737 0
      vertex 56.6428 8.36133 0
    endloop
  endfacet
  facet normal 0 -0 -1
    outer loop
      vertex 39.3145 8.27737 0
      vertex 56.6855 8.27737 0
      vertex 39.2665 8.19626 0
    endloop
  endfacet
  facet normal 0 0 -1
    outer loop
      vertex 36.5 1 0
      vertex 39.1558 8.04386 0
      vertex 59.5 1 0
    endloop
  endfacet
  facet normal 0 0 -1
    outer loop
      vertex 39.1558 8.04386 0
      vertex 36.5 1 0
      vertex 39.0935 7.97318 0
    endloop
  endfacet
  facet normal 0 0 -1
    outer loop
      vertex 39.0935 7.97318 0
      vertex 36.5 1 0
      vertex 39.0268 7.90655 0
    endloop
  endfacet
  facet normal 0 0 -1
    outer loop
      vertex 39.0268 7.90655 0
      vertex 36.5 1 0
      vertex 38.9561 7.84423 0
    endloop
  endfacet
  facet normal 0 0 -1
    outer loop
      vertex 38.9561 7.84423 0
      vertex 36.5 1 0
      vertex 38.8817 7.78647 0
    endloop
  endfacet
  facet normal 0 0 -1
    outer loop
      vertex 38.8817 7.78647 0
      vertex 36.5 1 0
      vertex 38.8037 7.73351 0
    endloop
  endfacet
  facet normal 0 0 -1
    outer loop
      vertex 38.8037 7.73351 0
      vertex 36.5 1 0
      vertex 38.7226 7.68554 0
    endloop
  endfacet
  facet normal 0 0 -1
    outer loop
      vertex 38.7226 7.68554 0
      vertex 36.5 1 0
      vertex 38.6387 7.64276 0
    endloop
  endfacet
  facet normal 0 0 -1
    outer loop
      vertex 38.6387 7.64276 0
      vertex 36.5 1 0
      vertex 38.5522 7.60534 0
    endloop
  endfacet
  facet normal 0 0 -1
    outer loop
      vertex 38.5522 7.60534 0
      vertex 36.5 1 0
      vertex 38.4635 7.57341 0
    endloop
  endfacet
  facet normal 0 0 -1
    outer loop
      vertex 38.4635 7.57341 0
      vertex 36.5 1 0
      vertex 38.373 7.54712 0
    endloop
  endfacet
  facet normal 0 0 -1
    outer loop
      vertex 38.373 7.54712 0
      vertex 36.5 1 0
      vertex 38.2811 7.52657 0
    endloop
  endfacet
  facet normal 0 0 -1
    outer loop
      vertex 38.2811 7.52657 0
      vertex 36.5 1 0
      vertex 38.188 7.51183 0
    endloop
  endfacet
  facet normal 0 0 -1
    outer loop
      vertex 38.188 7.51183 0
      vertex 36.5 1 0
      vertex 38.0942 7.50296 0
    endloop
  endfacet
  facet normal 0 0 -1
    outer loop
      vertex 38.0942 7.50296 0
      vertex 36.5 1 0
      vertex 38 7.5 0
    endloop
  endfacet
  facet normal -0 0 -1
    outer loop
      vertex 38 7.5 0
      vertex 36.5 1 0
      vertex 37.9058 7.50296 0
    endloop
  endfacet
  facet normal -0 0 -1
    outer loop
      vertex 37.9058 7.50296 0
      vertex 36.5 1 0
      vertex 37.812 7.51183 0
    endloop
  endfacet
  facet normal -0 0 -1
    outer loop
      vertex 37.812 7.51183 0
      vertex 36.5 1 0
      vertex 37.7189 7.52657 0
    endloop
  endfacet
  facet normal -0 0 -1
    outer loop
      vertex 37.7189 7.52657 0
      vertex 36.5 1 0
      vertex 37.627 7.54712 0
    endloop
  endfacet
  facet normal -0 0 -1
    outer loop
      vertex 37.627 7.54712 0
      vertex 36.5 1 0
      vertex 37.5365 7.57341 0
    endloop
  endfacet
  facet normal 0 0 -1
    outer loop
      vertex 36.5 1 0
      vertex 37.4478 7.60534 0
      vertex 37.5365 7.57341 0
    endloop
  endfacet
  facet normal 0 0 -1
    outer loop
      vertex 36.5 1 0
      vertex 37.3613 7.64276 0
      vertex 37.4478 7.60534 0
    endloop
  endfacet
  facet normal 0 0 -1
    outer loop
      vertex 36.5 1 0
      vertex 37.2774 7.68554 0
      vertex 37.3613 7.64276 0
    endloop
  endfacet
  facet normal 0 0 -1
    outer loop
      vertex 36.5 1 0
      vertex 37.1963 7.73351 0
      vertex 37.2774 7.68554 0
    endloop
  endfacet
  facet normal 0 0 -1
    outer loop
      vertex 36.5 1 0
      vertex 37.1183 7.78647 0
      vertex 37.1963 7.73351 0
    endloop
  endfacet
  facet normal 0 0 -1
    outer loop
      vertex 36.5 1 0
      vertex 37.0439 7.84423 0
      vertex 37.1183 7.78647 0
    endloop
  endfacet
  facet normal 0 0 -1
    outer loop
      vertex 36.5 1 0
      vertex 36.9732 7.90655 0
      vertex 37.0439 7.84423 0
    endloop
  endfacet
  facet normal 0 0 -1
    outer loop
      vertex 36.5 1 0
      vertex 36.9065 7.97318 0
      vertex 36.9732 7.90655 0
    endloop
  endfacet
  facet normal 0 0 -1
    outer loop
      vertex 31.5 9 0
      vertex 36.9065 7.97318 0
      vertex 36.5 1 0
    endloop
  endfacet
  facet normal 0 0 -1
    outer loop
      vertex 36.9065 7.97318 0
      vertex 31.5 9 0
      vertex 36.8442 8.04386 0
    endloop
  endfacet
  facet normal 0 0 -1
    outer loop
      vertex 36.8442 8.04386 0
      vertex 31.5 9 0
      vertex 36.7865 8.11832 0
    endloop
  endfacet
  facet normal 0 0 -1
    outer loop
      vertex 36.7865 8.11832 0
      vertex 31.5 9 0
      vertex 36.7335 8.19626 0
    endloop
  endfacet
  facet normal 0 0 -1
    outer loop
      vertex 36.7335 8.19626 0
      vertex 31.5 9 0
      vertex 36.6855 8.27737 0
    endloop
  endfacet
  facet normal 0 0 -1
    outer loop
      vertex 36.6855 8.27737 0
      vertex 31.5 9 0
      vertex 36.6428 8.36133 0
    endloop
  endfacet
  facet normal 0 0 -1
    outer loop
      vertex 36.6428 8.36133 0
      vertex 31.5 9 0
      vertex 36.6053 8.44781 0
    endloop
  endfacet
  facet normal 0 0 -1
    outer loop
      vertex 36.6053 8.44781 0
      vertex 31.5 9 0
      vertex 36.5734 8.53647 0
    endloop
  endfacet
  facet normal 0 0 -1
    outer loop
      vertex 36.5734 8.53647 0
      vertex 31.5 9 0
      vertex 36.5471 8.62696 0
    endloop
  endfacet
  facet normal 0 0 -1
    outer loop
      vertex 36.5471 8.62696 0
      vertex 31.5 9 0
      vertex 36.5266 8.71893 0
    endloop
  endfacet
  facet normal 0 0 -1
    outer loop
      vertex 36.5266 8.71893 0
      vertex 31.5 9 0
      vertex 36.5118 8.812 0
    endloop
  endfacet
  facet normal 0 0 -1
    outer loop
      vertex 36.5118 8.812 0
      vertex 31.5 9 0
      vertex 36.503 8.90581 0
    endloop
  endfacet
  facet normal 0 0 -1
    outer loop
      vertex 36.503 8.90581 0
      vertex 31.5 9 0
      vertex 36.5 9 0
    endloop
  endfacet
  facet normal -0 0 -1
    outer loop
      vertex 36.5118 9.188 0
      vertex 31.5 9 0
      vertex 31.5 10 0
    endloop
  endfacet
  facet normal 0 0 -1
    outer loop
      vertex 36.5 1 0
      vertex 30.5 9 0
      vertex 31.5 9 0
    endloop
  endfacet
  facet normal 0 0 -1
    outer loop
      vertex 36.5 1 0
      vertex 9 9 0
      vertex 30.5 9 0
    endloop
  endfacet
  facet normal 0 0 -1
    outer loop
      vertex 1 1 0
      vertex 9 9 0
      vertex 36.5 1 0
    endloop
  endfacet
  facet normal 0 0 -1
    outer loop
      vertex 1 1 0
      vertex 8 10 0
      vertex 8 9 0
    endloop
  endfacet
  facet normal -0 0 -1
    outer loop
      vertex 8 10 0
      vertex 1 1 0
      vertex 8 54 0
    endloop
  endfacet
  facet normal 0 0 -1
    outer loop
      vertex 1 63.2885 0
      vertex 8 54 0
      vertex 1 1 0
    endloop
  endfacet
  facet normal 0 -0 -1
    outer loop
      vertex 1.10579 63.3451 0
      vertex 8 55 0
      vertex 1 63.2885 0
    endloop
  endfacet
  facet normal -0 0 -1
    outer loop
      vertex 5 64 0
      vertex 1.65493 63.8942 0
      vertex 1.71148 64 0
    endloop
  endfacet
  facet normal 0 0 -1
    outer loop
      vertex 5 64 0
      vertex 1.4074 63.5926 0
      vertex 1.65493 63.8942 0
    endloop
  endfacet
  facet normal 0 0 -1
    outer loop
      vertex 5 64 0
      vertex 1.10579 63.3451 0
      vertex 1.4074 63.5926 0
    endloop
  endfacet
  facet normal -0 0 -1
    outer loop
      vertex 9 9 0
      vertex 1 1 0
      vertex 8 9 0
    endloop
  endfacet
  facet normal 0 0 -1
    outer loop
      vertex 8 54 0
      vertex 1 63.2885 0
      vertex 8 55 0
    endloop
  endfacet
  facet normal 0 0 -1
    outer loop
      vertex 8 55 0
      vertex 1.10579 63.3451 0
      vertex 5 64 0
    endloop
  endfacet
  facet normal 0 0 -1
    outer loop
      vertex 87 54 0
      vertex 96 63.2885 0
      vertex 96 1 0
    endloop
  endfacet
  facet normal 0 0 -1
    outer loop
      vertex 87 55 0
      vertex 96 63.2885 0
      vertex 87 54 0
    endloop
  endfacet
  facet normal -0 0 -1
    outer loop
      vertex 96 63.2885 0
      vertex 87 55 0
      vertex 95.8942 63.3451 0
    endloop
  endfacet
  facet normal 0 -0 -1
    outer loop
      vertex 92 64 0
      vertex 95.8942 63.3451 0
      vertex 87 55 0
    endloop
  endfacet
  facet normal 0 0 -1
    outer loop
      vertex 95.8942 63.3451 0
      vertex 92 64 0
      vertex 95.5926 63.5926 0
    endloop
  endfacet
  facet normal 0 0 -1
    outer loop
      vertex 87 10 0
      vertex 96 1 0
      vertex 87 9 0
    endloop
  endfacet
  facet normal 0 0 -1
    outer loop
      vertex 96 1 0
      vertex 86 9 0
      vertex 87 9 0
    endloop
  endfacet
  facet normal 0 0 -1
    outer loop
      vertex 59.5 1 0
      vertex 86 9 0
      vertex 96 1 0
    endloop
  endfacet
  facet normal -0 0 -1
    outer loop
      vertex 86 9 0
      vertex 59.5 1 0
      vertex 65.5 9 0
    endloop
  endfacet
  facet normal 0 0 -1
    outer loop
      vertex 59.497 9.09418 0
      vertex 64.5 9 0
      vertex 59.5 9 0
    endloop
  endfacet
  facet normal -0 0 -1
    outer loop
      vertex 65.5 9 0
      vertex 59.5 1 0
      vertex 64.5 9 0
    endloop
  endfacet
  facet normal 0 0 -1
    outer loop
      vertex 59.0935 7.97318 0
      vertex 64.5 9 0
      vertex 59.5 1 0
    endloop
  endfacet
  facet normal 0 0 -1
    outer loop
      vertex 59.4882 9.188 0
      vertex 64.5 9 0
      vertex 59.497 9.09418 0
    endloop
  endfacet
  facet normal 0 0 -1
    outer loop
      vertex 64.5 10 0
      vertex 59.5 29 0
      vertex 64.5 33 0
    endloop
  endfacet
  facet normal 0 0 -1
    outer loop
      vertex 59.497 29.0942 0
      vertex 64.5 33 0
      vertex 59.5 29 0
    endloop
  endfacet
  facet normal 0 0 -1
    outer loop
      vertex 59.4882 29.188 0
      vertex 64.5 33 0
      vertex 59.497 29.0942 0
    endloop
  endfacet
  facet normal 0 0 -1
    outer loop
      vertex 59.4734 29.2811 0
      vertex 64.5 33 0
      vertex 59.4882 29.188 0
    endloop
  endfacet
  facet normal 0 0 -1
    outer loop
      vertex 59.4529 29.373 0
      vertex 64.5 33 0
      vertex 59.4734 29.2811 0
    endloop
  endfacet
  facet normal 0 0 -1
    outer loop
      vertex 59.4266 29.4635 0
      vertex 64.5 33 0
      vertex 59.4529 29.373 0
    endloop
  endfacet
  facet normal 0 0 -1
    outer loop
      vertex 59.3947 29.5522 0
      vertex 64.5 33 0
      vertex 59.4266 29.4635 0
    endloop
  endfacet
  facet normal 0 0 -1
    outer loop
      vertex 59.3572 29.6387 0
      vertex 64.5 33 0
      vertex 59.3947 29.5522 0
    endloop
  endfacet
  facet normal 0 0 -1
    outer loop
      vertex 59.3145 29.7226 0
      vertex 64.5 33 0
      vertex 59.3572 29.6387 0
    endloop
  endfacet
  facet normal 0 0 -1
    outer loop
      vertex 59.2665 29.8037 0
      vertex 64.5 33 0
      vertex 59.3145 29.7226 0
    endloop
  endfacet
  facet normal 0 0 -1
    outer loop
      vertex 59.2135 29.8817 0
      vertex 64.5 33 0
      vertex 59.2665 29.8037 0
    endloop
  endfacet
  facet normal 0 0 -1
    outer loop
      vertex 59.1558 29.9561 0
      vertex 64.5 33 0
      vertex 59.2135 29.8817 0
    endloop
  endfacet
  facet normal 0 0 -1
    outer loop
      vertex 59.0935 30.0268 0
      vertex 64.5 33 0
      vertex 59.1558 29.9561 0
    endloop
  endfacet
  facet normal 0 0 -1
    outer loop
      vertex 59.0268 30.0935 0
      vertex 64.5 33 0
      vertex 59.0935 30.0268 0
    endloop
  endfacet
  facet normal 0 0 -1
    outer loop
      vertex 58.9561 30.1558 0
      vertex 64.5 33 0
      vertex 59.0268 30.0935 0
    endloop
  endfacet
  facet normal 0 0 -1
    outer loop
      vertex 58.8817 30.2135 0
      vertex 64.5 33 0
      vertex 58.9561 30.1558 0
    endloop
  endfacet
  facet normal 0 0 -1
    outer loop
      vertex 58.8037 30.2665 0
      vertex 64.5 33 0
      vertex 58.8817 30.2135 0
    endloop
  endfacet
  facet normal 0 0 -1
    outer loop
      vertex 58.7226 30.3145 0
      vertex 64.5 33 0
      vertex 58.8037 30.2665 0
    endloop
  endfacet
  facet normal 0 0 -1
    outer loop
      vertex 58.6387 30.3572 0
      vertex 64.5 33 0
      vertex 58.7226 30.3145 0
    endloop
  endfacet
  facet normal 0 0 -1
    outer loop
      vertex 58.5522 30.3947 0
      vertex 64.5 33 0
      vertex 58.6387 30.3572 0
    endloop
  endfacet
  facet normal 0 0 -1
    outer loop
      vertex 58.4635 30.4266 0
      vertex 64.5 33 0
      vertex 58.5522 30.3947 0
    endloop
  endfacet
  facet normal 0 0 -1
    outer loop
      vertex 58.373 30.4529 0
      vertex 64.5 33 0
      vertex 58.4635 30.4266 0
    endloop
  endfacet
  facet normal 0 0 -1
    outer loop
      vertex 58.2811 30.4734 0
      vertex 64.5 33 0
      vertex 58.373 30.4529 0
    endloop
  endfacet
  facet normal 0 0 -1
    outer loop
      vertex 58.188 30.4882 0
      vertex 64.5 33 0
      vertex 58.2811 30.4734 0
    endloop
  endfacet
  facet normal 0 0 -1
    outer loop
      vertex 58.0942 30.497 0
      vertex 64.5 33 0
      vertex 58.188 30.4882 0
    endloop
  endfacet
  facet normal 0 0 -1
    outer loop
      vertex 52.5 33 0
      vertex 58.0942 30.497 0
      vertex 58 30.5 0
    endloop
  endfacet
  facet normal 0 0 -1
    outer loop
      vertex 52.5 33 0
      vertex 58 30.5 0
      vertex 57.9058 30.497 0
    endloop
  endfacet
  facet normal 0 0 -1
    outer loop
      vertex 52.5 33 0
      vertex 57.9058 30.497 0
      vertex 57.812 30.4882 0
    endloop
  endfacet
  facet normal 0 0 -1
    outer loop
      vertex 52.5 33 0
      vertex 57.812 30.4882 0
      vertex 57.7189 30.4734 0
    endloop
  endfacet
  facet normal 0 0 -1
    outer loop
      vertex 52.5 33 0
      vertex 57.7189 30.4734 0
      vertex 57.627 30.4529 0
    endloop
  endfacet
  facet normal 0 0 -1
    outer loop
      vertex 52.5 33 0
      vertex 57.627 30.4529 0
      vertex 57.5365 30.4266 0
    endloop
  endfacet
  facet normal 0 0 -1
    outer loop
      vertex 52.5 33 0
      vertex 57.5365 30.4266 0
      vertex 57.4478 30.3947 0
    endloop
  endfacet
  facet normal 0 0 -1
    outer loop
      vertex 58.0942 30.497 0
      vertex 52.5 33 0
      vertex 64.5 33 0
    endloop
  endfacet
  facet normal 0 0 -1
    outer loop
      vertex 57.3613 30.3572 0
      vertex 52.5 33 0
      vertex 57.4478 30.3947 0
    endloop
  endfacet
  facet normal 0 0 -1
    outer loop
      vertex 57.2774 30.3145 0
      vertex 52.5 33 0
      vertex 57.3613 30.3572 0
    endloop
  endfacet
  facet normal 0 0 -1
    outer loop
      vertex 57.1963 30.2665 0
      vertex 52.5 33 0
      vertex 57.2774 30.3145 0
    endloop
  endfacet
  facet normal 0 0 -1
    outer loop
      vertex 57.1183 30.2135 0
      vertex 52.5 33 0
      vertex 57.1963 30.2665 0
    endloop
  endfacet
  facet normal 0 0 -1
    outer loop
      vertex 57.0439 30.1558 0
      vertex 52.5 33 0
      vertex 57.1183 30.2135 0
    endloop
  endfacet
  facet normal 0 0 -1
    outer loop
      vertex 56.9732 30.0935 0
      vertex 52.5 33 0
      vertex 57.0439 30.1558 0
    endloop
  endfacet
  facet normal 0 0 -1
    outer loop
      vertex 56.9065 30.0268 0
      vertex 52.5 33 0
      vertex 56.9732 30.0935 0
    endloop
  endfacet
  facet normal 0 0 -1
    outer loop
      vertex 56.8442 29.9561 0
      vertex 52.5 33 0
      vertex 56.9065 30.0268 0
    endloop
  endfacet
  facet normal 0 0 -1
    outer loop
      vertex 56.7865 29.8817 0
      vertex 52.5 33 0
      vertex 56.8442 29.9561 0
    endloop
  endfacet
  facet normal 0 0 -1
    outer loop
      vertex 56.7335 29.8037 0
      vertex 52.5 33 0
      vertex 56.7865 29.8817 0
    endloop
  endfacet
  facet normal 0 0 -1
    outer loop
      vertex 56.6855 29.7226 0
      vertex 52.5 33 0
      vertex 56.7335 29.8037 0
    endloop
  endfacet
  facet normal 0 0 -1
    outer loop
      vertex 56.6428 29.6387 0
      vertex 52.5 33 0
      vertex 56.6855 29.7226 0
    endloop
  endfacet
  facet normal 0 0 -1
    outer loop
      vertex 56.6053 29.5522 0
      vertex 52.5 33 0
      vertex 56.6428 29.6387 0
    endloop
  endfacet
  facet normal 0 0 -1
    outer loop
      vertex 56.5734 29.4635 0
      vertex 52.5 33 0
      vertex 56.6053 29.5522 0
    endloop
  endfacet
  facet normal 0 0 -1
    outer loop
      vertex 56.5471 29.373 0
      vertex 52.5 33 0
      vertex 56.5734 29.4635 0
    endloop
  endfacet
  facet normal 0 0 -1
    outer loop
      vertex 56.5266 29.2811 0
      vertex 52.5 33 0
      vertex 56.5471 29.373 0
    endloop
  endfacet
  facet normal 0 0 -1
    outer loop
      vertex 56.5118 29.188 0
      vertex 52.5 33 0
      vertex 56.5266 29.2811 0
    endloop
  endfacet
  facet normal 0 0 -1
    outer loop
      vertex 56.503 29.0942 0
      vertex 52.5 33 0
      vertex 56.5118 29.188 0
    endloop
  endfacet
  facet normal 0 0 -1
    outer loop
      vertex 52.5 33 0
      vertex 56.503 29.0942 0
      vertex 56.5 29 0
    endloop
  endfacet
  facet normal 0 0 -1
    outer loop
      vertex 87 54 0
      vertex 96 1 0
      vertex 87 10 0
    endloop
  endfacet
  facet normal 0 0 -1
    outer loop
      vertex 95.5926 63.5926 0
      vertex 92 64 0
      vertex 95.3451 63.8942 0
    endloop
  endfacet
  facet normal 0 0 -1
    outer loop
      vertex 95.3451 63.8942 0
      vertex 92 64 0
      vertex 95.2885 64 0
    endloop
  endfacet
  facet normal 0 0 -1
    outer loop
      vertex 86 55 0
      vertex 92 64 0
      vertex 87 55 0
    endloop
  endfacet
  facet normal 0 0 -1
    outer loop
      vertex 52.5 55 0
      vertex 92 64 0
      vertex 86 55 0
    endloop
  endfacet
  facet normal 0 0 -1
    outer loop
      vertex 51.5 55 0
      vertex 92 64 0
      vertex 52.5 55 0
    endloop
  endfacet
  facet normal 0 0 -1
    outer loop
      vertex 43.5 54 0
      vertex 51.5 54 0
      vertex 43.5 34 0
    endloop
  endfacet
  facet normal 0 0 -1
    outer loop
      vertex 51.5 54 0
      vertex 43.5 54 0
      vertex 51.5 55 0
    endloop
  endfacet
  facet normal 0 0 -1
    outer loop
      vertex 43.5 55 0
      vertex 51.5 55 0
      vertex 43.5 54 0
    endloop
  endfacet
  facet normal 0 0 -1
    outer loop
      vertex 5 64 0
      vertex 51.5 55 0
      vertex 43.5 55 0
    endloop
  endfacet
  facet normal 0 0 -1
    outer loop
      vertex 5 64 0
      vertex 43.5 55 0
      vertex 42.5 55 0
    endloop
  endfacet
  facet normal 0 0 -1
    outer loop
      vertex 5 64 0
      vertex 42.5 55 0
      vertex 9 55 0
    endloop
  endfacet
  facet normal 0 0 -1
    outer loop
      vertex 5 64 0
      vertex 9 55 0
      vertex 8 55 0
    endloop
  endfacet
  facet normal 0 0 -1
    outer loop
      vertex 51.5 55 0
      vertex 5 64 0
      vertex 92 64 0
    endloop
  endfacet
  facet normal 0 0 -1
    outer loop
      vertex 39.497 29.0942 0
      vertex 43.5 33 0
      vertex 39.5 29 0
    endloop
  endfacet
  facet normal 0 0 -1
    outer loop
      vertex 39.4882 29.188 0
      vertex 43.5 33 0
      vertex 39.497 29.0942 0
    endloop
  endfacet
  facet normal -0 0 -1
    outer loop
      vertex 43.5 33 0
      vertex 39.4882 29.188 0
      vertex 42.5 33 0
    endloop
  endfacet
  facet normal 0 0 -1
    outer loop
      vertex 39.4734 29.2811 0
      vertex 42.5 33 0
      vertex 39.4882 29.188 0
    endloop
  endfacet
  facet normal 0 0 -1
    outer loop
      vertex 39.4529 29.373 0
      vertex 42.5 33 0
      vertex 39.4734 29.2811 0
    endloop
  endfacet
  facet normal 0 0 -1
    outer loop
      vertex 39.4266 29.4635 0
      vertex 42.5 33 0
      vertex 39.4529 29.373 0
    endloop
  endfacet
  facet normal 0 0 -1
    outer loop
      vertex 39.3947 29.5522 0
      vertex 42.5 33 0
      vertex 39.4266 29.4635 0
    endloop
  endfacet
  facet normal 0 0 -1
    outer loop
      vertex 39.3572 29.6387 0
      vertex 42.5 33 0
      vertex 39.3947 29.5522 0
    endloop
  endfacet
  facet normal 0 0 -1
    outer loop
      vertex 39.3145 29.7226 0
      vertex 42.5 33 0
      vertex 39.3572 29.6387 0
    endloop
  endfacet
  facet normal 0 0 -1
    outer loop
      vertex 39.2665 29.8037 0
      vertex 42.5 33 0
      vertex 39.3145 29.7226 0
    endloop
  endfacet
  facet normal 0 0 -1
    outer loop
      vertex 39.2135 29.8817 0
      vertex 42.5 33 0
      vertex 39.2665 29.8037 0
    endloop
  endfacet
  facet normal 0 0 -1
    outer loop
      vertex 39.1558 29.9561 0
      vertex 42.5 33 0
      vertex 39.2135 29.8817 0
    endloop
  endfacet
  facet normal 0 0 -1
    outer loop
      vertex 39.0935 30.0268 0
      vertex 42.5 33 0
      vertex 39.1558 29.9561 0
    endloop
  endfacet
  facet normal 0 0 -1
    outer loop
      vertex 39.0268 30.0935 0
      vertex 42.5 33 0
      vertex 39.0935 30.0268 0
    endloop
  endfacet
  facet normal 0 0 -1
    outer loop
      vertex 38.9561 30.1558 0
      vertex 42.5 33 0
      vertex 39.0268 30.0935 0
    endloop
  endfacet
  facet normal 0 0 -1
    outer loop
      vertex 38.8817 30.2135 0
      vertex 42.5 33 0
      vertex 38.9561 30.1558 0
    endloop
  endfacet
  facet normal 0 0 -1
    outer loop
      vertex 38.8037 30.2665 0
      vertex 42.5 33 0
      vertex 38.8817 30.2135 0
    endloop
  endfacet
  facet normal 0 0 -1
    outer loop
      vertex 38.7226 30.3145 0
      vertex 42.5 33 0
      vertex 38.8037 30.2665 0
    endloop
  endfacet
  facet normal 0 0 -1
    outer loop
      vertex 38.6387 30.3572 0
      vertex 42.5 33 0
      vertex 38.7226 30.3145 0
    endloop
  endfacet
  facet normal 0 0 -1
    outer loop
      vertex 38.5522 30.3947 0
      vertex 42.5 33 0
      vertex 38.6387 30.3572 0
    endloop
  endfacet
  facet normal 0 0 -1
    outer loop
      vertex 38.4635 30.4266 0
      vertex 42.5 33 0
      vertex 38.5522 30.3947 0
    endloop
  endfacet
  facet normal 0 0 -1
    outer loop
      vertex 38.373 30.4529 0
      vertex 42.5 33 0
      vertex 38.4635 30.4266 0
    endloop
  endfacet
  facet normal 0 0 -1
    outer loop
      vertex 38.2811 30.4734 0
      vertex 42.5 33 0
      vertex 38.373 30.4529 0
    endloop
  endfacet
  facet normal 0 0 -1
    outer loop
      vertex 38.188 30.4882 0
      vertex 42.5 33 0
      vertex 38.2811 30.4734 0
    endloop
  endfacet
  facet normal 0 0 -1
    outer loop
      vertex 38.0942 30.497 0
      vertex 42.5 33 0
      vertex 38.188 30.4882 0
    endloop
  endfacet
  facet normal 0 0 -1
    outer loop
      vertex 38 30.5 0
      vertex 42.5 33 0
      vertex 38.0942 30.497 0
    endloop
  endfacet
  facet normal 0 0 -1
    outer loop
      vertex 37.9058 30.497 0
      vertex 42.5 33 0
      vertex 38 30.5 0
    endloop
  endfacet
  facet normal 0 0 -1
    outer loop
      vertex 37.812 30.4882 0
      vertex 42.5 33 0
      vertex 37.9058 30.497 0
    endloop
  endfacet
  facet normal 0 0 -1
    outer loop
      vertex 31.5 33 0
      vertex 37.812 30.4882 0
      vertex 37.7189 30.4734 0
    endloop
  endfacet
  facet normal 0 0 -1
    outer loop
      vertex 31.5 33 0
      vertex 37.7189 30.4734 0
      vertex 37.627 30.4529 0
    endloop
  endfacet
  facet normal 0 0 -1
    outer loop
      vertex 31.5 33 0
      vertex 37.627 30.4529 0
      vertex 37.5365 30.4266 0
    endloop
  endfacet
  facet normal 0 0 -1
    outer loop
      vertex 31.5 33 0
      vertex 37.5365 30.4266 0
      vertex 37.4478 30.3947 0
    endloop
  endfacet
  facet normal 0 0 -1
    outer loop
      vertex 31.5 33 0
      vertex 37.4478 30.3947 0
      vertex 37.3613 30.3572 0
    endloop
  endfacet
  facet normal 0 0 -1
    outer loop
      vertex 31.5 33 0
      vertex 37.3613 30.3572 0
      vertex 37.2774 30.3145 0
    endloop
  endfacet
  facet normal 0 0 -1
    outer loop
      vertex 36.5118 28.812 0
      vertex 31.5 33 0
      vertex 36.503 28.9058 0
    endloop
  endfacet
  facet normal 0 0 -1
    outer loop
      vertex 36.503 28.9058 0
      vertex 31.5 33 0
      vertex 36.5 29 0
    endloop
  endfacet
  facet normal 0 0 -1
    outer loop
      vertex 36.5 29 0
      vertex 31.5 33 0
      vertex 36.503 29.0942 0
    endloop
  endfacet
  facet normal 0 0 -1
    outer loop
      vertex 36.503 29.0942 0
      vertex 31.5 33 0
      vertex 36.5118 29.188 0
    endloop
  endfacet
  facet normal 0 0 -1
    outer loop
      vertex 36.5118 29.188 0
      vertex 31.5 33 0
      vertex 36.5266 29.2811 0
    endloop
  endfacet
  facet normal 0 0 -1
    outer loop
      vertex 37.812 30.4882 0
      vertex 31.5 33 0
      vertex 42.5 33 0
    endloop
  endfacet
  facet normal 0 0 -1
    outer loop
      vertex 37.1963 30.2665 0
      vertex 31.5 33 0
      vertex 37.2774 30.3145 0
    endloop
  endfacet
  facet normal 0 0 -1
    outer loop
      vertex 37.1183 30.2135 0
      vertex 31.5 33 0
      vertex 37.1963 30.2665 0
    endloop
  endfacet
  facet normal 0 0 -1
    outer loop
      vertex 37.0439 30.1558 0
      vertex 31.5 33 0
      vertex 37.1183 30.2135 0
    endloop
  endfacet
  facet normal 0 0 -1
    outer loop
      vertex 36.9732 30.0935 0
      vertex 31.5 33 0
      vertex 37.0439 30.1558 0
    endloop
  endfacet
  facet normal 0 0 -1
    outer loop
      vertex 36.9065 30.0268 0
      vertex 31.5 33 0
      vertex 36.9732 30.0935 0
    endloop
  endfacet
  facet normal 0 0 -1
    outer loop
      vertex 36.8442 29.9561 0
      vertex 31.5 33 0
      vertex 36.9065 30.0268 0
    endloop
  endfacet
  facet normal 0 0 -1
    outer loop
      vertex 36.7865 29.8817 0
      vertex 31.5 33 0
      vertex 36.8442 29.9561 0
    endloop
  endfacet
  facet normal 0 0 -1
    outer loop
      vertex 36.7335 29.8037 0
      vertex 31.5 33 0
      vertex 36.7865 29.8817 0
    endloop
  endfacet
  facet normal 0 0 -1
    outer loop
      vertex 36.6855 29.7226 0
      vertex 31.5 33 0
      vertex 36.7335 29.8037 0
    endloop
  endfacet
  facet normal 0 0 -1
    outer loop
      vertex 36.6428 29.6387 0
      vertex 31.5 33 0
      vertex 36.6855 29.7226 0
    endloop
  endfacet
  facet normal 0 0 -1
    outer loop
      vertex 36.6053 29.5522 0
      vertex 31.5 33 0
      vertex 36.6428 29.6387 0
    endloop
  endfacet
  facet normal 0 0 -1
    outer loop
      vertex 36.5734 29.4635 0
      vertex 31.5 33 0
      vertex 36.6053 29.5522 0
    endloop
  endfacet
  facet normal 0 0 -1
    outer loop
      vertex 36.5471 29.373 0
      vertex 31.5 33 0
      vertex 36.5734 29.4635 0
    endloop
  endfacet
  facet normal 0 0 -1
    outer loop
      vertex 36.5266 29.2811 0
      vertex 31.5 33 0
      vertex 36.5471 29.373 0
    endloop
  endfacet
  facet normal 0 0 -1
    outer loop
      vertex 42.5 53 0
      vertex 41.5 54 0
      vertex 42.5 54 0
    endloop
  endfacet
  facet normal -0 0 -1
    outer loop
      vertex 10 54 0
      vertex 9 53 0
      vertex 9 54 0
    endloop
  endfacet
  facet normal 0 0 -1
    outer loop
      vertex 42.5 34 0
      vertex 41.5 34 0
      vertex 42.5 35 0
    endloop
  endfacet
  facet normal 0 0 -1
    outer loop
      vertex 30.5 10 0
      vertex 29.5 10 0
      vertex 30.5 11 0
    endloop
  endfacet
  facet normal 0 0 -1
    outer loop
      vertex 10 10 0
      vertex 9 10 0
      vertex 9 11 0
    endloop
  endfacet
  facet normal 0 0 -1
    outer loop
      vertex 31.5 33 0
      vertex 31.3889 33.6629 0
      vertex 31.5 33.7296 0
    endloop
  endfacet
  facet normal 0 0 -1
    outer loop
      vertex 31.5 33 0
      vertex 31.2312 33.546 0
      vertex 31.3889 33.6629 0
    endloop
  endfacet
  facet normal 0 0 -1
    outer loop
      vertex 31.5 33 0
      vertex 31.0858 33.4142 0
      vertex 31.2312 33.546 0
    endloop
  endfacet
  facet normal 0 0 -1
    outer loop
      vertex 31.5 33 0
      vertex 30.954 33.2688 0
      vertex 31.0858 33.4142 0
    endloop
  endfacet
  facet normal 0 0 -1
    outer loop
      vertex 31.5 33 0
      vertex 30.8371 33.1111 0
      vertex 30.954 33.2688 0
    endloop
  endfacet
  facet normal 0 -0 -1
    outer loop
      vertex 30.8371 33.1111 0
      vertex 31.5 33 0
      vertex 30.7704 33 0
    endloop
  endfacet
  facet normal 0 0 -1
    outer loop
      vertex 86 53 0
      vertex 85 54 0
      vertex 86 54 0
    endloop
  endfacet
  facet normal -0 0 -1
    outer loop
      vertex 53.5 54 0
      vertex 52.5 53 0
      vertex 52.5 54 0
    endloop
  endfacet
  facet normal 0 0 -1
    outer loop
      vertex 53.5 34 0
      vertex 52.5 34 0
      vertex 52.5 35 0
    endloop
  endfacet
  facet normal 0 0 -1
    outer loop
      vertex 86 10 0
      vertex 85 10 0
      vertex 86 11 0
    endloop
  endfacet
  facet normal 0 0 -1
    outer loop
      vertex 66.5 10 0
      vertex 65.5 10 0
      vertex 65.5 11 0
    endloop
  endfacet
  facet normal 0 0 -1
    outer loop
      vertex 64.5 33 0
      vertex 65.1629 33.1111 0
      vertex 65.2295 33 0
    endloop
  endfacet
  facet normal -0 0 -1
    outer loop
      vertex 65.1629 33.1111 0
      vertex 64.5 33 0
      vertex 65.046 33.2688 0
    endloop
  endfacet
  facet normal -0 0 -1
    outer loop
      vertex 65.046 33.2688 0
      vertex 64.5 33 0
      vertex 64.9142 33.4142 0
    endloop
  endfacet
  facet normal -0 0 -1
    outer loop
      vertex 64.9142 33.4142 0
      vertex 64.5 33 0
      vertex 64.7688 33.546 0
    endloop
  endfacet
  facet normal -0 0 -1
    outer loop
      vertex 64.7688 33.546 0
      vertex 64.5 33 0
      vertex 64.6111 33.6629 0
    endloop
  endfacet
  facet normal -0 0 -1
    outer loop
      vertex 64.6111 33.6629 0
      vertex 64.5 33 0
      vertex 64.5 33.7295 0
    endloop
  endfacet
  facet normal 1 0 0
    outer loop
      vertex 97 63.7312 23.454
      vertex 97 64 1.72562
      vertex 97 64 23.2744
    endloop
  endfacet
  facet normal 1 0 0
    outer loop
      vertex 97 63.7312 23.454
      vertex 97 63.7312 1.54602
      vertex 97 64 1.72562
    endloop
  endfacet
  facet normal 1 0 0
    outer loop
      vertex 97 63.454 23.7312
      vertex 97 63.7312 1.54602
      vertex 97 63.7312 23.454
    endloop
  endfacet
  facet normal 1 0 0
    outer loop
      vertex 97 63.454 23.7312
      vertex 97 63.454 1.26879
      vertex 97 63.7312 1.54602
    endloop
  endfacet
  facet normal 1 0 0
    outer loop
      vertex 97 63.454 23.7312
      vertex 97 63.2744 1
      vertex 97 63.454 1.26879
    endloop
  endfacet
  facet normal 1 0 0
    outer loop
      vertex 97 63.2744 24
      vertex 97 63.2744 1
      vertex 97 63.454 23.7312
    endloop
  endfacet
  facet normal 1 -0 0
    outer loop
      vertex 97 1 24
      vertex 97 63.2744 1
      vertex 97 63.2744 24
    endloop
  endfacet
  facet normal 1 0 0
    outer loop
      vertex 97 63.2744 1
      vertex 97 1 24
      vertex 97 1 1
    endloop
  endfacet
  facet normal 0.707107 0.707107 0
    outer loop
      vertex 96.0635 64.9365 23.2362
      vertex 96 65 1.72562
      vertex 96 65 23.2744
    endloop
  endfacet
  facet normal 0.707107 0.707107 0
    outer loop
      vertex 96.0635 64.9365 23.2362
      vertex 96.0635 64.9365 1.76384
      vertex 96 65 1.72562
    endloop
  endfacet
  facet normal 0.707107 0.707107 0
    outer loop
      vertex 96.1461 64.8539 23.2053
      vertex 96.0635 64.9365 1.76384
      vertex 96.0635 64.9365 23.2362
    endloop
  endfacet
  facet normal 0.707107 0.707107 0
    outer loop
      vertex 96.1461 64.8539 23.2053
      vertex 96.1461 64.8539 1.7947
      vertex 96.0635 64.9365 1.76384
    endloop
  endfacet
  facet normal 0.707107 0.707107 0
    outer loop
      vertex 96.1659 64.8341 23.1979
      vertex 96.1461 64.8539 1.7947
      vertex 96.1461 64.8539 23.2053
    endloop
  endfacet
  facet normal 0.707107 0.707107 0
    outer loop
      vertex 96.1659 64.8341 23.1979
      vertex 96.1659 64.8341 1.8021
      vertex 96.1461 64.8539 1.7947
    endloop
  endfacet
  facet normal 0.707107 0.707107 0
    outer loop
      vertex 96.1958 64.8042 23.1896
      vertex 96.1659 64.8341 1.8021
      vertex 96.1659 64.8341 23.1979
    endloop
  endfacet
  facet normal 0.707107 0.707107 0
    outer loop
      vertex 96.1958 64.8042 23.1896
      vertex 96.1958 64.8042 1.81039
      vertex 96.1659 64.8341 1.8021
    endloop
  endfacet
  facet normal 0.707107 0.707107 0
    outer loop
      vertex 96.2929 64.7071 23.1627
      vertex 96.1958 64.8042 1.81039
      vertex 96.1958 64.8042 23.1896
    endloop
  endfacet
  facet normal 0.707107 0.707107 0
    outer loop
      vertex 96.2929 64.7071 23.1627
      vertex 96.2929 64.7071 1.83733
      vertex 96.1958 64.8042 1.81039
    endloop
  endfacet
  facet normal 0.707107 0.707107 0
    outer loop
      vertex 96.3548 64.6452 23.1521
      vertex 96.2929 64.7071 1.83733
      vertex 96.2929 64.7071 23.1627
    endloop
  endfacet
  facet normal 0.707107 0.707107 0
    outer loop
      vertex 96.3548 64.6452 23.1521
      vertex 96.3548 64.6452 1.84791
      vertex 96.2929 64.7071 1.83733
    endloop
  endfacet
  facet normal 0.707107 0.707107 0
    outer loop
      vertex 96.4005 64.5995 23.1443
      vertex 96.3548 64.6452 1.84791
      vertex 96.3548 64.6452 23.1521
    endloop
  endfacet
  facet normal 0.707107 0.707107 0
    outer loop
      vertex 96.4005 64.5995 23.1443
      vertex 96.4005 64.5995 1.85573
      vertex 96.3548 64.6452 1.84791
    endloop
  endfacet
  facet normal 0.707107 0.707107 0
    outer loop
      vertex 96.4522 64.5478 23.1413
      vertex 96.4005 64.5995 1.85573
      vertex 96.4005 64.5995 23.1443
    endloop
  endfacet
  facet normal 0.707107 0.707107 0
    outer loop
      vertex 96.4522 64.5478 23.1413
      vertex 96.4522 64.5478 1.85871
      vertex 96.4005 64.5995 1.85573
    endloop
  endfacet
  facet normal 0.707107 0.707107 0
    outer loop
      vertex 96.5 64.5 23.1385
      vertex 96.4522 64.5478 1.85871
      vertex 96.4522 64.5478 23.1413
    endloop
  endfacet
  facet normal 0.707107 0.707107 0
    outer loop
      vertex 96.5 64.5 23.1385
      vertex 96.5 64.5 1.86147
      vertex 96.4522 64.5478 1.85871
    endloop
  endfacet
  facet normal 0.707107 0.707107 0
    outer loop
      vertex 96.5478 64.4522 23.1413
      vertex 96.5 64.5 1.86147
      vertex 96.5 64.5 23.1385
    endloop
  endfacet
  facet normal 0.707107 0.707107 0
    outer loop
      vertex 96.5478 64.4522 23.1413
      vertex 96.5478 64.4522 1.85871
      vertex 96.5 64.5 1.86147
    endloop
  endfacet
  facet normal 0.707107 0.707107 0
    outer loop
      vertex 96.5995 64.4005 23.1443
      vertex 96.5478 64.4522 1.85871
      vertex 96.5478 64.4522 23.1413
    endloop
  endfacet
  facet normal 0.707107 0.707107 0
    outer loop
      vertex 96.5995 64.4005 23.1443
      vertex 96.5995 64.4005 1.85573
      vertex 96.5478 64.4522 1.85871
    endloop
  endfacet
  facet normal 0.707107 0.707107 0
    outer loop
      vertex 96.6452 64.3548 23.1521
      vertex 96.5995 64.4005 1.85573
      vertex 96.5995 64.4005 23.1443
    endloop
  endfacet
  facet normal 0.707107 0.707107 0
    outer loop
      vertex 96.6452 64.3548 23.1521
      vertex 96.6452 64.3548 1.84791
      vertex 96.5995 64.4005 1.85573
    endloop
  endfacet
  facet normal 0.707107 0.707107 0
    outer loop
      vertex 96.7071 64.2929 23.1627
      vertex 96.6452 64.3548 1.84791
      vertex 96.6452 64.3548 23.1521
    endloop
  endfacet
  facet normal 0.707107 0.707107 0
    outer loop
      vertex 96.7071 64.2929 23.1627
      vertex 96.7071 64.2929 1.83733
      vertex 96.6452 64.3548 1.84791
    endloop
  endfacet
  facet normal 0.707107 0.707107 0
    outer loop
      vertex 96.8042 64.1958 23.1896
      vertex 96.7071 64.2929 1.83733
      vertex 96.7071 64.2929 23.1627
    endloop
  endfacet
  facet normal 0.707107 0.707107 0
    outer loop
      vertex 96.8042 64.1958 23.1896
      vertex 96.8042 64.1958 1.81039
      vertex 96.7071 64.2929 1.83733
    endloop
  endfacet
  facet normal 0.707107 0.707107 0
    outer loop
      vertex 96.8341 64.1659 23.1979
      vertex 96.8042 64.1958 1.81039
      vertex 96.8042 64.1958 23.1896
    endloop
  endfacet
  facet normal 0.707107 0.707107 0
    outer loop
      vertex 96.8341 64.1659 23.1979
      vertex 96.8341 64.1659 1.8021
      vertex 96.8042 64.1958 1.81039
    endloop
  endfacet
  facet normal 0.707107 0.707107 0
    outer loop
      vertex 96.8539 64.1461 23.2053
      vertex 96.8341 64.1659 1.8021
      vertex 96.8341 64.1659 23.1979
    endloop
  endfacet
  facet normal 0.707107 0.707107 0
    outer loop
      vertex 96.8539 64.1461 23.2053
      vertex 96.8539 64.1461 1.7947
      vertex 96.8341 64.1659 1.8021
    endloop
  endfacet
  facet normal 0.707107 0.707107 0
    outer loop
      vertex 96.9365 64.0635 23.2362
      vertex 96.8539 64.1461 1.7947
      vertex 96.8539 64.1461 23.2053
    endloop
  endfacet
  facet normal 0.707107 0.707107 0
    outer loop
      vertex 96.9365 64.0635 23.2362
      vertex 96.9365 64.0635 1.76384
      vertex 96.8539 64.1461 1.7947
    endloop
  endfacet
  facet normal 0.707107 0.707107 0
    outer loop
      vertex 97 64 23.2744
      vertex 96.9365 64.0635 1.76384
      vertex 96.9365 64.0635 23.2362
    endloop
  endfacet
  facet normal 0.707107 0.707107 0
    outer loop
      vertex 96.9365 64.0635 1.76384
      vertex 97 64 23.2744
      vertex 97 64 1.72562
    endloop
  endfacet
  facet normal 0.707107 -1.04612e-10 0.707107
    outer loop
      vertex 96.196 63.1837 24.804
      vertex 96.2418 63.1695 24.7582
      vertex 96.2197 63.1764 24.7803
    endloop
  endfacet
  facet normal 0.707107 9.78005e-17 0.707107
    outer loop
      vertex 96.2418 63.1695 24.7582
      vertex 96 1 25
      vertex 96.5806 63.1369 24.4194
    endloop
  endfacet
  facet normal 0.707107 4.04461e-17 0.707107
    outer loop
      vertex 96.196 63.1837 24.804
      vertex 96 1 25
      vertex 96.2418 63.1695 24.7582
    endloop
  endfacet
  facet normal 0.707107 -0 0.707107
    outer loop
      vertex 96 1 25
      vertex 96.196 63.1837 24.804
      vertex 96 63.2885 25
    endloop
  endfacet
  facet normal -0.707107 1.83e-10 -0.707107
    outer loop
      vertex 96.9428 63.2418 24.0572
      vertex 97 63.2744 24
      vertex 96.9725 63.2587 24.0275
    endloop
  endfacet
  facet normal -0.707107 2.30762e-10 -0.707107
    outer loop
      vertex 96.6307 63.1432 24.3693
      vertex 96.9428 63.2418 24.0572
      vertex 96.7957 63.1953 24.2043
    endloop
  endfacet
  facet normal 0.707107 -4.04292e-17 0.707107
    outer loop
      vertex 97 1 24
      vertex 96.5806 63.1369 24.4194
      vertex 96 1 25
    endloop
  endfacet
  facet normal 0.707107 6.3415e-16 0.707107
    outer loop
      vertex 96.5806 63.1369 24.4194
      vertex 97 1 24
      vertex 96.6057 63.1401 24.3943
    endloop
  endfacet
  facet normal 0.707107 -6.36701e-16 0.707107
    outer loop
      vertex 96.6057 63.1401 24.3943
      vertex 97 1 24
      vertex 96.6307 63.1432 24.3693
    endloop
  endfacet
  facet normal 0.707107 -8.78724e-17 0.707107
    outer loop
      vertex 96.6307 63.1432 24.3693
      vertex 97 1 24
      vertex 96.9428 63.2418 24.0572
    endloop
  endfacet
  facet normal 0.707107 0 0.707107
    outer loop
      vertex 96.9428 63.2418 24.0572
      vertex 97 1 24
      vertex 97 63.2744 24
    endloop
  endfacet
  facet normal -0.57735 -0.57735 -0.57735
    outer loop
      vertex 1 0 1
      vertex 0 1 1
      vertex 1 1 0
    endloop
  endfacet
  facet normal 0 -0.707107 -0.707107
    outer loop
      vertex 1 1 0
      vertex 35.5 0 1
      vertex 1 0 1
    endloop
  endfacet
  facet normal 0 -0.707107 -0.707107
    outer loop
      vertex 35.5 0 1
      vertex 1 1 0
      vertex 36.5 1 0
    endloop
  endfacet
  facet normal -0 -0.707107 -0.707107
    outer loop
      vertex 96 1 0
      vertex 60.5 0 1
      vertex 59.5 1 0
    endloop
  endfacet
  facet normal 0 -0.707107 -0.707107
    outer loop
      vertex 60.5 0 1
      vertex 96 1 0
      vertex 96 0 1
    endloop
  endfacet
  facet normal 0 -0.707107 -0.707107
    outer loop
      vertex 36.5 1 0
      vertex 59.5 0 1
      vertex 36.5 0 1
    endloop
  endfacet
  facet normal 0 -0.707107 -0.707107
    outer loop
      vertex 59.5 0 1
      vertex 36.5 1 0
      vertex 59.5 1 0
    endloop
  endfacet
  facet normal 0 -1 0
    outer loop
      vertex 1 0 24
      vertex 34.5 0 5
      vertex 35.5 0 24
    endloop
  endfacet
  facet normal 0 -1 0
    outer loop
      vertex 35.5 0 4
      vertex 34.696 0 4.99036
      vertex 34.5 0 5
    endloop
  endfacet
  facet normal 0 -1 0
    outer loop
      vertex 34.696 0 4.99036
      vertex 35.5 0 4
      vertex 34.8902 0 4.96156
    endloop
  endfacet
  facet normal 0 -1 0
    outer loop
      vertex 34.8902 0 4.96156
      vertex 35.5 0 4
      vertex 35.0806 0 4.91388
    endloop
  endfacet
  facet normal 0 -1 0
    outer loop
      vertex 35.0806 0 4.91388
      vertex 35.5 0 4
      vertex 35.2654 0 4.84775
    endloop
  endfacet
  facet normal 0 -1 0
    outer loop
      vertex 35.2654 0 4.84775
      vertex 35.5 0 4
      vertex 35.4428 0 4.76384
    endloop
  endfacet
  facet normal 0 -1 0
    outer loop
      vertex 35.4428 0 4.76384
      vertex 35.5 0 4
      vertex 35.5 0 4.72954
    endloop
  endfacet
  facet normal 0 -1 0
    outer loop
      vertex 1 0 1
      vertex 34.5 0 5
      vertex 1 0 24
    endloop
  endfacet
  facet normal 0 -1 0
    outer loop
      vertex 35.5 0 1
      vertex 34.5 0 5
      vertex 1 0 1
    endloop
  endfacet
  facet normal 0 -1 0
    outer loop
      vertex 34.5 0 5
      vertex 35.5 0 1
      vertex 35.5 0 4
    endloop
  endfacet
  facet normal 0 -1 -0
    outer loop
      vertex 35.5 0 24
      vertex 34.5 0 5
      vertex 35.5 0 5
    endloop
  endfacet
  facet normal 0 -1 0
    outer loop
      vertex 61.5 0 5
      vertex 60.5 0 24
      vertex 60.5 0 5
    endloop
  endfacet
  facet normal 0 -1 0
    outer loop
      vertex 60.5 0 24
      vertex 61.5 0 5
      vertex 96 0 24
    endloop
  endfacet
  facet normal 0 -1 0
    outer loop
      vertex 60.5 0 4
      vertex 61.304 0 4.99036
      vertex 61.1098 0 4.96156
    endloop
  endfacet
  facet normal 0 -1 0
    outer loop
      vertex 60.5 0 4
      vertex 61.1098 0 4.96156
      vertex 60.9194 0 4.91388
    endloop
  endfacet
  facet normal 0 -1 0
    outer loop
      vertex 60.5 0 4
      vertex 60.9194 0 4.91388
      vertex 60.7346 0 4.84775
    endloop
  endfacet
  facet normal 0 -1 0
    outer loop
      vertex 60.5 0 4
      vertex 60.7346 0 4.84775
      vertex 60.5572 0 4.76384
    endloop
  endfacet
  facet normal 0 -1 0
    outer loop
      vertex 60.5 0 4
      vertex 60.5572 0 4.76384
      vertex 60.5 0 4.72955
    endloop
  endfacet
  facet normal 0 -1 -0
    outer loop
      vertex 61.304 0 4.99036
      vertex 60.5 0 4
      vertex 61.5 0 5
    endloop
  endfacet
  facet normal 0 -1 0
    outer loop
      vertex 60.5 0 1
      vertex 61.5 0 5
      vertex 60.5 0 4
    endloop
  endfacet
  facet normal 0 -1 -0
    outer loop
      vertex 61.5 0 5
      vertex 60.5 0 1
      vertex 96 0 1
    endloop
  endfacet
  facet normal 0 -1 0
    outer loop
      vertex 61.5 0 5
      vertex 96 0 1
      vertex 96 0 24
    endloop
  endfacet
  facet normal 0 -1 0
    outer loop
      vertex 36.5 0 6
      vertex 36.5 0 5
      vertex 37.5 0 5
    endloop
  endfacet
  facet normal 0 -1 -0
    outer loop
      vertex 59.5 0 6
      vertex 58.5 0 5
      vertex 59.5 0 5
    endloop
  endfacet
  facet normal 0 -1 0
    outer loop
      vertex 36.5 0 1
      vertex 59.5 0 4
      vertex 36.5 0 4
    endloop
  endfacet
  facet normal 0 -1 -0
    outer loop
      vertex 59.5 0 4
      vertex 36.5 0 1
      vertex 59.5 0 1
    endloop
  endfacet
  facet normal 0.707107 -0.707107 0
    outer loop
      vertex 96 0 24
      vertex 97 1 1
      vertex 97 1 24
    endloop
  endfacet
  facet normal 0.707107 -0.707107 0
    outer loop
      vertex 97 1 1
      vertex 96 0 24
      vertex 96 0 1
    endloop
  endfacet
  facet normal 0.57735 -0.57735 -0.57735
    outer loop
      vertex 97 1 1
      vertex 96 0 1
      vertex 96 1 0
    endloop
  endfacet
  facet normal -0.752629 0.256076 0.606609
    outer loop
      vertex 97 63.2744 1
      vertex 96.9428 63.2418 0.942793
      vertex 96.9725 63.2587 0.972508
    endloop
  endfacet
  facet normal -0.544933 -0.47101 0.693684
    outer loop
      vertex 96.9428 63.2418 0.942793
      vertex 96.6307 63.1432 0.630669
      vertex 96.7957 63.1953 0.795663
    endloop
  endfacet
  facet normal 0.707501 4.96431e-06 -0.706713
    outer loop
      vertex 96.6057 63.1401 0.605697
      vertex 97 1 1
      vertex 96.5806 63.1369 0.580569
    endloop
  endfacet
  facet normal 0.706711 -5.05824e-06 -0.707503
    outer loop
      vertex 96.6307 63.1432 0.630669
      vertex 97 1 1
      vertex 96.6057 63.1401 0.605697
    endloop
  endfacet
  facet normal 0.707134 -2.9544e-08 -0.70708
    outer loop
      vertex 96.9428 63.2418 0.942793
      vertex 97 1 1
      vertex 96.6307 63.1432 0.630669
    endloop
  endfacet
  facet normal 0.70715 0 -0.707064
    outer loop
      vertex 97 1 1
      vertex 96.9428 63.2418 0.942793
      vertex 97 63.2744 1
    endloop
  endfacet
  facet normal 0.722879 0.193871 -0.663219
    outer loop
      vertex 96.2418 63.1695 0.241802
      vertex 96.196 63.1837 0.196033
      vertex 96.2197 63.1764 0.219731
    endloop
  endfacet
  facet normal 0.707107 -3.52774e-07 -0.707107
    outer loop
      vertex 96 1 0
      vertex 96.5806 63.1369 0.580569
      vertex 97 1 1
    endloop
  endfacet
  facet normal 0.707072 2.9053e-07 -0.707141
    outer loop
      vertex 96.5806 63.1369 0.580569
      vertex 96 1 0
      vertex 96.2418 63.1695 0.241802
    endloop
  endfacet
  facet normal 0.706868 1.8826e-06 -0.707346
    outer loop
      vertex 96.2418 63.1695 0.241802
      vertex 96 1 0
      vertex 96.196 63.1837 0.196033
    endloop
  endfacet
  facet normal 0.707166 0 -0.707047
    outer loop
      vertex 96.196 63.1837 0.196033
      vertex 96 1 0
      vertex 96 63.2885 0
    endloop
  endfacet
  facet normal 0 -0.707107 0.707107
    outer loop
      vertex 35.5 0 24
      vertex 1 1 25
      vertex 1 0 24
    endloop
  endfacet
  facet normal 0 -0.707107 0.707107
    outer loop
      vertex 1 1 25
      vertex 35.5 0 24
      vertex 36.5 1 25
    endloop
  endfacet
  facet normal 0 -0.707107 0.707107
    outer loop
      vertex 60.5 0 24
      vertex 96 1 25
      vertex 59.5 1 25
    endloop
  endfacet
  facet normal 0 -0.707107 0.707107
    outer loop
      vertex 96 1 25
      vertex 60.5 0 24
      vertex 96 0 24
    endloop
  endfacet
  facet normal -0.57735 -0.57735 0.57735
    outer loop
      vertex 1 1 25
      vertex 0 1 24
      vertex 1 0 24
    endloop
  endfacet
  facet normal 0.57735 -0.57735 0.57735
    outer loop
      vertex 96 1 25
      vertex 96 0 24
      vertex 97 1 24
    endloop
  endfacet
  facet normal -0.57735 0.57735 -0.57735
    outer loop
      vertex 91 6 20
      vertex 92 6 19
      vertex 91 5 19
    endloop
  endfacet
  facet normal 0 0.707107 -0.707107
    outer loop
      vertex 91 5 19
      vertex 90 6 20
      vertex 91 6 20
    endloop
  endfacet
  facet normal 0 0.707107 -0.707107
    outer loop
      vertex 90 6 20
      vertex 91 5 19
      vertex 89 5 19
    endloop
  endfacet
  facet normal 0 0.707107 -0.707107
    outer loop
      vertex 6 5 19
      vertex 7 6 20
      vertex 8 5 19
    endloop
  endfacet
  facet normal 0 0.707107 -0.707107
    outer loop
      vertex 7 6 20
      vertex 6 5 19
      vertex 6 6 20
    endloop
  endfacet
  facet normal 0 0 -1
    outer loop
      vertex 91 6 20
      vertex 90.7617 61.1611 20
      vertex 91 61.2885 20
    endloop
  endfacet
  facet normal 0 0 -1
    outer loop
      vertex 91 6 20
      vertex 90.3883 61.0479 20
      vertex 90.7617 61.1611 20
    endloop
  endfacet
  facet normal 0 0 -1
    outer loop
      vertex 90 61.0096 20
      vertex 91 6 20
      vertex 90 6 20
    endloop
  endfacet
  facet normal 0 0 -1
    outer loop
      vertex 91 6 20
      vertex 90 61.0096 20
      vertex 90.3883 61.0479 20
    endloop
  endfacet
  facet normal 0 0 -1
    outer loop
      vertex 6 6 20
      vertex 7 61.0096 20
      vertex 7 6 20
    endloop
  endfacet
  facet normal -0 0 -1
    outer loop
      vertex 7 61.0096 20
      vertex 6 6 20
      vertex 6.6117 61.0479 20
    endloop
  endfacet
  facet normal -0 0 -1
    outer loop
      vertex 6.6117 61.0479 20
      vertex 6 6 20
      vertex 6.23832 61.1611 20
    endloop
  endfacet
  facet normal -0 0 -1
    outer loop
      vertex 6.23832 61.1611 20
      vertex 6 6 20
      vertex 6 61.2885 20
    endloop
  endfacet
  facet normal 0 0 1
    outer loop
      vertex 6 65 20
      vertex 5.89421 64.6549 20
      vertex 6 64.7115 20
    endloop
  endfacet
  facet normal -0 0 1
    outer loop
      vertex 5 65 20
      vertex 5.89421 64.6549 20
      vertex 6 65 20
    endloop
  endfacet
  facet normal 0 0 1
    outer loop
      vertex 5.89421 64.6549 20
      vertex 5 65 20
      vertex 5.5926 64.4074 20
    endloop
  endfacet
  facet normal 0 0 1
    outer loop
      vertex 5.5926 64.4074 20
      vertex 5 65 20
      vertex 5.34507 64.1058 20
    endloop
  endfacet
  facet normal 0 0 1
    outer loop
      vertex 5 64 20
      vertex 5.34507 64.1058 20
      vertex 5 65 20
    endloop
  endfacet
  facet normal 0 0 1
    outer loop
      vertex 5.34507 64.1058 20
      vertex 5 64 20
      vertex 5.28852 64 20
    endloop
  endfacet
  facet normal -0 0 1
    outer loop
      vertex 91.6549 64.1058 20
      vertex 92 64 20
      vertex 92 65 20
    endloop
  endfacet
  facet normal 0 0 1
    outer loop
      vertex 92 64 20
      vertex 91.6549 64.1058 20
      vertex 91.7115 64 20
    endloop
  endfacet
  facet normal 0 0 1
    outer loop
      vertex 92 65 20
      vertex 91.4074 64.4074 20
      vertex 91.6549 64.1058 20
    endloop
  endfacet
  facet normal 0 0 1
    outer loop
      vertex 92 65 20
      vertex 91.1058 64.6549 20
      vertex 91.4074 64.4074 20
    endloop
  endfacet
  facet normal -0 0 1
    outer loop
      vertex 91 65 20
      vertex 91.1058 64.6549 20
      vertex 92 65 20
    endloop
  endfacet
  facet normal 0 0 1
    outer loop
      vertex 91.1058 64.6549 20
      vertex 91 65 20
      vertex 91 64.7115 20
    endloop
  endfacet
  facet normal -0 0 1
    outer loop
      vertex 3 65 20
      vertex 5 64 20
      vertex 4 65 20
    endloop
  endfacet
  facet normal 0 0 1
    outer loop
      vertex 5 64 20
      vertex 3 65 20
      vertex 3 55 20
    endloop
  endfacet
  facet normal 0 0 1
    outer loop
      vertex 5 64 20
      vertex 3 55 20
      vertex 5 55 20
    endloop
  endfacet
  facet normal 0 0 1
    outer loop
      vertex 92 64 20
      vertex 94 65 20
      vertex 93 65 20
    endloop
  endfacet
  facet normal 0 0 1
    outer loop
      vertex 94 65 20
      vertex 92 64 20
      vertex 94 55 20
    endloop
  endfacet
  facet normal 0 0 1
    outer loop
      vertex 94 55 20
      vertex 92 64 20
      vertex 92 55 20
    endloop
  endfacet
  facet normal -0.707107 5.99415e-15 -0.707107
    outer loop
      vertex 91.196 64.5809 19.804
      vertex 91 65 20
      vertex 92 65 19
    endloop
  endfacet
  facet normal -0.707107 -0 -0.707107
    outer loop
      vertex 91 65 20
      vertex 91.1058 64.6549 19.8942
      vertex 91 64.7115 20
    endloop
  endfacet
  facet normal -0.707107 -3.25364e-14 -0.707107
    outer loop
      vertex 91 65 20
      vertex 91.196 64.5809 19.804
      vertex 91.1058 64.6549 19.8942
    endloop
  endfacet
  facet normal -0.707107 1.58836e-14 -0.707107
    outer loop
      vertex 92 65 19
      vertex 91.3076 64.4608 19.6924
      vertex 91.196 64.5809 19.804
    endloop
  endfacet
  facet normal -0.707107 -1.44942e-14 -0.707107
    outer loop
      vertex 92 65 19
      vertex 91.3813 64.3813 19.6187
      vertex 91.3076 64.4608 19.6924
    endloop
  endfacet
  facet normal -0.707107 0 -0.707107
    outer loop
      vertex 92 64 19
      vertex 91.3813 64.3813 19.6187
      vertex 92 65 19
    endloop
  endfacet
  facet normal -0.707107 -2.31719e-14 -0.707107
    outer loop
      vertex 91.3813 64.3813 19.6187
      vertex 92 64 19
      vertex 91.5806 64.0764 19.4194
    endloop
  endfacet
  facet normal -0.707107 -3.53871e-15 -0.707107
    outer loop
      vertex 91.5806 64.0764 19.4194
      vertex 92 64 19
      vertex 91.5861 64.0661 19.4139
    endloop
  endfacet
  facet normal -0.707107 5.94467e-13 -0.707107
    outer loop
      vertex 91.5861 64.0661 19.4139
      vertex 92 64 19
      vertex 91.5886 64.0615 19.4114
    endloop
  endfacet
  facet normal -0.707107 -1.01252e-14 -0.707107
    outer loop
      vertex 92 64 19
      vertex 91.6829 63.8024 19.3171
      vertex 91.5886 64.0615 19.4114
    endloop
  endfacet
  facet normal -0.707107 -2.47982e-15 -0.707107
    outer loop
      vertex 92 64 19
      vertex 91.7163 63.7109 19.2837
      vertex 91.6829 63.8024 19.3171
    endloop
  endfacet
  facet normal -0.707107 1.99812e-14 -0.707107
    outer loop
      vertex 92 64 19
      vertex 91.7567 63.5201 19.2433
      vertex 91.7163 63.7109 19.2837
    endloop
  endfacet
  facet normal -0.707107 1.563e-15 -0.707107
    outer loop
      vertex 92 64 19
      vertex 91.7914 63.3563 19.2086
      vertex 91.7567 63.5201 19.2433
    endloop
  endfacet
  facet normal -0.707107 1.48186e-14 -0.707107
    outer loop
      vertex 92 64 19
      vertex 91.8016 63.21 19.1984
      vertex 91.7914 63.3563 19.2086
    endloop
  endfacet
  facet normal -0.707107 -1.73138e-14 -0.707107
    outer loop
      vertex 92 64 19
      vertex 91.8163 63 19.1837
      vertex 91.8016 63.21 19.1984
    endloop
  endfacet
  facet normal -0.707107 3.86325e-14 -0.707107
    outer loop
      vertex 92 64 19
      vertex 91.8016 62.79 19.1984
      vertex 91.8163 63 19.1837
    endloop
  endfacet
  facet normal -0.707107 -3.29378e-14 -0.707107
    outer loop
      vertex 92 64 19
      vertex 91.7914 62.6437 19.2086
      vertex 91.8016 62.79 19.1984
    endloop
  endfacet
  facet normal -0.707107 -5.37599e-11 -0.707107
    outer loop
      vertex 91.7914 62.6437 19.2086
      vertex 91.7163 62.2891 19.2837
      vertex 91.7567 62.4799 19.2433
    endloop
  endfacet
  facet normal -0.707107 3.29637e-12 -0.707107
    outer loop
      vertex 91.7163 62.2891 19.2837
      vertex 91.5886 61.9385 19.4114
      vertex 91.6829 62.1976 19.3171
    endloop
  endfacet
  facet normal -0.707107 3.07031e-11 -0.707107
    outer loop
      vertex 91.5886 61.9385 19.4114
      vertex 91.5806 61.9236 19.4194
      vertex 91.5861 61.9339 19.4139
    endloop
  endfacet
  facet normal -0.707107 0 -0.707107
    outer loop
      vertex 92 6 19
      vertex 91.7914 62.6437 19.2086
      vertex 92 64 19
    endloop
  endfacet
  facet normal -0.707107 -2.85692e-16 -0.707107
    outer loop
      vertex 92 6 19
      vertex 91.7163 62.2891 19.2837
      vertex 91.7914 62.6437 19.2086
    endloop
  endfacet
  facet normal -0.707107 1.41387e-16 -0.707107
    outer loop
      vertex 92 6 19
      vertex 91.5886 61.9385 19.4114
      vertex 91.7163 62.2891 19.2837
    endloop
  endfacet
  facet normal -0.707107 -2.29299e-15 -0.707107
    outer loop
      vertex 92 6 19
      vertex 91.5806 61.9236 19.4194
      vertex 91.5886 61.9385 19.4114
    endloop
  endfacet
  facet normal -0.707107 2.29801e-16 -0.707107
    outer loop
      vertex 92 6 19
      vertex 91.3813 61.6187 19.6187
      vertex 91.5806 61.9236 19.4194
    endloop
  endfacet
  facet normal -0.707107 3.3118e-16 -0.707107
    outer loop
      vertex 92 6 19
      vertex 91.3076 61.5392 19.6924
      vertex 91.3813 61.6187 19.6187
    endloop
  endfacet
  facet normal -0.707107 -3.62444e-16 -0.707107
    outer loop
      vertex 92 6 19
      vertex 91.196 61.4191 19.804
      vertex 91.3076 61.5392 19.6924
    endloop
  endfacet
  facet normal -0.707107 -8.53598e-16 -0.707107
    outer loop
      vertex 92 6 19
      vertex 91.1058 61.3451 19.8942
      vertex 91.196 61.4191 19.804
    endloop
  endfacet
  facet normal -0.707107 4.25346e-16 -0.707107
    outer loop
      vertex 92 6 19
      vertex 91 61.2885 20
      vertex 91.1058 61.3451 19.8942
    endloop
  endfacet
  facet normal -0.707107 -0 -0.707107
    outer loop
      vertex 91 61.2885 20
      vertex 92 6 19
      vertex 91 6 20
    endloop
  endfacet
  facet normal 0 0 1
    outer loop
      vertex 60.4803 28.6867 5
      vertex 65.5 32 5
      vertex 60.4951 28.843 5
    endloop
  endfacet
  facet normal 0 0 1
    outer loop
      vertex 65.5 32 5
      vertex 60.4951 29.157 5
      vertex 60.5 29 5
    endloop
  endfacet
  facet normal 0 0 1
    outer loop
      vertex 65.5 32 5
      vertex 60.4803 29.3133 5
      vertex 60.4951 29.157 5
    endloop
  endfacet
  facet normal 0 0 1
    outer loop
      vertex 65.5 32 5
      vertex 60.4557 29.4685 5
      vertex 60.4803 29.3133 5
    endloop
  endfacet
  facet normal 0 0 1
    outer loop
      vertex 65.5 32 5
      vertex 60.4215 29.6217 5
      vertex 60.4557 29.4685 5
    endloop
  endfacet
  facet normal 0 0 1
    outer loop
      vertex 65.5 32 5
      vertex 60.3776 29.7725 5
      vertex 60.4215 29.6217 5
    endloop
  endfacet
  facet normal 0 0 1
    outer loop
      vertex 65.5 32 5
      vertex 60.3244 29.9203 5
      vertex 60.3776 29.7725 5
    endloop
  endfacet
  facet normal 0 0 1
    outer loop
      vertex 65.5 32 5
      vertex 60.2621 30.0644 5
      vertex 60.3244 29.9203 5
    endloop
  endfacet
  facet normal 0 0 1
    outer loop
      vertex 63.5 34 5
      vertex 60.1908 30.2044 5
      vertex 60.2621 30.0644 5
    endloop
  endfacet
  facet normal 0 0 1
    outer loop
      vertex 63.5 34 5
      vertex 60.1108 30.3396 5
      vertex 60.1908 30.2044 5
    endloop
  endfacet
  facet normal 0 0 1
    outer loop
      vertex 63.5 34 5
      vertex 60.0225 30.4695 5
      vertex 60.1108 30.3396 5
    endloop
  endfacet
  facet normal 0 0 1
    outer loop
      vertex 63.5 34 5
      vertex 59.9263 30.5936 5
      vertex 60.0225 30.4695 5
    endloop
  endfacet
  facet normal 0 0 1
    outer loop
      vertex 63.5 34 5
      vertex 59.8224 30.7114 5
      vertex 59.9263 30.5936 5
    endloop
  endfacet
  facet normal 0 0 1
    outer loop
      vertex 63.5 34 5
      vertex 59.7114 30.8224 5
      vertex 59.8224 30.7114 5
    endloop
  endfacet
  facet normal 0 0 1
    outer loop
      vertex 63.5 34 5
      vertex 59.5936 30.9263 5
      vertex 59.7114 30.8224 5
    endloop
  endfacet
  facet normal 0 0 1
    outer loop
      vertex 63.5 34 5
      vertex 59.4695 31.0225 5
      vertex 59.5936 30.9263 5
    endloop
  endfacet
  facet normal 0 0 1
    outer loop
      vertex 63.5 34 5
      vertex 59.3396 31.1108 5
      vertex 59.4695 31.0225 5
    endloop
  endfacet
  facet normal 0 0 1
    outer loop
      vertex 63.5 34 5
      vertex 59.2044 31.1908 5
      vertex 59.3396 31.1108 5
    endloop
  endfacet
  facet normal 0 0 1
    outer loop
      vertex 63.5 34 5
      vertex 59.0644 31.2621 5
      vertex 59.2044 31.1908 5
    endloop
  endfacet
  facet normal 0 0 1
    outer loop
      vertex 63.5 34 5
      vertex 58.9203 31.3244 5
      vertex 59.0644 31.2621 5
    endloop
  endfacet
  facet normal 0 0 1
    outer loop
      vertex 63.5 34 5
      vertex 58.7725 31.3776 5
      vertex 58.9203 31.3244 5
    endloop
  endfacet
  facet normal 0 0 1
    outer loop
      vertex 63.5 34 5
      vertex 58.6217 31.4215 5
      vertex 58.7725 31.3776 5
    endloop
  endfacet
  facet normal 0 0 1
    outer loop
      vertex 63.5 34 5
      vertex 58.4685 31.4557 5
      vertex 58.6217 31.4215 5
    endloop
  endfacet
  facet normal 0 0 1
    outer loop
      vertex 63.5 34 5
      vertex 58.3133 31.4803 5
      vertex 58.4685 31.4557 5
    endloop
  endfacet
  facet normal 0 0 1
    outer loop
      vertex 63.5 34 5
      vertex 58.157 31.4951 5
      vertex 58.3133 31.4803 5
    endloop
  endfacet
  facet normal -0 0 1
    outer loop
      vertex 53.5 34 5
      vertex 58.157 31.4951 5
      vertex 63.5 34 5
    endloop
  endfacet
  facet normal 0 0 1
    outer loop
      vertex 58.157 31.4951 5
      vertex 53.5 34 5
      vertex 58 31.5 5
    endloop
  endfacet
  facet normal 0 0 1
    outer loop
      vertex 58 31.5 5
      vertex 53.5 34 5
      vertex 57.843 31.4951 5
    endloop
  endfacet
  facet normal 0 0 1
    outer loop
      vertex 57.843 31.4951 5
      vertex 53.5 34 5
      vertex 57.6867 31.4803 5
    endloop
  endfacet
  facet normal 0 0 1
    outer loop
      vertex 57.6867 31.4803 5
      vertex 53.5 34 5
      vertex 57.5315 31.4557 5
    endloop
  endfacet
  facet normal 0 0 1
    outer loop
      vertex 57.5315 31.4557 5
      vertex 53.5 34 5
      vertex 57.3783 31.4215 5
    endloop
  endfacet
  facet normal 0 0 1
    outer loop
      vertex 57.3783 31.4215 5
      vertex 53.5 34 5
      vertex 57.2275 31.3776 5
    endloop
  endfacet
  facet normal 0 -0 1
    outer loop
      vertex 40.1108 10.3396 5
      vertex 55.8892 10.3396 5
      vertex 40.0225 10.4695 5
    endloop
  endfacet
  facet normal 0 0 1
    outer loop
      vertex 55.5049 29.157 5
      vertex 53.5 34 5
      vertex 55.5 29 5
    endloop
  endfacet
  facet normal 0 0 1
    outer loop
      vertex 55.5197 29.3133 5
      vertex 53.5 34 5
      vertex 55.5049 29.157 5
    endloop
  endfacet
  facet normal 0 0 1
    outer loop
      vertex 55.5443 29.4685 5
      vertex 53.5 34 5
      vertex 55.5197 29.3133 5
    endloop
  endfacet
  facet normal 0 0 1
    outer loop
      vertex 55.5785 29.6217 5
      vertex 53.5 34 5
      vertex 55.5443 29.4685 5
    endloop
  endfacet
  facet normal 0 0 1
    outer loop
      vertex 55.6224 29.7725 5
      vertex 53.5 34 5
      vertex 55.5785 29.6217 5
    endloop
  endfacet
  facet normal 0 0 1
    outer loop
      vertex 55.6756 29.9203 5
      vertex 53.5 34 5
      vertex 55.6224 29.7725 5
    endloop
  endfacet
  facet normal 0 0 1
    outer loop
      vertex 55.7379 30.0644 5
      vertex 53.5 34 5
      vertex 55.6756 29.9203 5
    endloop
  endfacet
  facet normal 0 0 1
    outer loop
      vertex 55.8092 30.2044 5
      vertex 53.5 34 5
      vertex 55.7379 30.0644 5
    endloop
  endfacet
  facet normal 0 0 1
    outer loop
      vertex 55.8892 30.3396 5
      vertex 53.5 34 5
      vertex 55.8092 30.2044 5
    endloop
  endfacet
  facet normal 0 0 1
    outer loop
      vertex 55.9775 30.4695 5
      vertex 53.5 34 5
      vertex 55.8892 30.3396 5
    endloop
  endfacet
  facet normal 0 0 1
    outer loop
      vertex 56.0737 30.5936 5
      vertex 53.5 34 5
      vertex 55.9775 30.4695 5
    endloop
  endfacet
  facet normal 0 0 1
    outer loop
      vertex 56.1776 30.7114 5
      vertex 53.5 34 5
      vertex 56.0737 30.5936 5
    endloop
  endfacet
  facet normal 0 0 1
    outer loop
      vertex 56.2886 30.8224 5
      vertex 53.5 34 5
      vertex 56.1776 30.7114 5
    endloop
  endfacet
  facet normal 0 0 1
    outer loop
      vertex 56.4064 30.9263 5
      vertex 53.5 34 5
      vertex 56.2886 30.8224 5
    endloop
  endfacet
  facet normal 0 0 1
    outer loop
      vertex 56.5305 31.0225 5
      vertex 53.5 34 5
      vertex 56.4064 30.9263 5
    endloop
  endfacet
  facet normal 0 0 1
    outer loop
      vertex 56.6604 31.1108 5
      vertex 53.5 34 5
      vertex 56.5305 31.0225 5
    endloop
  endfacet
  facet normal 0 0 1
    outer loop
      vertex 56.7956 31.1908 5
      vertex 53.5 34 5
      vertex 56.6604 31.1108 5
    endloop
  endfacet
  facet normal 0 0 1
    outer loop
      vertex 56.9356 31.2621 5
      vertex 53.5 34 5
      vertex 56.7956 31.1908 5
    endloop
  endfacet
  facet normal 0 0 1
    outer loop
      vertex 57.0797 31.3244 5
      vertex 53.5 34 5
      vertex 56.9356 31.2621 5
    endloop
  endfacet
  facet normal 0 0 1
    outer loop
      vertex 57.2275 31.3776 5
      vertex 53.5 34 5
      vertex 57.0797 31.3244 5
    endloop
  endfacet
  facet normal 0 0 1
    outer loop
      vertex 60.4557 28.5315 5
      vertex 65.5 32 5
      vertex 60.4803 28.6867 5
    endloop
  endfacet
  facet normal 0 0 1
    outer loop
      vertex 60.4215 28.3783 5
      vertex 65.5 32 5
      vertex 60.4557 28.5315 5
    endloop
  endfacet
  facet normal 0 0 1
    outer loop
      vertex 60.3776 28.2275 5
      vertex 65.5 32 5
      vertex 60.4215 28.3783 5
    endloop
  endfacet
  facet normal 0 0 1
    outer loop
      vertex 60.3244 28.0797 5
      vertex 65.5 32 5
      vertex 60.3776 28.2275 5
    endloop
  endfacet
  facet normal 0 0 1
    outer loop
      vertex 60.2621 27.9356 5
      vertex 65.5 32 5
      vertex 60.3244 28.0797 5
    endloop
  endfacet
  facet normal 0 0 1
    outer loop
      vertex 60.1908 27.7956 5
      vertex 65.5 32 5
      vertex 60.2621 27.9356 5
    endloop
  endfacet
  facet normal 0 0 1
    outer loop
      vertex 60.1108 27.6604 5
      vertex 65.5 32 5
      vertex 60.1908 27.7956 5
    endloop
  endfacet
  facet normal 0 0 1
    outer loop
      vertex 65.5 32 5
      vertex 60.1108 27.6604 5
      vertex 65.5 11 5
    endloop
  endfacet
  facet normal 0 0 1
    outer loop
      vertex 61.5 10 5
      vertex 60.2621 10.0644 5
      vertex 60.29 10 5
    endloop
  endfacet
  facet normal -0 0 1
    outer loop
      vertex 60.0225 27.5305 5
      vertex 65.5 11 5
      vertex 60.1108 27.6604 5
    endloop
  endfacet
  facet normal 0 0 1
    outer loop
      vertex 61.5 10 5
      vertex 60.1908 10.2044 5
      vertex 60.2621 10.0644 5
    endloop
  endfacet
  facet normal -0 0 1
    outer loop
      vertex 59.9263 27.4064 5
      vertex 65.5 11 5
      vertex 60.0225 27.5305 5
    endloop
  endfacet
  facet normal 0 0 1
    outer loop
      vertex 61.5 10 5
      vertex 60.1108 10.3396 5
      vertex 60.1908 10.2044 5
    endloop
  endfacet
  facet normal -0 0 1
    outer loop
      vertex 59.8224 27.2886 5
      vertex 65.5 11 5
      vertex 59.9263 27.4064 5
    endloop
  endfacet
  facet normal 0 0 1
    outer loop
      vertex 61.5 10 5
      vertex 60.0225 10.4695 5
      vertex 60.1108 10.3396 5
    endloop
  endfacet
  facet normal -0 0 1
    outer loop
      vertex 59.7114 27.1776 5
      vertex 65.5 11 5
      vertex 59.8224 27.2886 5
    endloop
  endfacet
  facet normal 0 0 1
    outer loop
      vertex 61.5 10 5
      vertex 59.9263 10.5936 5
      vertex 60.0225 10.4695 5
    endloop
  endfacet
  facet normal -0 0 1
    outer loop
      vertex 59.5936 27.0737 5
      vertex 65.5 11 5
      vertex 59.7114 27.1776 5
    endloop
  endfacet
  facet normal 0 0 1
    outer loop
      vertex 61.5 10 5
      vertex 59.8224 10.7114 5
      vertex 59.9263 10.5936 5
    endloop
  endfacet
  facet normal -0 0 1
    outer loop
      vertex 59.4695 26.9775 5
      vertex 65.5 11 5
      vertex 59.5936 27.0737 5
    endloop
  endfacet
  facet normal 0 0 1
    outer loop
      vertex 61.5 10 5
      vertex 59.7114 10.8224 5
      vertex 59.8224 10.7114 5
    endloop
  endfacet
  facet normal -0 0 1
    outer loop
      vertex 59.3396 26.8892 5
      vertex 65.5 11 5
      vertex 59.4695 26.9775 5
    endloop
  endfacet
  facet normal 0 0 1
    outer loop
      vertex 61.5 10 5
      vertex 59.5936 10.9263 5
      vertex 59.7114 10.8224 5
    endloop
  endfacet
  facet normal 0 -0 1
    outer loop
      vertex 59.5936 10.9263 5
      vertex 65.5 11 5
      vertex 59.4695 11.0225 5
    endloop
  endfacet
  facet normal 0 0 1
    outer loop
      vertex 65.5 11 5
      vertex 59.5936 10.9263 5
      vertex 61.5 10 5
    endloop
  endfacet
  facet normal -0 0 1
    outer loop
      vertex 59.2044 26.8092 5
      vertex 65.5 11 5
      vertex 59.3396 26.8892 5
    endloop
  endfacet
  facet normal 0 0 1
    outer loop
      vertex 65.5 11 5
      vertex 59.3396 11.1108 5
      vertex 59.4695 11.0225 5
    endloop
  endfacet
  facet normal -0 0 1
    outer loop
      vertex 59.0644 26.7379 5
      vertex 65.5 11 5
      vertex 59.2044 26.8092 5
    endloop
  endfacet
  facet normal 0 0 1
    outer loop
      vertex 65.5 11 5
      vertex 59.2044 11.1908 5
      vertex 59.3396 11.1108 5
    endloop
  endfacet
  facet normal -0 0 1
    outer loop
      vertex 59.0644 11.2621 5
      vertex 65.5 11 5
      vertex 59.0644 26.7379 5
    endloop
  endfacet
  facet normal 0 0 1
    outer loop
      vertex 65.5 11 5
      vertex 59.0644 11.2621 5
      vertex 59.2044 11.1908 5
    endloop
  endfacet
  facet normal -0 0 1
    outer loop
      vertex 58.9203 26.6756 5
      vertex 59.0644 11.2621 5
      vertex 59.0644 26.7379 5
    endloop
  endfacet
  facet normal 0 0 1
    outer loop
      vertex 58.9203 26.6756 5
      vertex 58.9203 11.3244 5
      vertex 59.0644 11.2621 5
    endloop
  endfacet
  facet normal -0 0 1
    outer loop
      vertex 58.7725 26.6224 5
      vertex 58.9203 11.3244 5
      vertex 58.9203 26.6756 5
    endloop
  endfacet
  facet normal 0 0 1
    outer loop
      vertex 58.7725 26.6224 5
      vertex 58.7725 11.3776 5
      vertex 58.9203 11.3244 5
    endloop
  endfacet
  facet normal -0 0 1
    outer loop
      vertex 58.6217 26.5785 5
      vertex 58.7725 11.3776 5
      vertex 58.7725 26.6224 5
    endloop
  endfacet
  facet normal 0 0 1
    outer loop
      vertex 58.6217 26.5785 5
      vertex 58.6217 11.4215 5
      vertex 58.7725 11.3776 5
    endloop
  endfacet
  facet normal -0 0 1
    outer loop
      vertex 58.4685 26.5443 5
      vertex 58.6217 11.4215 5
      vertex 58.6217 26.5785 5
    endloop
  endfacet
  facet normal 0 0 1
    outer loop
      vertex 58.4685 26.5443 5
      vertex 58.4685 11.4557 5
      vertex 58.6217 11.4215 5
    endloop
  endfacet
  facet normal -0 0 1
    outer loop
      vertex 58.3133 26.5197 5
      vertex 58.4685 11.4557 5
      vertex 58.4685 26.5443 5
    endloop
  endfacet
  facet normal 0 0 1
    outer loop
      vertex 58.3133 26.5197 5
      vertex 58.3133 11.4803 5
      vertex 58.4685 11.4557 5
    endloop
  endfacet
  facet normal -0 0 1
    outer loop
      vertex 58.157 26.5049 5
      vertex 58.3133 11.4803 5
      vertex 58.3133 26.5197 5
    endloop
  endfacet
  facet normal 0 0 1
    outer loop
      vertex 58.157 26.5049 5
      vertex 58.157 11.4951 5
      vertex 58.3133 11.4803 5
    endloop
  endfacet
  facet normal -0 0 1
    outer loop
      vertex 58 26.5 5
      vertex 58.157 11.4951 5
      vertex 58.157 26.5049 5
    endloop
  endfacet
  facet normal 0 0 1
    outer loop
      vertex 58 26.5 5
      vertex 58 11.5 5
      vertex 58.157 11.4951 5
    endloop
  endfacet
  facet normal 0 0 1
    outer loop
      vertex 57.843 26.5049 5
      vertex 58 11.5 5
      vertex 58 26.5 5
    endloop
  endfacet
  facet normal 0 0 1
    outer loop
      vertex 57.843 26.5049 5
      vertex 57.843 11.4951 5
      vertex 58 11.5 5
    endloop
  endfacet
  facet normal 0 0 1
    outer loop
      vertex 57.6867 26.5197 5
      vertex 57.843 11.4951 5
      vertex 57.843 26.5049 5
    endloop
  endfacet
  facet normal 0 0 1
    outer loop
      vertex 57.6867 26.5197 5
      vertex 57.6867 11.4803 5
      vertex 57.843 11.4951 5
    endloop
  endfacet
  facet normal 0 0 1
    outer loop
      vertex 57.5315 26.5443 5
      vertex 57.6867 11.4803 5
      vertex 57.6867 26.5197 5
    endloop
  endfacet
  facet normal 0 0 1
    outer loop
      vertex 57.5315 26.5443 5
      vertex 57.5315 11.4557 5
      vertex 57.6867 11.4803 5
    endloop
  endfacet
  facet normal 0 0 1
    outer loop
      vertex 57.3783 26.5785 5
      vertex 57.5315 11.4557 5
      vertex 57.5315 26.5443 5
    endloop
  endfacet
  facet normal 0 0 1
    outer loop
      vertex 57.3783 26.5785 5
      vertex 57.3783 11.4215 5
      vertex 57.5315 11.4557 5
    endloop
  endfacet
  facet normal 0 0 1
    outer loop
      vertex 57.2275 26.6224 5
      vertex 57.3783 11.4215 5
      vertex 57.3783 26.5785 5
    endloop
  endfacet
  facet normal 0 0 1
    outer loop
      vertex 57.2275 26.6224 5
      vertex 57.2275 11.3776 5
      vertex 57.3783 11.4215 5
    endloop
  endfacet
  facet normal 0 0 1
    outer loop
      vertex 57.0797 26.6756 5
      vertex 57.2275 11.3776 5
      vertex 57.2275 26.6224 5
    endloop
  endfacet
  facet normal 0 0 1
    outer loop
      vertex 57.0797 26.6756 5
      vertex 57.0797 11.3244 5
      vertex 57.2275 11.3776 5
    endloop
  endfacet
  facet normal 0 0 1
    outer loop
      vertex 56.9356 26.7379 5
      vertex 57.0797 11.3244 5
      vertex 57.0797 26.6756 5
    endloop
  endfacet
  facet normal 0 0 1
    outer loop
      vertex 56.9356 26.7379 5
      vertex 56.9356 11.2621 5
      vertex 57.0797 11.3244 5
    endloop
  endfacet
  facet normal 0 0 1
    outer loop
      vertex 56.7956 26.8092 5
      vertex 56.9356 11.2621 5
      vertex 56.9356 26.7379 5
    endloop
  endfacet
  facet normal 0 0 1
    outer loop
      vertex 56.7956 26.8092 5
      vertex 56.7956 11.1908 5
      vertex 56.9356 11.2621 5
    endloop
  endfacet
  facet normal 0 0 1
    outer loop
      vertex 56.6604 26.8892 5
      vertex 56.7956 11.1908 5
      vertex 56.7956 26.8092 5
    endloop
  endfacet
  facet normal 0 0 1
    outer loop
      vertex 56.6604 26.8892 5
      vertex 56.6604 11.1108 5
      vertex 56.7956 11.1908 5
    endloop
  endfacet
  facet normal 0 0 1
    outer loop
      vertex 56.5305 26.9775 5
      vertex 56.6604 11.1108 5
      vertex 56.6604 26.8892 5
    endloop
  endfacet
  facet normal 0 0 1
    outer loop
      vertex 56.5305 26.9775 5
      vertex 56.5305 11.0225 5
      vertex 56.6604 11.1108 5
    endloop
  endfacet
  facet normal 0 0 1
    outer loop
      vertex 56.4064 27.0737 5
      vertex 56.5305 11.0225 5
      vertex 56.5305 26.9775 5
    endloop
  endfacet
  facet normal 0 0 1
    outer loop
      vertex 56.4064 27.0737 5
      vertex 56.4064 10.9263 5
      vertex 56.5305 11.0225 5
    endloop
  endfacet
  facet normal 0 0 1
    outer loop
      vertex 56.2886 27.1776 5
      vertex 56.4064 10.9263 5
      vertex 56.4064 27.0737 5
    endloop
  endfacet
  facet normal 0 0 1
    outer loop
      vertex 56.2886 27.1776 5
      vertex 56.2886 10.8224 5
      vertex 56.4064 10.9263 5
    endloop
  endfacet
  facet normal 0 0 1
    outer loop
      vertex 56.1776 27.2886 5
      vertex 56.2886 10.8224 5
      vertex 56.2886 27.1776 5
    endloop
  endfacet
  facet normal 0 0 1
    outer loop
      vertex 56.1776 27.2886 5
      vertex 56.1776 10.7114 5
      vertex 56.2886 10.8224 5
    endloop
  endfacet
  facet normal 0 0 1
    outer loop
      vertex 40.0225 27.5305 5
      vertex 55.9775 27.5305 5
      vertex 40.1108 27.6604 5
    endloop
  endfacet
  facet normal 0 0 1
    outer loop
      vertex 55.9775 27.5305 5
      vertex 40.0225 27.5305 5
      vertex 56.0737 27.4064 5
    endloop
  endfacet
  facet normal 0 0 1
    outer loop
      vertex 55.8892 27.6604 5
      vertex 40.1108 27.6604 5
      vertex 55.9775 27.5305 5
    endloop
  endfacet
  facet normal 0 0 1
    outer loop
      vertex 39.9263 27.4064 5
      vertex 56.0737 27.4064 5
      vertex 40.0225 27.5305 5
    endloop
  endfacet
  facet normal 0 0 1
    outer loop
      vertex 40.1108 27.6604 5
      vertex 55.8892 27.6604 5
      vertex 40.1908 27.7956 5
    endloop
  endfacet
  facet normal 0 0 1
    outer loop
      vertex 56.0737 27.4064 5
      vertex 39.9263 27.4064 5
      vertex 56.1776 27.2886 5
    endloop
  endfacet
  facet normal -0 0 1
    outer loop
      vertex 40.1908 27.7956 5
      vertex 55.8892 27.6604 5
      vertex 55.8092 27.7956 5
    endloop
  endfacet
  facet normal 0 0 1
    outer loop
      vertex 39.8224 27.2886 5
      vertex 56.1776 27.2886 5
      vertex 39.9263 27.4064 5
    endloop
  endfacet
  facet normal 0 0 1
    outer loop
      vertex 40.1908 27.7956 5
      vertex 55.8092 27.7956 5
      vertex 55.7379 27.9356 5
    endloop
  endfacet
  facet normal 0 0 1
    outer loop
      vertex 56.1776 27.2886 5
      vertex 39.8224 27.2886 5
      vertex 56.1776 10.7114 5
    endloop
  endfacet
  facet normal 0 0 1
    outer loop
      vertex 40.1908 27.7956 5
      vertex 55.7379 27.9356 5
      vertex 55.6756 28.0797 5
    endloop
  endfacet
  facet normal 0 0 1
    outer loop
      vertex 39.8224 10.7114 5
      vertex 56.1776 10.7114 5
      vertex 39.8224 27.2886 5
    endloop
  endfacet
  facet normal 0 0 1
    outer loop
      vertex 40.1908 27.7956 5
      vertex 55.6756 28.0797 5
      vertex 55.6224 28.2275 5
    endloop
  endfacet
  facet normal 0 0 1
    outer loop
      vertex 56.1776 10.7114 5
      vertex 39.8224 10.7114 5
      vertex 56.0737 10.5936 5
    endloop
  endfacet
  facet normal 0 0 1
    outer loop
      vertex 40.1908 27.7956 5
      vertex 55.6224 28.2275 5
      vertex 55.5785 28.3783 5
    endloop
  endfacet
  facet normal 0 -0 1
    outer loop
      vertex 39.9263 10.5936 5
      vertex 56.0737 10.5936 5
      vertex 39.8224 10.7114 5
    endloop
  endfacet
  facet normal 0 0 1
    outer loop
      vertex 55.5197 28.6867 5
      vertex 40.1908 27.7956 5
      vertex 55.5443 28.5315 5
    endloop
  endfacet
  facet normal 0 0 1
    outer loop
      vertex 55.5443 28.5315 5
      vertex 40.1908 27.7956 5
      vertex 55.5785 28.3783 5
    endloop
  endfacet
  facet normal 0 0 1
    outer loop
      vertex 55.5049 28.843 5
      vertex 40.1908 27.7956 5
      vertex 55.5197 28.6867 5
    endloop
  endfacet
  facet normal 0 0 1
    outer loop
      vertex 56.0737 10.5936 5
      vertex 39.9263 10.5936 5
      vertex 55.9775 10.4695 5
    endloop
  endfacet
  facet normal 0 0 1
    outer loop
      vertex 55.5 29 5
      vertex 40.1908 27.7956 5
      vertex 55.5049 28.843 5
    endloop
  endfacet
  facet normal 0 -0 1
    outer loop
      vertex 40.0225 10.4695 5
      vertex 55.9775 10.4695 5
      vertex 39.9263 10.5936 5
    endloop
  endfacet
  facet normal 0 0 1
    outer loop
      vertex 40.1908 27.7956 5
      vertex 55.5 29 5
      vertex 53.5 34 5
    endloop
  endfacet
  facet normal 0 0 1
    outer loop
      vertex 55.9775 10.4695 5
      vertex 40.0225 10.4695 5
      vertex 55.8892 10.3396 5
    endloop
  endfacet
  facet normal -0 0 1
    outer loop
      vertex 59.4695 6.97746 5
      vertex 59.5 6 5
      vertex 59.5 7.00114 5
    endloop
  endfacet
  facet normal -0 0 1
    outer loop
      vertex 59.3396 6.88918 5
      vertex 59.5 6 5
      vertex 59.4695 6.97746 5
    endloop
  endfacet
  facet normal -0 0 1
    outer loop
      vertex 59.2044 6.80923 5
      vertex 59.5 6 5
      vertex 59.3396 6.88918 5
    endloop
  endfacet
  facet normal -0 0 1
    outer loop
      vertex 59.0644 6.73793 5
      vertex 59.5 6 5
      vertex 59.2044 6.80923 5
    endloop
  endfacet
  facet normal -0 0 1
    outer loop
      vertex 58.9203 6.67556 5
      vertex 59.5 6 5
      vertex 59.0644 6.73793 5
    endloop
  endfacet
  facet normal -0 0 1
    outer loop
      vertex 58.7725 6.62236 5
      vertex 59.5 6 5
      vertex 58.9203 6.67556 5
    endloop
  endfacet
  facet normal -0 0 1
    outer loop
      vertex 58.6217 6.57854 5
      vertex 59.5 6 5
      vertex 58.7725 6.62236 5
    endloop
  endfacet
  facet normal -0 0 1
    outer loop
      vertex 58.4685 6.54428 5
      vertex 59.5 6 5
      vertex 58.6217 6.57854 5
    endloop
  endfacet
  facet normal -0 0 1
    outer loop
      vertex 58.3133 6.51971 5
      vertex 59.5 6 5
      vertex 58.4685 6.54428 5
    endloop
  endfacet
  facet normal -0 0 1
    outer loop
      vertex 58.157 6.50493 5
      vertex 59.5 6 5
      vertex 58.3133 6.51971 5
    endloop
  endfacet
  facet normal -0 0 1
    outer loop
      vertex 58 6.5 5
      vertex 59.5 6 5
      vertex 58.157 6.50493 5
    endloop
  endfacet
  facet normal 0 0 1
    outer loop
      vertex 57.843 6.50493 5
      vertex 59.5 6 5
      vertex 58 6.5 5
    endloop
  endfacet
  facet normal 0 0 1
    outer loop
      vertex 57.6867 6.51971 5
      vertex 59.5 6 5
      vertex 57.843 6.50493 5
    endloop
  endfacet
  facet normal 0 0 1
    outer loop
      vertex 57.5315 6.54428 5
      vertex 59.5 6 5
      vertex 57.6867 6.51971 5
    endloop
  endfacet
  facet normal 0 0 1
    outer loop
      vertex 57.3783 6.57854 5
      vertex 59.5 6 5
      vertex 57.5315 6.54428 5
    endloop
  endfacet
  facet normal 0 0 1
    outer loop
      vertex 55.8892 10.3396 5
      vertex 40.1108 10.3396 5
      vertex 55.8092 10.2044 5
    endloop
  endfacet
  facet normal 0 0 1
    outer loop
      vertex 40.5 29 5
      vertex 53.5 34 5
      vertex 52.5 35 5
    endloop
  endfacet
  facet normal 0 -0 1
    outer loop
      vertex 40.1908 10.2044 5
      vertex 55.8092 10.2044 5
      vertex 40.1108 10.3396 5
    endloop
  endfacet
  facet normal 0 0 1
    outer loop
      vertex 42.5 35 5
      vertex 52.5 35 5
      vertex 42.5 53 5
    endloop
  endfacet
  facet normal 0 0 1
    outer loop
      vertex 40.4803 29.3133 5
      vertex 52.5 35 5
      vertex 42.5 35 5
    endloop
  endfacet
  facet normal 0 0 1
    outer loop
      vertex 53.5 34 5
      vertex 40.4803 28.6867 5
      vertex 40.4557 28.5315 5
    endloop
  endfacet
  facet normal 0 0 1
    outer loop
      vertex 53.5 34 5
      vertex 40.4557 28.5315 5
      vertex 40.4215 28.3783 5
    endloop
  endfacet
  facet normal 0 0 1
    outer loop
      vertex 53.5 34 5
      vertex 40.4215 28.3783 5
      vertex 40.3776 28.2275 5
    endloop
  endfacet
  facet normal 0 0 1
    outer loop
      vertex 53.5 34 5
      vertex 40.3776 28.2275 5
      vertex 40.3244 28.0797 5
    endloop
  endfacet
  facet normal 0 0 1
    outer loop
      vertex 53.5 34 5
      vertex 40.3244 28.0797 5
      vertex 40.2621 27.9356 5
    endloop
  endfacet
  facet normal 0 0 1
    outer loop
      vertex 40.4557 29.4685 5
      vertex 42.5 35 5
      vertex 41.5 34 5
    endloop
  endfacet
  facet normal 0 0 1
    outer loop
      vertex 53.5 34 5
      vertex 40.4951 28.843 5
      vertex 40.4803 28.6867 5
    endloop
  endfacet
  facet normal 0 0 1
    outer loop
      vertex 53.5 34 5
      vertex 40.5 29 5
      vertex 40.4951 28.843 5
    endloop
  endfacet
  facet normal 0 0 1
    outer loop
      vertex 53.5 34 5
      vertex 40.2621 27.9356 5
      vertex 40.1908 27.7956 5
    endloop
  endfacet
  facet normal 0 0 1
    outer loop
      vertex 55.8092 10.2044 5
      vertex 40.1908 10.2044 5
      vertex 55.7379 10.0644 5
    endloop
  endfacet
  facet normal 0 -0 1
    outer loop
      vertex 40.2621 10.0644 5
      vertex 55.7379 10.0644 5
      vertex 40.1908 10.2044 5
    endloop
  endfacet
  facet normal 0 0 1
    outer loop
      vertex 55.6224 8.22746 5
      vertex 40.3776 8.22746 5
      vertex 55.6756 8.07969 5
    endloop
  endfacet
  facet normal 0 0 1
    outer loop
      vertex 40.3244 8.07969 5
      vertex 55.6756 8.07969 5
      vertex 40.3776 8.22746 5
    endloop
  endfacet
  facet normal 0 0 1
    outer loop
      vertex 55.6756 8.07969 5
      vertex 40.3244 8.07969 5
      vertex 55.7379 7.93555 5
    endloop
  endfacet
  facet normal 0 0 1
    outer loop
      vertex 40.2621 7.93555 5
      vertex 55.7379 7.93555 5
      vertex 40.3244 8.07969 5
    endloop
  endfacet
  facet normal 0 0 1
    outer loop
      vertex 55.7379 7.93555 5
      vertex 40.2621 7.93555 5
      vertex 55.8092 7.79562 5
    endloop
  endfacet
  facet normal 0 0 1
    outer loop
      vertex 40.1908 7.79562 5
      vertex 55.8092 7.79562 5
      vertex 40.2621 7.93555 5
    endloop
  endfacet
  facet normal 0 0 1
    outer loop
      vertex 55.8092 7.79562 5
      vertex 40.1908 7.79562 5
      vertex 55.8892 7.66043 5
    endloop
  endfacet
  facet normal 0 0 1
    outer loop
      vertex 40.1108 7.66043 5
      vertex 55.8892 7.66043 5
      vertex 40.1908 7.79562 5
    endloop
  endfacet
  facet normal 0 0 1
    outer loop
      vertex 55.8892 7.66043 5
      vertex 40.1108 7.66043 5
      vertex 55.9775 7.53054 5
    endloop
  endfacet
  facet normal 0 0 1
    outer loop
      vertex 40.0225 7.53054 5
      vertex 55.9775 7.53054 5
      vertex 40.1108 7.66043 5
    endloop
  endfacet
  facet normal 0 0 1
    outer loop
      vertex 55.9775 7.53054 5
      vertex 40.0225 7.53054 5
      vertex 56.0737 7.40644 5
    endloop
  endfacet
  facet normal 0 0 1
    outer loop
      vertex 39.9263 7.40644 5
      vertex 56.0737 7.40644 5
      vertex 40.0225 7.53054 5
    endloop
  endfacet
  facet normal 0 0 1
    outer loop
      vertex 56.0737 7.40644 5
      vertex 39.9263 7.40644 5
      vertex 56.1776 7.28863 5
    endloop
  endfacet
  facet normal 0 0 1
    outer loop
      vertex 39.8224 7.28863 5
      vertex 56.1776 7.28863 5
      vertex 39.9263 7.40644 5
    endloop
  endfacet
  facet normal 0 0 1
    outer loop
      vertex 56.1776 7.28863 5
      vertex 39.8224 7.28863 5
      vertex 56.2886 7.17758 5
    endloop
  endfacet
  facet normal 0 0 1
    outer loop
      vertex 39.7114 7.17758 5
      vertex 56.2886 7.17758 5
      vertex 39.8224 7.28863 5
    endloop
  endfacet
  facet normal 0 0 1
    outer loop
      vertex 56.2886 7.17758 5
      vertex 39.7114 7.17758 5
      vertex 56.4064 7.07372 5
    endloop
  endfacet
  facet normal 0 0 1
    outer loop
      vertex 39.5936 7.07372 5
      vertex 56.4064 7.07372 5
      vertex 39.7114 7.17758 5
    endloop
  endfacet
  facet normal 0 0 1
    outer loop
      vertex 56.4064 7.07372 5
      vertex 39.5936 7.07372 5
      vertex 56.5305 6.97746 5
    endloop
  endfacet
  facet normal 0 0 1
    outer loop
      vertex 39.4695 6.97746 5
      vertex 56.5305 6.97746 5
      vertex 39.5936 7.07372 5
    endloop
  endfacet
  facet normal 0 0 1
    outer loop
      vertex 56.5305 6.97746 5
      vertex 39.4695 6.97746 5
      vertex 56.6604 6.88918 5
    endloop
  endfacet
  facet normal 0 0 1
    outer loop
      vertex 39.3396 6.88918 5
      vertex 56.6604 6.88918 5
      vertex 39.4695 6.97746 5
    endloop
  endfacet
  facet normal 0 0 1
    outer loop
      vertex 56.6604 6.88918 5
      vertex 39.3396 6.88918 5
      vertex 56.7956 6.80923 5
    endloop
  endfacet
  facet normal 0 0 1
    outer loop
      vertex 39.2044 6.80923 5
      vertex 56.7956 6.80923 5
      vertex 39.3396 6.88918 5
    endloop
  endfacet
  facet normal 0 0 1
    outer loop
      vertex 56.7956 6.80923 5
      vertex 39.2044 6.80923 5
      vertex 56.9356 6.73793 5
    endloop
  endfacet
  facet normal 0 0 1
    outer loop
      vertex 39.0644 6.73793 5
      vertex 56.9356 6.73793 5
      vertex 39.2044 6.80923 5
    endloop
  endfacet
  facet normal 0 0 1
    outer loop
      vertex 56.9356 6.73793 5
      vertex 39.0644 6.73793 5
      vertex 57.0797 6.67556 5
    endloop
  endfacet
  facet normal 0 0 1
    outer loop
      vertex 38.9203 6.67556 5
      vertex 57.0797 6.67556 5
      vertex 39.0644 6.73793 5
    endloop
  endfacet
  facet normal 0 0 1
    outer loop
      vertex 57.0797 6.67556 5
      vertex 38.9203 6.67556 5
      vertex 57.2275 6.62236 5
    endloop
  endfacet
  facet normal 0 0 1
    outer loop
      vertex 38.7725 6.62236 5
      vertex 57.2275 6.62236 5
      vertex 38.9203 6.67556 5
    endloop
  endfacet
  facet normal 0 0 1
    outer loop
      vertex 57.2275 6.62236 5
      vertex 38.7725 6.62236 5
      vertex 57.3783 6.57854 5
    endloop
  endfacet
  facet normal 0 0 1
    outer loop
      vertex 38.6217 6.57854 5
      vertex 57.3783 6.57854 5
      vertex 38.7725 6.62236 5
    endloop
  endfacet
  facet normal 0 0 1
    outer loop
      vertex 57.3783 6.57854 5
      vertex 38.6217 6.57854 5
      vertex 59.5 6 5
    endloop
  endfacet
  facet normal 0 0 1
    outer loop
      vertex 36.5 6 5
      vertex 38.6217 6.57854 5
      vertex 38.4685 6.54428 5
    endloop
  endfacet
  facet normal 0 0 1
    outer loop
      vertex 36.5 6 5
      vertex 38.4685 6.54428 5
      vertex 38.3133 6.51971 5
    endloop
  endfacet
  facet normal 0 0 1
    outer loop
      vertex 36.5 6 5
      vertex 38.3133 6.51971 5
      vertex 38.157 6.50493 5
    endloop
  endfacet
  facet normal 0 0 1
    outer loop
      vertex 36.5 6 5
      vertex 38.157 6.50493 5
      vertex 38 6.5 5
    endloop
  endfacet
  facet normal 0 0 1
    outer loop
      vertex 38.6217 6.57854 5
      vertex 36.5 6 5
      vertex 59.5 6 5
    endloop
  endfacet
  facet normal 0 0 1
    outer loop
      vertex 37.843 6.50493 5
      vertex 36.5 6 5
      vertex 38 6.5 5
    endloop
  endfacet
  facet normal 0 0 1
    outer loop
      vertex 37.6867 6.51971 5
      vertex 36.5 6 5
      vertex 37.843 6.50493 5
    endloop
  endfacet
  facet normal 0 0 1
    outer loop
      vertex 37.5315 6.54428 5
      vertex 36.5 6 5
      vertex 37.6867 6.51971 5
    endloop
  endfacet
  facet normal 0 0 1
    outer loop
      vertex 37.3783 6.57854 5
      vertex 36.5 6 5
      vertex 37.5315 6.54428 5
    endloop
  endfacet
  facet normal 0 0 1
    outer loop
      vertex 37.2275 6.62236 5
      vertex 36.5 6 5
      vertex 37.3783 6.57854 5
    endloop
  endfacet
  facet normal 0 0 1
    outer loop
      vertex 37.0797 6.67556 5
      vertex 36.5 6 5
      vertex 37.2275 6.62236 5
    endloop
  endfacet
  facet normal 0 0 1
    outer loop
      vertex 36.9356 6.73793 5
      vertex 36.5 6 5
      vertex 37.0797 6.67556 5
    endloop
  endfacet
  facet normal 0 0 1
    outer loop
      vertex 36.7956 6.80923 5
      vertex 36.5 6 5
      vertex 36.9356 6.73793 5
    endloop
  endfacet
  facet normal 0 0 1
    outer loop
      vertex 36.6604 6.88918 5
      vertex 36.5 6 5
      vertex 36.7956 6.80923 5
    endloop
  endfacet
  facet normal 0 0 1
    outer loop
      vertex 36.5305 6.97746 5
      vertex 36.5 6 5
      vertex 36.6604 6.88918 5
    endloop
  endfacet
  facet normal 0 0 1
    outer loop
      vertex 36.5 6 5
      vertex 36.5305 6.97746 5
      vertex 36.5 7.00114 5
    endloop
  endfacet
  facet normal 0 0 1
    outer loop
      vertex 55.7379 10.0644 5
      vertex 40.2621 10.0644 5
      vertex 55.6756 9.92031 5
    endloop
  endfacet
  facet normal 0 0 1
    outer loop
      vertex 40.3776 8.22746 5
      vertex 55.6224 8.22746 5
      vertex 40.4215 8.37827 5
    endloop
  endfacet
  facet normal 0 -0 1
    outer loop
      vertex 40.3244 9.92031 5
      vertex 55.6756 9.92031 5
      vertex 40.2621 10.0644 5
    endloop
  endfacet
  facet normal 0 0 1
    outer loop
      vertex 55.5785 8.37827 5
      vertex 40.4215 8.37827 5
      vertex 55.6224 8.22746 5
    endloop
  endfacet
  facet normal 0 0 1
    outer loop
      vertex 55.6756 9.92031 5
      vertex 40.3244 9.92031 5
      vertex 55.6224 9.77254 5
    endloop
  endfacet
  facet normal 0 0 1
    outer loop
      vertex 40.4215 8.37827 5
      vertex 55.5785 8.37827 5
      vertex 40.4557 8.53155 5
    endloop
  endfacet
  facet normal 0 -0 1
    outer loop
      vertex 40.3776 9.77254 5
      vertex 55.6224 9.77254 5
      vertex 40.3244 9.92031 5
    endloop
  endfacet
  facet normal 0 0 1
    outer loop
      vertex 55.5443 8.53155 5
      vertex 40.4557 8.53155 5
      vertex 55.5785 8.37827 5
    endloop
  endfacet
  facet normal 0 0 1
    outer loop
      vertex 55.6224 9.77254 5
      vertex 40.3776 9.77254 5
      vertex 55.5785 9.62172 5
    endloop
  endfacet
  facet normal 0 0 1
    outer loop
      vertex 40.4557 8.53155 5
      vertex 55.5443 8.53155 5
      vertex 40.4803 8.68667 5
    endloop
  endfacet
  facet normal 0 -0 1
    outer loop
      vertex 40.4557 9.46845 5
      vertex 55.5443 9.46845 5
      vertex 40.4215 9.62172 5
    endloop
  endfacet
  facet normal 0 0 1
    outer loop
      vertex 55.5197 8.68667 5
      vertex 40.4803 8.68667 5
      vertex 55.5443 8.53155 5
    endloop
  endfacet
  facet normal 0 0 1
    outer loop
      vertex 55.5443 9.46845 5
      vertex 40.4557 9.46845 5
      vertex 55.5197 9.31333 5
    endloop
  endfacet
  facet normal 0 0 1
    outer loop
      vertex 40.4803 8.68667 5
      vertex 55.5197 8.68667 5
      vertex 40.4951 8.84302 5
    endloop
  endfacet
  facet normal 0 -0 1
    outer loop
      vertex 40.4803 9.31333 5
      vertex 55.5197 9.31333 5
      vertex 40.4557 9.46845 5
    endloop
  endfacet
  facet normal 0 0 1
    outer loop
      vertex 55.5049 8.84302 5
      vertex 40.4951 8.84302 5
      vertex 55.5197 8.68667 5
    endloop
  endfacet
  facet normal 0 0 1
    outer loop
      vertex 55.5197 9.31333 5
      vertex 40.4803 9.31333 5
      vertex 55.5049 9.15698 5
    endloop
  endfacet
  facet normal 0 0 1
    outer loop
      vertex 40.4951 8.84302 5
      vertex 55.5049 8.84302 5
      vertex 40.5 9 5
    endloop
  endfacet
  facet normal 0 -0 1
    outer loop
      vertex 40.4951 9.15698 5
      vertex 55.5049 9.15698 5
      vertex 40.4803 9.31333 5
    endloop
  endfacet
  facet normal 0 0 1
    outer loop
      vertex 55.5 9 5
      vertex 40.5 9 5
      vertex 55.5049 8.84302 5
    endloop
  endfacet
  facet normal 0 0 1
    outer loop
      vertex 55.5049 9.15698 5
      vertex 40.4951 9.15698 5
      vertex 55.5 9 5
    endloop
  endfacet
  facet normal 0 -0 1
    outer loop
      vertex 40.5 9 5
      vertex 55.5 9 5
      vertex 40.4951 9.15698 5
    endloop
  endfacet
  facet normal 0 -0 1
    outer loop
      vertex 40.4215 9.62172 5
      vertex 55.5785 9.62172 5
      vertex 40.3776 9.77254 5
    endloop
  endfacet
  facet normal 0 0 1
    outer loop
      vertex 55.5785 9.62172 5
      vertex 40.4215 9.62172 5
      vertex 55.5443 9.46845 5
    endloop
  endfacet
  facet normal -0 0 1
    outer loop
      vertex 39.7114 27.1776 5
      vertex 39.8224 10.7114 5
      vertex 39.8224 27.2886 5
    endloop
  endfacet
  facet normal 0 0 1
    outer loop
      vertex 39.7114 27.1776 5
      vertex 39.7114 10.8224 5
      vertex 39.8224 10.7114 5
    endloop
  endfacet
  facet normal -0 0 1
    outer loop
      vertex 39.5936 27.0737 5
      vertex 39.7114 10.8224 5
      vertex 39.7114 27.1776 5
    endloop
  endfacet
  facet normal 0 0 1
    outer loop
      vertex 39.5936 27.0737 5
      vertex 39.5936 10.9263 5
      vertex 39.7114 10.8224 5
    endloop
  endfacet
  facet normal -0 0 1
    outer loop
      vertex 39.4695 26.9775 5
      vertex 39.5936 10.9263 5
      vertex 39.5936 27.0737 5
    endloop
  endfacet
  facet normal 0 0 1
    outer loop
      vertex 39.4695 26.9775 5
      vertex 39.4695 11.0225 5
      vertex 39.5936 10.9263 5
    endloop
  endfacet
  facet normal -0 0 1
    outer loop
      vertex 39.3396 26.8892 5
      vertex 39.4695 11.0225 5
      vertex 39.4695 26.9775 5
    endloop
  endfacet
  facet normal 0 0 1
    outer loop
      vertex 39.3396 26.8892 5
      vertex 39.3396 11.1108 5
      vertex 39.4695 11.0225 5
    endloop
  endfacet
  facet normal -0 0 1
    outer loop
      vertex 39.2044 26.8092 5
      vertex 39.3396 11.1108 5
      vertex 39.3396 26.8892 5
    endloop
  endfacet
  facet normal 0 0 1
    outer loop
      vertex 39.2044 26.8092 5
      vertex 39.2044 11.1908 5
      vertex 39.3396 11.1108 5
    endloop
  endfacet
  facet normal -0 0 1
    outer loop
      vertex 39.0644 26.7379 5
      vertex 39.2044 11.1908 5
      vertex 39.2044 26.8092 5
    endloop
  endfacet
  facet normal 0 0 1
    outer loop
      vertex 39.0644 26.7379 5
      vertex 39.0644 11.2621 5
      vertex 39.2044 11.1908 5
    endloop
  endfacet
  facet normal -0 0 1
    outer loop
      vertex 38.9203 26.6756 5
      vertex 39.0644 11.2621 5
      vertex 39.0644 26.7379 5
    endloop
  endfacet
  facet normal 0 0 1
    outer loop
      vertex 38.9203 26.6756 5
      vertex 38.9203 11.3244 5
      vertex 39.0644 11.2621 5
    endloop
  endfacet
  facet normal -0 0 1
    outer loop
      vertex 38.7725 26.6224 5
      vertex 38.9203 11.3244 5
      vertex 38.9203 26.6756 5
    endloop
  endfacet
  facet normal 0 0 1
    outer loop
      vertex 38.7725 26.6224 5
      vertex 38.7725 11.3776 5
      vertex 38.9203 11.3244 5
    endloop
  endfacet
  facet normal -0 0 1
    outer loop
      vertex 38.6217 26.5785 5
      vertex 38.7725 11.3776 5
      vertex 38.7725 26.6224 5
    endloop
  endfacet
  facet normal 0 0 1
    outer loop
      vertex 38.6217 26.5785 5
      vertex 38.6217 11.4215 5
      vertex 38.7725 11.3776 5
    endloop
  endfacet
  facet normal -0 0 1
    outer loop
      vertex 38.4685 26.5443 5
      vertex 38.6217 11.4215 5
      vertex 38.6217 26.5785 5
    endloop
  endfacet
  facet normal 0 0 1
    outer loop
      vertex 38.4685 26.5443 5
      vertex 38.4685 11.4557 5
      vertex 38.6217 11.4215 5
    endloop
  endfacet
  facet normal -0 0 1
    outer loop
      vertex 38.3133 26.5197 5
      vertex 38.4685 11.4557 5
      vertex 38.4685 26.5443 5
    endloop
  endfacet
  facet normal 0 0 1
    outer loop
      vertex 38.3133 26.5197 5
      vertex 38.3133 11.4803 5
      vertex 38.4685 11.4557 5
    endloop
  endfacet
  facet normal -0 0 1
    outer loop
      vertex 38.157 26.5049 5
      vertex 38.3133 11.4803 5
      vertex 38.3133 26.5197 5
    endloop
  endfacet
  facet normal 0 0 1
    outer loop
      vertex 38.157 26.5049 5
      vertex 38.157 11.4951 5
      vertex 38.3133 11.4803 5
    endloop
  endfacet
  facet normal -0 0 1
    outer loop
      vertex 38 26.5 5
      vertex 38.157 11.4951 5
      vertex 38.157 26.5049 5
    endloop
  endfacet
  facet normal 0 0 1
    outer loop
      vertex 38 26.5 5
      vertex 38 11.5 5
      vertex 38.157 11.4951 5
    endloop
  endfacet
  facet normal 0 0 1
    outer loop
      vertex 37.843 26.5049 5
      vertex 38 11.5 5
      vertex 38 26.5 5
    endloop
  endfacet
  facet normal 0 0 1
    outer loop
      vertex 37.843 26.5049 5
      vertex 37.843 11.4951 5
      vertex 38 11.5 5
    endloop
  endfacet
  facet normal 0 0 1
    outer loop
      vertex 37.6867 26.5197 5
      vertex 37.843 11.4951 5
      vertex 37.843 26.5049 5
    endloop
  endfacet
  facet normal 0 0 1
    outer loop
      vertex 37.6867 26.5197 5
      vertex 37.6867 11.4803 5
      vertex 37.843 11.4951 5
    endloop
  endfacet
  facet normal 0 0 1
    outer loop
      vertex 37.5315 26.5443 5
      vertex 37.6867 11.4803 5
      vertex 37.6867 26.5197 5
    endloop
  endfacet
  facet normal 0 0 1
    outer loop
      vertex 37.5315 26.5443 5
      vertex 37.5315 11.4557 5
      vertex 37.6867 11.4803 5
    endloop
  endfacet
  facet normal 0 0 1
    outer loop
      vertex 37.3783 26.5785 5
      vertex 37.5315 11.4557 5
      vertex 37.5315 26.5443 5
    endloop
  endfacet
  facet normal 0 0 1
    outer loop
      vertex 37.3783 26.5785 5
      vertex 37.3783 11.4215 5
      vertex 37.5315 11.4557 5
    endloop
  endfacet
  facet normal 0 0 1
    outer loop
      vertex 37.2275 26.6224 5
      vertex 37.3783 11.4215 5
      vertex 37.3783 26.5785 5
    endloop
  endfacet
  facet normal 0 0 1
    outer loop
      vertex 37.2275 26.6224 5
      vertex 37.2275 11.3776 5
      vertex 37.3783 11.4215 5
    endloop
  endfacet
  facet normal 0 0 1
    outer loop
      vertex 37.0797 26.6756 5
      vertex 37.2275 11.3776 5
      vertex 37.2275 26.6224 5
    endloop
  endfacet
  facet normal 0 0 1
    outer loop
      vertex 37.0797 26.6756 5
      vertex 37.0797 11.3244 5
      vertex 37.2275 11.3776 5
    endloop
  endfacet
  facet normal 0 0 1
    outer loop
      vertex 36.9356 26.7379 5
      vertex 37.0797 11.3244 5
      vertex 37.0797 26.6756 5
    endloop
  endfacet
  facet normal 0 0 1
    outer loop
      vertex 36.9356 26.7379 5
      vertex 36.9356 11.2621 5
      vertex 37.0797 11.3244 5
    endloop
  endfacet
  facet normal 0 0 1
    outer loop
      vertex 30.5 11 5
      vertex 36.9356 26.7379 5
      vertex 36.7956 26.8092 5
    endloop
  endfacet
  facet normal 0 0 1
    outer loop
      vertex 36.9356 26.7379 5
      vertex 30.5 11 5
      vertex 36.9356 11.2621 5
    endloop
  endfacet
  facet normal 0 0 1
    outer loop
      vertex 30.5 11 5
      vertex 36.7956 26.8092 5
      vertex 36.6604 26.8892 5
    endloop
  endfacet
  facet normal 0 0 1
    outer loop
      vertex 36.9356 11.2621 5
      vertex 30.5 11 5
      vertex 36.7956 11.1908 5
    endloop
  endfacet
  facet normal 0 0 1
    outer loop
      vertex 30.5 11 5
      vertex 36.6604 26.8892 5
      vertex 36.5305 26.9775 5
    endloop
  endfacet
  facet normal 0 0 1
    outer loop
      vertex 36.7956 11.1908 5
      vertex 30.5 11 5
      vertex 36.6604 11.1108 5
    endloop
  endfacet
  facet normal 0 0 1
    outer loop
      vertex 30.5 11 5
      vertex 36.5305 26.9775 5
      vertex 36.4064 27.0737 5
    endloop
  endfacet
  facet normal 0 0 1
    outer loop
      vertex 36.6604 11.1108 5
      vertex 30.5 11 5
      vertex 36.5305 11.0225 5
    endloop
  endfacet
  facet normal 0 0 1
    outer loop
      vertex 30.5 11 5
      vertex 36.4064 27.0737 5
      vertex 36.2886 27.1776 5
    endloop
  endfacet
  facet normal 0 0 1
    outer loop
      vertex 36.5305 11.0225 5
      vertex 30.5 11 5
      vertex 36.4064 10.9263 5
    endloop
  endfacet
  facet normal 0 0 1
    outer loop
      vertex 30.5 11 5
      vertex 36.2886 27.1776 5
      vertex 36.1776 27.2886 5
    endloop
  endfacet
  facet normal 0 -0 1
    outer loop
      vertex 34.5 10 5
      vertex 36.4064 10.9263 5
      vertex 30.5 11 5
    endloop
  endfacet
  facet normal 0 0 1
    outer loop
      vertex 30.5 11 5
      vertex 36.1776 27.2886 5
      vertex 36.0737 27.4064 5
    endloop
  endfacet
  facet normal 0 0 1
    outer loop
      vertex 36.4064 10.9263 5
      vertex 34.5 10 5
      vertex 36.2886 10.8224 5
    endloop
  endfacet
  facet normal 0 0 1
    outer loop
      vertex 30.5 11 5
      vertex 36.0737 27.4064 5
      vertex 35.9775 27.5305 5
    endloop
  endfacet
  facet normal 0 0 1
    outer loop
      vertex 36.2886 10.8224 5
      vertex 34.5 10 5
      vertex 36.1776 10.7114 5
    endloop
  endfacet
  facet normal 0 0 1
    outer loop
      vertex 30.5 11 5
      vertex 35.9775 27.5305 5
      vertex 35.8892 27.6604 5
    endloop
  endfacet
  facet normal 0 0 1
    outer loop
      vertex 36.1776 10.7114 5
      vertex 34.5 10 5
      vertex 36.0737 10.5936 5
    endloop
  endfacet
  facet normal 0 0 1
    outer loop
      vertex 30.5 32 5
      vertex 35.8892 27.6604 5
      vertex 35.8092 27.7956 5
    endloop
  endfacet
  facet normal 0 0 1
    outer loop
      vertex 36.0737 10.5936 5
      vertex 34.5 10 5
      vertex 35.9775 10.4695 5
    endloop
  endfacet
  facet normal 0 0 1
    outer loop
      vertex 30.5 32 5
      vertex 35.8092 27.7956 5
      vertex 35.7379 27.9356 5
    endloop
  endfacet
  facet normal 0 0 1
    outer loop
      vertex 35.9775 10.4695 5
      vertex 34.5 10 5
      vertex 35.8892 10.3396 5
    endloop
  endfacet
  facet normal 0 0 1
    outer loop
      vertex 35.8092 10.2044 5
      vertex 34.5 10 5
      vertex 35.7379 10.0644 5
    endloop
  endfacet
  facet normal 0 0 1
    outer loop
      vertex 30.5 32 5
      vertex 35.7379 27.9356 5
      vertex 35.6756 28.0797 5
    endloop
  endfacet
  facet normal 0 0 1
    outer loop
      vertex 30.5 32 5
      vertex 35.6756 28.0797 5
      vertex 35.6224 28.2275 5
    endloop
  endfacet
  facet normal 0 0 1
    outer loop
      vertex 30.5 32 5
      vertex 35.6224 28.2275 5
      vertex 35.5785 28.3783 5
    endloop
  endfacet
  facet normal 0 0 1
    outer loop
      vertex 30.5 32 5
      vertex 35.5785 28.3783 5
      vertex 35.5443 28.5315 5
    endloop
  endfacet
  facet normal 0 0 1
    outer loop
      vertex 30.5 32 5
      vertex 35.5443 28.5315 5
      vertex 35.5197 28.6867 5
    endloop
  endfacet
  facet normal 0 0 1
    outer loop
      vertex 30.5 32 5
      vertex 35.5197 28.6867 5
      vertex 35.5049 28.843 5
    endloop
  endfacet
  facet normal 0 0 1
    outer loop
      vertex 30.5 32 5
      vertex 35.5049 28.843 5
      vertex 35.5 29 5
    endloop
  endfacet
  facet normal 0 0 1
    outer loop
      vertex 35.7379 10.0644 5
      vertex 34.5 10 5
      vertex 35.71 10 5
    endloop
  endfacet
  facet normal 0 0 1
    outer loop
      vertex 52.5 35 5
      vertex 40.4951 29.157 5
      vertex 40.5 29 5
    endloop
  endfacet
  facet normal 0 0 1
    outer loop
      vertex 52.5 35 5
      vertex 40.4803 29.3133 5
      vertex 40.4951 29.157 5
    endloop
  endfacet
  facet normal 0 0 1
    outer loop
      vertex 42.5 35 5
      vertex 40.4557 29.4685 5
      vertex 40.4803 29.3133 5
    endloop
  endfacet
  facet normal 0 0 1
    outer loop
      vertex 41.5 34 5
      vertex 40.4215 29.6217 5
      vertex 40.4557 29.4685 5
    endloop
  endfacet
  facet normal 0 0 1
    outer loop
      vertex 41.5 34 5
      vertex 40.3776 29.7725 5
      vertex 40.4215 29.6217 5
    endloop
  endfacet
  facet normal 0 0 1
    outer loop
      vertex 41.5 34 5
      vertex 40.3244 29.9203 5
      vertex 40.3776 29.7725 5
    endloop
  endfacet
  facet normal 0 0 1
    outer loop
      vertex 41.5 34 5
      vertex 40.2621 30.0644 5
      vertex 40.3244 29.9203 5
    endloop
  endfacet
  facet normal 0 0 1
    outer loop
      vertex 41.5 34 5
      vertex 40.1908 30.2044 5
      vertex 40.2621 30.0644 5
    endloop
  endfacet
  facet normal 0 0 1
    outer loop
      vertex 41.5 34 5
      vertex 40.1108 30.3396 5
      vertex 40.1908 30.2044 5
    endloop
  endfacet
  facet normal 0 0 1
    outer loop
      vertex 41.5 34 5
      vertex 40.0225 30.4695 5
      vertex 40.1108 30.3396 5
    endloop
  endfacet
  facet normal 0 0 1
    outer loop
      vertex 41.5 34 5
      vertex 39.9263 30.5936 5
      vertex 40.0225 30.4695 5
    endloop
  endfacet
  facet normal 0 0 1
    outer loop
      vertex 41.5 34 5
      vertex 39.8224 30.7114 5
      vertex 39.9263 30.5936 5
    endloop
  endfacet
  facet normal 0 0 1
    outer loop
      vertex 41.5 34 5
      vertex 39.7114 30.8224 5
      vertex 39.8224 30.7114 5
    endloop
  endfacet
  facet normal 0 0 1
    outer loop
      vertex 41.5 34 5
      vertex 39.5936 30.9263 5
      vertex 39.7114 30.8224 5
    endloop
  endfacet
  facet normal 0 0 1
    outer loop
      vertex 41.5 34 5
      vertex 39.4695 31.0225 5
      vertex 39.5936 30.9263 5
    endloop
  endfacet
  facet normal 0 0 1
    outer loop
      vertex 41.5 34 5
      vertex 39.3396 31.1108 5
      vertex 39.4695 31.0225 5
    endloop
  endfacet
  facet normal 0 0 1
    outer loop
      vertex 41.5 34 5
      vertex 39.2044 31.1908 5
      vertex 39.3396 31.1108 5
    endloop
  endfacet
  facet normal 0 0 1
    outer loop
      vertex 41.5 34 5
      vertex 39.0644 31.2621 5
      vertex 39.2044 31.1908 5
    endloop
  endfacet
  facet normal 0 0 1
    outer loop
      vertex 41.5 34 5
      vertex 38.9203 31.3244 5
      vertex 39.0644 31.2621 5
    endloop
  endfacet
  facet normal 0 0 1
    outer loop
      vertex 41.5 34 5
      vertex 38.7725 31.3776 5
      vertex 38.9203 31.3244 5
    endloop
  endfacet
  facet normal 0 0 1
    outer loop
      vertex 41.5 34 5
      vertex 38.6217 31.4215 5
      vertex 38.7725 31.3776 5
    endloop
  endfacet
  facet normal 0 0 1
    outer loop
      vertex 41.5 34 5
      vertex 38.4685 31.4557 5
      vertex 38.6217 31.4215 5
    endloop
  endfacet
  facet normal 0 0 1
    outer loop
      vertex 41.5 34 5
      vertex 38.3133 31.4803 5
      vertex 38.4685 31.4557 5
    endloop
  endfacet
  facet normal 0 0 1
    outer loop
      vertex 41.5 34 5
      vertex 38.157 31.4951 5
      vertex 38.3133 31.4803 5
    endloop
  endfacet
  facet normal 0 0 1
    outer loop
      vertex 41.5 34 5
      vertex 38 31.5 5
      vertex 38.157 31.4951 5
    endloop
  endfacet
  facet normal 0 0 1
    outer loop
      vertex 41.5 34 5
      vertex 37.843 31.4951 5
      vertex 38 31.5 5
    endloop
  endfacet
  facet normal 0 0 1
    outer loop
      vertex 41.5 34 5
      vertex 37.6867 31.4803 5
      vertex 37.843 31.4951 5
    endloop
  endfacet
  facet normal -0 0 1
    outer loop
      vertex 32.5 34 5
      vertex 37.6867 31.4803 5
      vertex 41.5 34 5
    endloop
  endfacet
  facet normal 0 0 1
    outer loop
      vertex 37.6867 31.4803 5
      vertex 32.5 34 5
      vertex 37.5315 31.4557 5
    endloop
  endfacet
  facet normal 0 0 1
    outer loop
      vertex 37.5315 31.4557 5
      vertex 32.5 34 5
      vertex 37.3783 31.4215 5
    endloop
  endfacet
  facet normal 0 0 1
    outer loop
      vertex 37.3783 31.4215 5
      vertex 32.5 34 5
      vertex 37.2275 31.3776 5
    endloop
  endfacet
  facet normal 0 0 1
    outer loop
      vertex 37.2275 31.3776 5
      vertex 32.5 34 5
      vertex 37.0797 31.3244 5
    endloop
  endfacet
  facet normal 0 0 1
    outer loop
      vertex 37.0797 31.3244 5
      vertex 32.5 34 5
      vertex 36.9356 31.2621 5
    endloop
  endfacet
  facet normal 0 0 1
    outer loop
      vertex 36.9356 31.2621 5
      vertex 32.5 34 5
      vertex 36.7956 31.1908 5
    endloop
  endfacet
  facet normal 0 0 1
    outer loop
      vertex 30.5 32 5
      vertex 35.5 29 5
      vertex 35.5049 29.157 5
    endloop
  endfacet
  facet normal 0 0 1
    outer loop
      vertex 36.7956 31.1908 5
      vertex 32.5 34 5
      vertex 36.6604 31.1108 5
    endloop
  endfacet
  facet normal 0 0 1
    outer loop
      vertex 32.5 34 5
      vertex 36.5305 31.0225 5
      vertex 36.6604 31.1108 5
    endloop
  endfacet
  facet normal 0 0 1
    outer loop
      vertex 32.5 34 5
      vertex 36.4064 30.9263 5
      vertex 36.5305 31.0225 5
    endloop
  endfacet
  facet normal 0 0 1
    outer loop
      vertex 32.5 34 5
      vertex 36.2886 30.8224 5
      vertex 36.4064 30.9263 5
    endloop
  endfacet
  facet normal 0 0 1
    outer loop
      vertex 32.5 34 5
      vertex 36.1776 30.7114 5
      vertex 36.2886 30.8224 5
    endloop
  endfacet
  facet normal 0 0 1
    outer loop
      vertex 32.5 34 5
      vertex 36.0737 30.5936 5
      vertex 36.1776 30.7114 5
    endloop
  endfacet
  facet normal 0 0 1
    outer loop
      vertex 32.5 34 5
      vertex 35.9775 30.4695 5
      vertex 36.0737 30.5936 5
    endloop
  endfacet
  facet normal 0 0 1
    outer loop
      vertex 32.5 34 5
      vertex 35.8892 30.3396 5
      vertex 35.9775 30.4695 5
    endloop
  endfacet
  facet normal 0 0 1
    outer loop
      vertex 32.5 34 5
      vertex 35.8092 30.2044 5
      vertex 35.8892 30.3396 5
    endloop
  endfacet
  facet normal 0 0 1
    outer loop
      vertex 32.5 34 5
      vertex 35.7379 30.0644 5
      vertex 35.8092 30.2044 5
    endloop
  endfacet
  facet normal -0 0 1
    outer loop
      vertex 30.5 32 5
      vertex 35.7379 30.0644 5
      vertex 32.5 34 5
    endloop
  endfacet
  facet normal 0 0 1
    outer loop
      vertex 35.7379 30.0644 5
      vertex 30.5 32 5
      vertex 35.6756 29.9203 5
    endloop
  endfacet
  facet normal 0 0 1
    outer loop
      vertex 35.6756 29.9203 5
      vertex 30.5 32 5
      vertex 35.6224 29.7725 5
    endloop
  endfacet
  facet normal 0 0 1
    outer loop
      vertex 35.6224 29.7725 5
      vertex 30.5 32 5
      vertex 35.5785 29.6217 5
    endloop
  endfacet
  facet normal 0 0 1
    outer loop
      vertex 35.5785 29.6217 5
      vertex 30.5 32 5
      vertex 35.5443 29.4685 5
    endloop
  endfacet
  facet normal 0 0 1
    outer loop
      vertex 35.5443 29.4685 5
      vertex 30.5 32 5
      vertex 35.5197 29.3133 5
    endloop
  endfacet
  facet normal 0 0 1
    outer loop
      vertex 35.5197 29.3133 5
      vertex 30.5 32 5
      vertex 35.5049 29.157 5
    endloop
  endfacet
  facet normal 0 0 1
    outer loop
      vertex 35.8892 27.6604 5
      vertex 30.5 32 5
      vertex 30.5 11 5
    endloop
  endfacet
  facet normal 0 0 1
    outer loop
      vertex 30.5 32 5
      vertex 32.5 34 5
      vertex 32.304 33.9904 5
    endloop
  endfacet
  facet normal 0 0 1
    outer loop
      vertex 30.5 32 5
      vertex 32.304 33.9904 5
      vertex 32.1098 33.9616 5
    endloop
  endfacet
  facet normal 0 0 1
    outer loop
      vertex 30.5 32 5
      vertex 32.1098 33.9616 5
      vertex 31.9194 33.9139 5
    endloop
  endfacet
  facet normal 0 0 1
    outer loop
      vertex 30.5 32 5
      vertex 31.9194 33.9139 5
      vertex 31.7346 33.8477 5
    endloop
  endfacet
  facet normal 0 0 1
    outer loop
      vertex 30.5 32 5
      vertex 31.7346 33.8477 5
      vertex 31.5572 33.7638 5
    endloop
  endfacet
  facet normal 0 0 1
    outer loop
      vertex 30.5 32 5
      vertex 31.5572 33.7638 5
      vertex 31.3889 33.6629 5
    endloop
  endfacet
  facet normal 0 0 1
    outer loop
      vertex 30.5 32 5
      vertex 31.3889 33.6629 5
      vertex 31.2312 33.546 5
    endloop
  endfacet
  facet normal 0 0 1
    outer loop
      vertex 30.5 32 5
      vertex 31.2312 33.546 5
      vertex 31.0858 33.4142 5
    endloop
  endfacet
  facet normal 0 0 1
    outer loop
      vertex 30.5 32 5
      vertex 31.0858 33.4142 5
      vertex 30.954 33.2688 5
    endloop
  endfacet
  facet normal 0 0 1
    outer loop
      vertex 30.5 32 5
      vertex 30.954 33.2688 5
      vertex 30.8371 33.1111 5
    endloop
  endfacet
  facet normal 0 0 1
    outer loop
      vertex 30.5 32 5
      vertex 30.8371 33.1111 5
      vertex 30.7361 32.9428 5
    endloop
  endfacet
  facet normal 0 0 1
    outer loop
      vertex 30.5 32 5
      vertex 30.7361 32.9428 5
      vertex 30.6522 32.7654 5
    endloop
  endfacet
  facet normal 0 0 1
    outer loop
      vertex 30.5 32 5
      vertex 30.6522 32.7654 5
      vertex 30.5861 32.5806 5
    endloop
  endfacet
  facet normal 0 0 1
    outer loop
      vertex 30.5 32 5
      vertex 30.5861 32.5806 5
      vertex 30.5384 32.3902 5
    endloop
  endfacet
  facet normal 0 0 1
    outer loop
      vertex 30.5 32 5
      vertex 30.5384 32.3902 5
      vertex 30.5096 32.196 5
    endloop
  endfacet
  facet normal 0 0 1
    outer loop
      vertex 35.8892 10.3396 5
      vertex 34.5 10 5
      vertex 35.8092 10.2044 5
    endloop
  endfacet
  facet normal 0 0 1
    outer loop
      vertex 29.5 10 5
      vertex 34.5 10 5
      vertex 30.5 11 5
    endloop
  endfacet
  facet normal 0 0 1
    outer loop
      vertex 34.5 10 5
      vertex 29.5 10 5
      vertex 34.5 6 5
    endloop
  endfacet
  facet normal 0 0 1
    outer loop
      vertex 6 6 5
      vertex 29.5 10 5
      vertex 10 10 5
    endloop
  endfacet
  facet normal 0 0 1
    outer loop
      vertex 29.5 10 5
      vertex 6 6 5
      vertex 34.5 6 5
    endloop
  endfacet
  facet normal 0 0 1
    outer loop
      vertex 9 11 5
      vertex 6 6 5
      vertex 10 10 5
    endloop
  endfacet
  facet normal 0 0 1
    outer loop
      vertex 9 53 5
      vertex 6 6 5
      vertex 9 11 5
    endloop
  endfacet
  facet normal 0 0 1
    outer loop
      vertex 63.5 34 5
      vertex 65.5 32 5
      vertex 65.4904 32.196 5
    endloop
  endfacet
  facet normal 0 0 1
    outer loop
      vertex 91 64 5
      vertex 86 53 5
      vertex 91 6 5
    endloop
  endfacet
  facet normal 0 0 1
    outer loop
      vertex 91 64 5
      vertex 85 54 5
      vertex 86 53 5
    endloop
  endfacet
  facet normal 0 0 1
    outer loop
      vertex 91 64 5
      vertex 53.5 54 5
      vertex 85 54 5
    endloop
  endfacet
  facet normal 0 0 1
    outer loop
      vertex 52.5 53 5
      vertex 42.5 53 5
      vertex 52.5 35 5
    endloop
  endfacet
  facet normal 0 0 1
    outer loop
      vertex 53.5 54 5
      vertex 42.5 53 5
      vertex 52.5 53 5
    endloop
  endfacet
  facet normal -0 0 1
    outer loop
      vertex 6 64 5
      vertex 53.5 54 5
      vertex 91 64 5
    endloop
  endfacet
  facet normal 0 0 1
    outer loop
      vertex 53.5 54 5
      vertex 41.5 54 5
      vertex 42.5 53 5
    endloop
  endfacet
  facet normal 0 0 1
    outer loop
      vertex 53.5 54 5
      vertex 6 64 5
      vertex 41.5 54 5
    endloop
  endfacet
  facet normal 0 0 1
    outer loop
      vertex 6 6 5
      vertex 9 53 5
      vertex 6 64 5
    endloop
  endfacet
  facet normal 0 0 1
    outer loop
      vertex 10 54 5
      vertex 6 64 5
      vertex 9 53 5
    endloop
  endfacet
  facet normal 0 0 1
    outer loop
      vertex 41.5 54 5
      vertex 6 64 5
      vertex 10 54 5
    endloop
  endfacet
  facet normal -0 0 1
    outer loop
      vertex 86 11 5
      vertex 91 6 5
      vertex 86 53 5
    endloop
  endfacet
  facet normal -0 0 1
    outer loop
      vertex 85 10 5
      vertex 91 6 5
      vertex 86 11 5
    endloop
  endfacet
  facet normal 0 0 1
    outer loop
      vertex 61.5 6 5
      vertex 85 10 5
      vertex 66.5 10 5
    endloop
  endfacet
  facet normal 0 0 1
    outer loop
      vertex 63.5 34 5
      vertex 65.4904 32.196 5
      vertex 65.4616 32.3902 5
    endloop
  endfacet
  facet normal 0 0 1
    outer loop
      vertex 63.5 34 5
      vertex 65.4616 32.3902 5
      vertex 65.4139 32.5806 5
    endloop
  endfacet
  facet normal 0 0 1
    outer loop
      vertex 63.5 34 5
      vertex 65.4139 32.5806 5
      vertex 65.3477 32.7654 5
    endloop
  endfacet
  facet normal 0 0 1
    outer loop
      vertex 63.5 34 5
      vertex 65.3477 32.7654 5
      vertex 65.2638 32.9428 5
    endloop
  endfacet
  facet normal 0 0 1
    outer loop
      vertex 63.5 34 5
      vertex 65.2638 32.9428 5
      vertex 65.1629 33.1111 5
    endloop
  endfacet
  facet normal 0 0 1
    outer loop
      vertex 63.5 34 5
      vertex 65.1629 33.1111 5
      vertex 65.046 33.2688 5
    endloop
  endfacet
  facet normal 0 0 1
    outer loop
      vertex 63.5 34 5
      vertex 65.046 33.2688 5
      vertex 64.9142 33.4142 5
    endloop
  endfacet
  facet normal 0 0 1
    outer loop
      vertex 63.5 34 5
      vertex 64.9142 33.4142 5
      vertex 64.7688 33.546 5
    endloop
  endfacet
  facet normal 0 0 1
    outer loop
      vertex 63.5 34 5
      vertex 64.7688 33.546 5
      vertex 64.6111 33.6629 5
    endloop
  endfacet
  facet normal 0 0 1
    outer loop
      vertex 63.5 34 5
      vertex 64.6111 33.6629 5
      vertex 64.4428 33.7638 5
    endloop
  endfacet
  facet normal 0 0 1
    outer loop
      vertex 63.5 34 5
      vertex 64.4428 33.7638 5
      vertex 64.2654 33.8477 5
    endloop
  endfacet
  facet normal 0 0 1
    outer loop
      vertex 63.5 34 5
      vertex 64.2654 33.8477 5
      vertex 64.0806 33.9139 5
    endloop
  endfacet
  facet normal 0 0 1
    outer loop
      vertex 63.5 34 5
      vertex 64.0806 33.9139 5
      vertex 63.8902 33.9616 5
    endloop
  endfacet
  facet normal 0 0 1
    outer loop
      vertex 63.5 34 5
      vertex 63.8902 33.9616 5
      vertex 63.696 33.9904 5
    endloop
  endfacet
  facet normal 0 0 1
    outer loop
      vertex 60.2621 30.0644 5
      vertex 65.5 32 5
      vertex 63.5 34 5
    endloop
  endfacet
  facet normal 0 0 1
    outer loop
      vertex 60.4951 28.843 5
      vertex 65.5 32 5
      vertex 60.5 29 5
    endloop
  endfacet
  facet normal 0 0 1
    outer loop
      vertex 61.5 10 5
      vertex 66.5 10 5
      vertex 65.5 11 5
    endloop
  endfacet
  facet normal 0 0 1
    outer loop
      vertex 61.5 6 5
      vertex 66.5 10 5
      vertex 61.5 10 5
    endloop
  endfacet
  facet normal 0 0 1
    outer loop
      vertex 85 10 5
      vertex 61.5 6 5
      vertex 91 6 5
    endloop
  endfacet
  facet normal 0 0 -1
    outer loop
      vertex 5 64 5
      vertex 6 65 5
      vertex 6 64 5
    endloop
  endfacet
  facet normal -0 0 -1
    outer loop
      vertex 6 65 5
      vertex 5 64 5
      vertex 5 65 5
    endloop
  endfacet
  facet normal 0 0 -1
    outer loop
      vertex 91 64 5
      vertex 92 65 5
      vertex 92 64 5
    endloop
  endfacet
  facet normal -0 0 -1
    outer loop
      vertex 92 65 5
      vertex 91 64 5
      vertex 91 65 5
    endloop
  endfacet
  facet normal 0 0 -1
    outer loop
      vertex 36.5 0 5
      vertex 37.5 1 5
      vertex 37.5 0 5
    endloop
  endfacet
  facet normal -0 0 -1
    outer loop
      vertex 37.5 1 5
      vertex 36.5 0 5
      vertex 36.5 1 5
    endloop
  endfacet
  facet normal -0 0 1
    outer loop
      vertex 37.5 5 5
      vertex 58.5 1 5
      vertex 58.5 5 5
    endloop
  endfacet
  facet normal 0 0 1
    outer loop
      vertex 58.5 1 5
      vertex 37.5 5 5
      vertex 37.5 1 5
    endloop
  endfacet
  facet normal 0 0 -1
    outer loop
      vertex 58.5 0 5
      vertex 59.5 1 5
      vertex 59.5 0 5
    endloop
  endfacet
  facet normal -0 0 -1
    outer loop
      vertex 59.5 1 5
      vertex 58.5 0 5
      vertex 58.5 1 5
    endloop
  endfacet
  facet normal 0 0 -1
    outer loop
      vertex 59.5 1 5
      vertex 61.5 0 5
      vertex 60.5 0 5
    endloop
  endfacet
  facet normal 0 0 -1
    outer loop
      vertex 61.5 0 5
      vertex 59.5 1 5
      vertex 61.5 6 5
    endloop
  endfacet
  facet normal -0 0 -1
    outer loop
      vertex 61.5 6 5
      vertex 59.5 1 5
      vertex 59.5 6 5
    endloop
  endfacet
  facet normal 0 0 -1
    outer loop
      vertex 34.5 0 5
      vertex 36.5 1 5
      vertex 35.5 0 5
    endloop
  endfacet
  facet normal -0 0 -1
    outer loop
      vertex 36.5 1 5
      vertex 34.5 0 5
      vertex 34.5 6 5
    endloop
  endfacet
  facet normal 0 0 -1
    outer loop
      vertex 36.5 1 5
      vertex 34.5 6 5
      vertex 36.5 6 5
    endloop
  endfacet
  facet normal 0 0 -1
    outer loop
      vertex 92 64 5
      vertex 94 65 5
      vertex 94 55 5
    endloop
  endfacet
  facet normal 0 0 -1
    outer loop
      vertex 92 64 5
      vertex 94 55 5
      vertex 92 55 5
    endloop
  endfacet
  facet normal -0 0 -1
    outer loop
      vertex 94 65 5
      vertex 92 64 5
      vertex 93 65 5
    endloop
  endfacet
  facet normal 0 0 -1
    outer loop
      vertex 3 55 5
      vertex 5 64 5
      vertex 5 55 5
    endloop
  endfacet
  facet normal 0 0 -1
    outer loop
      vertex 3 65 5
      vertex 5 64 5
      vertex 3 55 5
    endloop
  endfacet
  facet normal 0 0 -1
    outer loop
      vertex 5 64 5
      vertex 3 65 5
      vertex 4 65 5
    endloop
  endfacet
  facet normal 0.57735 0.57735 0.57735
    outer loop
      vertex 6 5 6
      vertex 6 6 5
      vertex 5 6 6
    endloop
  endfacet
  facet normal 0 0.707107 0.707107
    outer loop
      vertex 61.5 6 5
      vertex 59.5 5 6
      vertex 91 5 6
    endloop
  endfacet
  facet normal -0 0.707107 0.707107
    outer loop
      vertex 59.5 6 5
      vertex 59.5 5 6
      vertex 61.5 6 5
    endloop
  endfacet
  facet normal -0 0.707107 0.707107
    outer loop
      vertex 61.5 6 5
      vertex 91 5 6
      vertex 91 6 5
    endloop
  endfacet
  facet normal 0 0.707107 0.707107
    outer loop
      vertex 36.5 6 5
      vertex 36.5 5 6
      vertex 37.5 5.5 5.5
    endloop
  endfacet
  facet normal 0 0.707107 0.707107
    outer loop
      vertex 59.5 5 6
      vertex 59.5 6 5
      vertex 58.5 5.5 5.5
    endloop
  endfacet
  facet normal 0 0.707107 0.707107
    outer loop
      vertex 58.5 5.5 5.5
      vertex 59.5 6 5
      vertex 37.5 5.5 5.5
    endloop
  endfacet
  facet normal -0 0.707107 0.707107
    outer loop
      vertex 36.5 6 5
      vertex 37.5 5.5 5.5
      vertex 59.5 6 5
    endloop
  endfacet
  facet normal 0 0.707107 0.707107
    outer loop
      vertex 36.5 5 6
      vertex 36.5 6 5
      vertex 34.5 6 5
    endloop
  endfacet
  facet normal 0 0.707107 0.707107
    outer loop
      vertex 36.5 5 6
      vertex 34.5 6 5
      vertex 6 5 6
    endloop
  endfacet
  facet normal 0 0.707107 0.707107
    outer loop
      vertex 6 5 6
      vertex 34.5 6 5
      vertex 6 6 5
    endloop
  endfacet
  facet normal -1 0 0
    outer loop
      vertex 92 6 6
      vertex 92 64 19
      vertex 92 64 6
    endloop
  endfacet
  facet normal -1 -0 0
    outer loop
      vertex 92 64 19
      vertex 92 6 6
      vertex 92 6 19
    endloop
  endfacet
  facet normal 1 -0 0
    outer loop
      vertex 92 64 6
      vertex 92 65 5
      vertex 92 65 6
    endloop
  endfacet
  facet normal 1 0 0
    outer loop
      vertex 92 65 5
      vertex 92 64 6
      vertex 92 64 5
    endloop
  endfacet
  facet normal 1 -0 0
    outer loop
      vertex 92 64 20
      vertex 92 65 19
      vertex 92 65 20
    endloop
  endfacet
  facet normal 1 0 0
    outer loop
      vertex 92 65 19
      vertex 92 64 20
      vertex 92 64 19
    endloop
  endfacet
  facet normal 1 -0 0
    outer loop
      vertex 92 55 5
      vertex 92 64 3
      vertex 92 64 5
    endloop
  endfacet
  facet normal 1 0 0
    outer loop
      vertex 92 64 3
      vertex 92 55 5
      vertex 92 55 3
    endloop
  endfacet
  facet normal 1 0 0
    outer loop
      vertex 92 64 3
      vertex 92 65 4
      vertex 92 64 5
    endloop
  endfacet
  facet normal 1 0 0
    outer loop
      vertex 92 65 4
      vertex 92 64 3
      vertex 92 65 1
    endloop
  endfacet
  facet normal 1 0 0
    outer loop
      vertex 92 65 1
      vertex 92 64 3
      vertex 92 64 0
    endloop
  endfacet
  facet normal 1 -0 0
    outer loop
      vertex 92 64 22
      vertex 92 65 21
      vertex 92 65 22
    endloop
  endfacet
  facet normal 1 0 0
    outer loop
      vertex 92 64 22
      vertex 92 64 20
      vertex 92 65 21
    endloop
  endfacet
  facet normal 1 -0 0
    outer loop
      vertex 92 55 22
      vertex 92 64 20
      vertex 92 64 22
    endloop
  endfacet
  facet normal 1 0 0
    outer loop
      vertex 92 64 20
      vertex 92 55 22
      vertex 92 55 20
    endloop
  endfacet
  facet normal 0.57735 0.57735 -0.57735
    outer loop
      vertex 6 6 20
      vertex 6 5 19
      vertex 5 6 19
    endloop
  endfacet
  facet normal 0.70714 0 -0.707073
    outer loop
      vertex 5.89421 64.6549 19.8942
      vertex 6 65 20
      vertex 6 64.7115 20
    endloop
  endfacet
  facet normal 0.706886 0.000155766 -0.707327
    outer loop
      vertex 5.80397 64.5809 19.804
      vertex 6 65 20
      vertex 5.89421 64.6549 19.8942
    endloop
  endfacet
  facet normal 0.707107 -5.06161e-05 -0.707107
    outer loop
      vertex 6 65 20
      vertex 5.80397 64.5809 19.804
      vertex 5 65 19
    endloop
  endfacet
  facet normal 0.707167 0.000181819 -0.707046
    outer loop
      vertex 5.69242 64.4608 19.6924
      vertex 5 65 19
      vertex 5.80397 64.5809 19.804
    endloop
  endfacet
  facet normal 0.70698 -0.000298874 -0.707233
    outer loop
      vertex 5.61866 64.3813 19.6187
      vertex 5 65 19
      vertex 5.69242 64.4608 19.6924
    endloop
  endfacet
  facet normal 0.707061 0.0002218 -0.707152
    outer loop
      vertex 5 64 19
      vertex 5.61866 64.3813 19.6187
      vertex 5.41943 64.0764 19.4194
    endloop
  endfacet
  facet normal 0.707217 -0.00149128 -0.706995
    outer loop
      vertex 5 64 19
      vertex 5.41943 64.0764 19.4194
      vertex 5.41391 64.0661 19.4139
    endloop
  endfacet
  facet normal 0.706962 0.00169311 -0.707249
    outer loop
      vertex 5 64 19
      vertex 5.41391 64.0661 19.4139
      vertex 5.41142 64.0615 19.4114
    endloop
  endfacet
  facet normal 0.70713 0 -0.707084
    outer loop
      vertex 5.61866 64.3813 19.6187
      vertex 5 64 19
      vertex 5 65 19
    endloop
  endfacet
  facet normal 0.707104 -0.000188796 -0.70711
    outer loop
      vertex 5.31705 63.8024 19.3171
      vertex 5 64 19
      vertex 5.41142 64.0615 19.4114
    endloop
  endfacet
  facet normal 0.707309 0.000470646 -0.706904
    outer loop
      vertex 5.28373 63.7109 19.2837
      vertex 5 64 19
      vertex 5.31705 63.8024 19.3171
    endloop
  endfacet
  facet normal 0.706983 -0.000169845 -0.707231
    outer loop
      vertex 5.24327 63.5201 19.2433
      vertex 5 64 19
      vertex 5.28373 63.7109 19.2837
    endloop
  endfacet
  facet normal 0.707108 -4.34738e-05 -0.707106
    outer loop
      vertex 5.20856 63.3563 19.2086
      vertex 5 64 19
      vertex 5.24327 63.5201 19.2433
    endloop
  endfacet
  facet normal 0.707224 3.2001e-05 -0.70699
    outer loop
      vertex 5.19837 63.21 19.1984
      vertex 5 64 19
      vertex 5.20856 63.3563 19.2086
    endloop
  endfacet
  facet normal 0.707516 0.000178575 -0.706698
    outer loop
      vertex 5.18374 63 19.1837
      vertex 5 64 19
      vertex 5.19837 63.21 19.1984
    endloop
  endfacet
  facet normal 0.705947 -0.000397574 -0.708265
    outer loop
      vertex 5.19837 62.79 19.1984
      vertex 5 64 19
      vertex 5.18374 63 19.1837
    endloop
  endfacet
  facet normal 0.706943 -7.11015e-05 -0.70727
    outer loop
      vertex 5.20856 62.6437 19.2086
      vertex 5 64 19
      vertex 5.19837 62.79 19.1984
    endloop
  endfacet
  facet normal 0.54598 0.282764 0.788638
    outer loop
      vertex 5.28373 62.2891 19.2837
      vertex 5.20856 62.6437 19.2086
      vertex 5.24327 62.4799 19.2433
    endloop
  endfacet
  facet normal 0.852631 0.198947 -0.483157
    outer loop
      vertex 5.41943 61.9236 19.4194
      vertex 5.41142 61.9385 19.4114
      vertex 5.41391 61.9339 19.4139
    endloop
  endfacet
  facet normal -0.826771 -0.412036 0.382982
    outer loop
      vertex 5.80397 61.4191 19.804
      vertex 5.61866 61.6187 19.6187
      vertex 5.69242 61.5392 19.6924
    endloop
  endfacet
  facet normal 0.707107 0 -0.707107
    outer loop
      vertex 5 6 19
      vertex 6 61.2885 20
      vertex 6 6 20
    endloop
  endfacet
  facet normal 0.70714 -1.1973e-06 -0.707074
    outer loop
      vertex 6 61.2885 20
      vertex 5 6 19
      vertex 5.89421 61.3451 19.8942
    endloop
  endfacet
  facet normal 0.706952 4.8729e-06 -0.707262
    outer loop
      vertex 5.89421 61.3451 19.8942
      vertex 5 6 19
      vertex 5.80397 61.4191 19.804
    endloop
  endfacet
  facet normal 0.707088 9.21958e-07 -0.707125
    outer loop
      vertex 5.80397 61.4191 19.804
      vertex 5 6 19
      vertex 5.61866 61.6187 19.6187
    endloop
  endfacet
  facet normal 0.707229 -2.21683e-06 -0.706984
    outer loop
      vertex 5.61866 61.6187 19.6187
      vertex 5 6 19
      vertex 5.41943 61.9236 19.4194
    endloop
  endfacet
  facet normal 0.706671 6.15949e-06 -0.707543
    outer loop
      vertex 5.41943 61.9236 19.4194
      vertex 5 6 19
      vertex 5.41142 61.9385 19.4114
    endloop
  endfacet
  facet normal 0.706849 3.53478e-06 -0.707364
    outer loop
      vertex 5.41142 61.9385 19.4114
      vertex 5 6 19
      vertex 5.31705 62.1976 19.3171
    endloop
  endfacet
  facet normal 0.707942 -8.80204e-06 -0.706271
    outer loop
      vertex 5.31705 62.1976 19.3171
      vertex 5 6 19
      vertex 5.28373 62.2891 19.2837
    endloop
  endfacet
  facet normal 0.706784 2.87521e-06 -0.707429
    outer loop
      vertex 5.28373 62.2891 19.2837
      vertex 5 6 19
      vertex 5.20856 62.6437 19.2086
    endloop
  endfacet
  facet normal 0.707175 0 -0.707039
    outer loop
      vertex 5.20856 62.6437 19.2086
      vertex 5 6 19
      vertex 5 64 19
    endloop
  endfacet
  facet normal -0.707107 0 0.707107
    outer loop
      vertex 91 64 5
      vertex 92 65 6
      vertex 91 65 5
    endloop
  endfacet
  facet normal -0.707107 0 0.707107
    outer loop
      vertex 91 64 5
      vertex 92 64 6
      vertex 92 65 6
    endloop
  endfacet
  facet normal -0.707107 0 0.707107
    outer loop
      vertex 91 6 5
      vertex 92 64 6
      vertex 91 64 5
    endloop
  endfacet
  facet normal -0.707107 0 0.707107
    outer loop
      vertex 92 64 6
      vertex 91 6 5
      vertex 92 6 6
    endloop
  endfacet
  facet normal 0 1 0
    outer loop
      vertex 91 5 19
      vertex 91 5 6
      vertex 89 5 19
    endloop
  endfacet
  facet normal 0 1 -0
    outer loop
      vertex 89 5 19
      vertex 59.5 5 25
      vertex 89 5 25
    endloop
  endfacet
  facet normal 0 1 0
    outer loop
      vertex 59.5 5 6
      vertex 89 5 19
      vertex 91 5 6
    endloop
  endfacet
  facet normal 0 1 0
    outer loop
      vertex 89 5 19
      vertex 59.5 5 6
      vertex 59.5 5 25
    endloop
  endfacet
  facet normal 0 1 0
    outer loop
      vertex 36.5 5 25
      vertex 8 5 19
      vertex 8 5 25
    endloop
  endfacet
  facet normal 0 1 -0
    outer loop
      vertex 36.5 5 6
      vertex 8 5 19
      vertex 36.5 5 25
    endloop
  endfacet
  facet normal 0 1 0
    outer loop
      vertex 6 5 6
      vertex 8 5 19
      vertex 36.5 5 6
    endloop
  endfacet
  facet normal 0 1 0
    outer loop
      vertex 8 5 19
      vertex 6 5 6
      vertex 6 5 19
    endloop
  endfacet
  facet normal -0.57735 0.57735 0.57735
    outer loop
      vertex 92 6 6
      vertex 91 6 5
      vertex 91 5 6
    endloop
  endfacet
  facet normal -0.707107 0.707107 0
    outer loop
      vertex 91 5 6
      vertex 92 6 19
      vertex 92 6 6
    endloop
  endfacet
  facet normal -0.707107 0.707107 0
    outer loop
      vertex 92 6 19
      vertex 91 5 6
      vertex 91 5 19
    endloop
  endfacet
  facet normal 0.707107 0.707107 0
    outer loop
      vertex 6 5 19
      vertex 5 6 6
      vertex 5 6 19
    endloop
  endfacet
  facet normal 0.707107 0.707107 0
    outer loop
      vertex 5 6 6
      vertex 6 5 19
      vertex 6 5 6
    endloop
  endfacet
  facet normal 1 -0 0
    outer loop
      vertex 5 6 19
      vertex 5 64 6
      vertex 5 64 19
    endloop
  endfacet
  facet normal 1 0 0
    outer loop
      vertex 5 64 6
      vertex 5 6 19
      vertex 5 6 6
    endloop
  endfacet
  facet normal -1 0 0
    outer loop
      vertex 5 64 5
      vertex 5 65 6
      vertex 5 65 5
    endloop
  endfacet
  facet normal -1 -0 0
    outer loop
      vertex 5 65 6
      vertex 5 64 5
      vertex 5 64 6
    endloop
  endfacet
  facet normal -1 0 0
    outer loop
      vertex 5 64 19
      vertex 5 65 20
      vertex 5 65 19
    endloop
  endfacet
  facet normal -1 -0 0
    outer loop
      vertex 5 65 20
      vertex 5 64 19
      vertex 5 64 20
    endloop
  endfacet
  facet normal -1 0 0
    outer loop
      vertex 5 64 22
      vertex 5 65 21
      vertex 5 64 20
    endloop
  endfacet
  facet normal -1 0 0
    outer loop
      vertex 5 65 21
      vertex 5 64 22
      vertex 5 65 22
    endloop
  endfacet
  facet normal -1 0 0
    outer loop
      vertex 5 55 20
      vertex 5 64 22
      vertex 5 64 20
    endloop
  endfacet
  facet normal -1 -0 0
    outer loop
      vertex 5 64 22
      vertex 5 55 20
      vertex 5 55 22
    endloop
  endfacet
  facet normal -1 0 0
    outer loop
      vertex 5 64 3
      vertex 5 65 1
      vertex 5 64 0
    endloop
  endfacet
  facet normal -1 0 0
    outer loop
      vertex 5 65 1
      vertex 5 64 3
      vertex 5 65 4
    endloop
  endfacet
  facet normal -1 0 0
    outer loop
      vertex 5 64 3
      vertex 5 64 5
      vertex 5 65 4
    endloop
  endfacet
  facet normal -1 0 0
    outer loop
      vertex 5 55 3
      vertex 5 64 5
      vertex 5 64 3
    endloop
  endfacet
  facet normal -1 -0 0
    outer loop
      vertex 5 64 5
      vertex 5 55 3
      vertex 5 55 5
    endloop
  endfacet
  facet normal 0.707107 -0 0.707107
    outer loop
      vertex 5 64 6
      vertex 6 65 5
      vertex 5 65 6
    endloop
  endfacet
  facet normal 0.707107 0 0.707107
    outer loop
      vertex 5 64 6
      vertex 6 64 5
      vertex 6 65 5
    endloop
  endfacet
  facet normal 0.707107 -0 0.707107
    outer loop
      vertex 5 6 6
      vertex 6 64 5
      vertex 5 64 6
    endloop
  endfacet
  facet normal 0.707107 0 0.707107
    outer loop
      vertex 6 64 5
      vertex 5 6 6
      vertex 6 6 5
    endloop
  endfacet
  facet normal -0.707107 0.707107 0
    outer loop
      vertex 89 5 25
      vertex 90 6 20
      vertex 89 5 19
    endloop
  endfacet
  facet normal -0.707107 0.707107 0
    outer loop
      vertex 90 6 20
      vertex 89 5 25
      vertex 90 6 25
    endloop
  endfacet
  facet normal -1 0 0
    outer loop
      vertex 90 61.0096 20
      vertex 90 6 20
      vertex 90 61.0096 20.196
    endloop
  endfacet
  facet normal -1 0 0
    outer loop
      vertex 90 63.9428 21.7638
      vertex 90 64 25
      vertex 90 64 21.7256
    endloop
  endfacet
  facet normal -1 0 0
    outer loop
      vertex 90 63.5806 21.9139
      vertex 90 64 25
      vertex 90 63.9428 21.7638
    endloop
  endfacet
  facet normal -1 0 0
    outer loop
      vertex 90 63.196 21.9904
      vertex 90 64 25
      vertex 90 63.5806 21.9139
    endloop
  endfacet
  facet normal -1 0 0
    outer loop
      vertex 90 62.804 21.9904
      vertex 90 64 25
      vertex 90 63.196 21.9904
    endloop
  endfacet
  facet normal -1 0 0
    outer loop
      vertex 90 62.4194 21.9139
      vertex 90 64 25
      vertex 90 62.804 21.9904
    endloop
  endfacet
  facet normal -1 0 0
    outer loop
      vertex 90 62.0572 21.7638
      vertex 90 64 25
      vertex 90 62.4194 21.9139
    endloop
  endfacet
  facet normal -1 0 0
    outer loop
      vertex 90 61.7312 21.546
      vertex 90 64 25
      vertex 90 62.0572 21.7638
    endloop
  endfacet
  facet normal -1 0 0
    outer loop
      vertex 90 61.454 21.2688
      vertex 90 64 25
      vertex 90 61.7312 21.546
    endloop
  endfacet
  facet normal -1 0 0
    outer loop
      vertex 90 6 25
      vertex 90 61.0096 20.196
      vertex 90 6 20
    endloop
  endfacet
  facet normal -1 0 0
    outer loop
      vertex 90 61.0096 20.196
      vertex 90 6 25
      vertex 90 61.0861 20.5806
    endloop
  endfacet
  facet normal -1 0 0
    outer loop
      vertex 90 61.0861 20.5806
      vertex 90 6 25
      vertex 90 61.2362 20.9428
    endloop
  endfacet
  facet normal -1 0 0
    outer loop
      vertex 90 61.2362 20.9428
      vertex 90 6 25
      vertex 90 61.454 21.2688
    endloop
  endfacet
  facet normal -1 0 0
    outer loop
      vertex 90 61.454 21.2688
      vertex 90 6 25
      vertex 90 64 25
    endloop
  endfacet
  facet normal 0.707107 0.707107 0
    outer loop
      vertex 8 5 25
      vertex 7 6 20
      vertex 7 6 25
    endloop
  endfacet
  facet normal 0.707107 0.707107 0
    outer loop
      vertex 7 6 20
      vertex 8 5 25
      vertex 8 5 19
    endloop
  endfacet
  facet normal 1 0 0
    outer loop
      vertex 7 64 25
      vertex 7 63.9428 21.7638
      vertex 7 64 21.7256
    endloop
  endfacet
  facet normal 1 0 0
    outer loop
      vertex 7 64 25
      vertex 7 63.5806 21.9139
      vertex 7 63.9428 21.7638
    endloop
  endfacet
  facet normal 1 0 0
    outer loop
      vertex 7 64 25
      vertex 7 63.196 21.9904
      vertex 7 63.5806 21.9139
    endloop
  endfacet
  facet normal 1 0 0
    outer loop
      vertex 7 64 25
      vertex 7 62.804 21.9904
      vertex 7 63.196 21.9904
    endloop
  endfacet
  facet normal 1 0 0
    outer loop
      vertex 7 64 25
      vertex 7 62.4194 21.9139
      vertex 7 62.804 21.9904
    endloop
  endfacet
  facet normal 1 0 0
    outer loop
      vertex 7 64 25
      vertex 7 62.0572 21.7638
      vertex 7 62.4194 21.9139
    endloop
  endfacet
  facet normal 1 0 0
    outer loop
      vertex 7 64 25
      vertex 7 61.7312 21.546
      vertex 7 62.0572 21.7638
    endloop
  endfacet
  facet normal 1 0 0
    outer loop
      vertex 7 64 25
      vertex 7 61.454 21.2688
      vertex 7 61.7312 21.546
    endloop
  endfacet
  facet normal 1 -0 0
    outer loop
      vertex 7 6 25
      vertex 7 61.454 21.2688
      vertex 7 64 25
    endloop
  endfacet
  facet normal 1 0 0
    outer loop
      vertex 7 6 25
      vertex 7 61.2362 20.9428
      vertex 7 61.454 21.2688
    endloop
  endfacet
  facet normal 1 0 0
    outer loop
      vertex 7 6 25
      vertex 7 61.0861 20.5806
      vertex 7 61.2362 20.9428
    endloop
  endfacet
  facet normal 1 0 0
    outer loop
      vertex 7 6 25
      vertex 7 61.0096 20.196
      vertex 7 61.0861 20.5806
    endloop
  endfacet
  facet normal 1 0 0
    outer loop
      vertex 7 6 20
      vertex 7 61.0096 20.196
      vertex 7 6 25
    endloop
  endfacet
  facet normal 1 0 0
    outer loop
      vertex 7 61.0096 20.196
      vertex 7 6 20
      vertex 7 61.0096 20
    endloop
  endfacet
  facet normal -1 0 0
    outer loop
      vertex 36.5 0 5
      vertex 36.5 1 6
      vertex 36.5 1 5
    endloop
  endfacet
  facet normal -1 -0 0
    outer loop
      vertex 36.5 1 6
      vertex 36.5 0 5
      vertex 36.5 0 6
    endloop
  endfacet
  facet normal 1 -0 0
    outer loop
      vertex 36.5 1 25
      vertex 36.5 5 6
      vertex 36.5 5 25
    endloop
  endfacet
  facet normal 1 0 0
    outer loop
      vertex 36.5 5 6
      vertex 36.5 1 25
      vertex 36.5 1 6
    endloop
  endfacet
  facet normal -1 0 0
    outer loop
      vertex 36.5 0 1
      vertex 36.5 1 3
      vertex 36.5 1 0
    endloop
  endfacet
  facet normal -1 0 0
    outer loop
      vertex 36.5 0 4
      vertex 36.5 1 3
      vertex 36.5 0 1
    endloop
  endfacet
  facet normal -1 0 0
    outer loop
      vertex 36.5 1 3
      vertex 36.5 0 4
      vertex 36.5 1 5
    endloop
  endfacet
  facet normal -1 0 0
    outer loop
      vertex 36.5 7.00114 3
      vertex 36.5 6 5
      vertex 36.5 7.00114 5
    endloop
  endfacet
  facet normal -1 0 0
    outer loop
      vertex 36.5 1 3
      vertex 36.5 6 5
      vertex 36.5 7.00114 3
    endloop
  endfacet
  facet normal -1 -0 0
    outer loop
      vertex 36.5 6 5
      vertex 36.5 1 3
      vertex 36.5 1 5
    endloop
  endfacet
  facet normal 0.707107 -0.707107 0
    outer loop
      vertex 35.5 0 24
      vertex 36.5 1 6
      vertex 36.5 1 25
    endloop
  endfacet
  facet normal 0.707107 -0.707107 0
    outer loop
      vertex 35.5 0 5
      vertex 36.5 1 6
      vertex 35.5 0 24
    endloop
  endfacet
  facet normal 0.707107 -0.707107 0
    outer loop
      vertex 36.5 1 6
      vertex 35.5 0 5
      vertex 36.5 1 5
    endloop
  endfacet
  facet normal 0.707023 -0.70719 -0.000166906
    outer loop
      vertex 35.5 0 4
      vertex 36.5 1 3
      vertex 36.4904 0.990356 3.19603
    endloop
  endfacet
  facet normal 0.707101 -0.707113 2.36883e-05
    outer loop
      vertex 35.5 0 4
      vertex 36.4904 0.990356 3.19603
      vertex 36.4616 0.961563 3.39017
    endloop
  endfacet
  facet normal 0.707113 -0.707101 6.25404e-05
    outer loop
      vertex 35.5 0 4
      vertex 36.4616 0.961563 3.39017
      vertex 36.4139 0.913879 3.58057
    endloop
  endfacet
  facet normal 0.70717 -0.707044 0.00030897
    outer loop
      vertex 35.5 0 4
      vertex 36.4139 0.913879 3.58057
      vertex 36.3477 0.847748 3.76537
    endloop
  endfacet
  facet normal 0.707125 -0.707089 -1.49008e-05
    outer loop
      vertex 35.5 0 4
      vertex 36.3477 0.847748 3.76537
      vertex 36.2638 0.76384 3.94278
    endloop
  endfacet
  facet normal 0.707125 -0.707089 -7.54575e-06
    outer loop
      vertex 35.5 0 4
      vertex 36.2638 0.76384 3.94278
      vertex 36.1629 0.662933 4.11113
    endloop
  endfacet
  facet normal 0.707126 -0.707087 -2.46559e-05
    outer loop
      vertex 35.5 0 4
      vertex 36.1629 0.662933 4.11113
      vertex 36.046 0.546021 4.26878
    endloop
  endfacet
  facet normal 0.707134 -0.70708 -5.35628e-05
    outer loop
      vertex 35.5 0 4
      vertex 36.046 0.546021 4.26878
      vertex 35.9142 0.4142 4.4142
    endloop
  endfacet
  facet normal 0.707107 -0.707107 0
    outer loop
      vertex 36.5 1 3
      vertex 35.5 0 4
      vertex 35.5 0 1
    endloop
  endfacet
  facet normal 0.707107 -0.707107 0
    outer loop
      vertex 36.5 1 3
      vertex 35.5 0 1
      vertex 36.5 1 0
    endloop
  endfacet
  facet normal -0.707107 -0.707107 0
    outer loop
      vertex 60.5 0 5
      vertex 59.5 1 6
      vertex 59.5 1 5
    endloop
  endfacet
  facet normal -0.707107 -0.707107 0
    outer loop
      vertex 59.5 1 6
      vertex 60.5 0 5
      vertex 60.5 0 24
    endloop
  endfacet
  facet normal -0.707107 -0.707107 0
    outer loop
      vertex 59.5 1 6
      vertex 60.5 0 24
      vertex 59.5 1 25
    endloop
  endfacet
  facet normal -0.70714 -0.707073 -4.13882e-05
    outer loop
      vertex 60.5 0 4
      vertex 60.0858 0.414215 4.4142
      vertex 59.954 0.546036 4.26878
    endloop
  endfacet
  facet normal -0.707134 -0.707079 -1.73891e-05
    outer loop
      vertex 60.5 0 4
      vertex 59.954 0.546036 4.26878
      vertex 59.8371 0.662949 4.11113
    endloop
  endfacet
  facet normal -0.814827 -0.452673 -0.362138
    outer loop
      vertex 60.0858 0.414215 4.4142
      vertex 60.5 0 4
      vertex 60.0858 0.414207 4.41421
    endloop
  endfacet
  facet normal -0.7071 -0.707113 0.000387235
    outer loop
      vertex 59.7361 0.763855 3.94278
      vertex 60.5 0 4
      vertex 59.8371 0.662949 4.11113
    endloop
  endfacet
  facet normal -0.707084 -0.70713 -5.3481e-05
    outer loop
      vertex 59.6522 0.847763 3.76537
      vertex 60.5 0 4
      vertex 59.7361 0.763855 3.94278
    endloop
  endfacet
  facet normal -0.707071 -0.707143 -0.000148153
    outer loop
      vertex 59.5861 0.913895 3.58057
      vertex 60.5 0 4
      vertex 59.6522 0.847763 3.76537
    endloop
  endfacet
  facet normal -0.707121 -0.707093 7.02401e-05
    outer loop
      vertex 59.5384 0.961578 3.39017
      vertex 60.5 0 4
      vertex 59.5861 0.913895 3.58057
    endloop
  endfacet
  facet normal -0.707106 -0.707108 2.14739e-05
    outer loop
      vertex 59.5096 0.990372 3.19603
      vertex 60.5 0 4
      vertex 59.5384 0.961578 3.39017
    endloop
  endfacet
  facet normal -0.707054 -0.70716 -0.000106209
    outer loop
      vertex 59.5 1 3
      vertex 60.5 0 4
      vertex 59.5096 0.990372 3.19603
    endloop
  endfacet
  facet normal -0.707107 -0.707107 0
    outer loop
      vertex 59.5 1 3
      vertex 60.5 0 1
      vertex 60.5 0 4
    endloop
  endfacet
  facet normal -0.707107 -0.707107 0
    outer loop
      vertex 60.5 0 1
      vertex 59.5 1 3
      vertex 59.5 1 0
    endloop
  endfacet
  facet normal 1 -0 0
    outer loop
      vertex 59.5 0 6
      vertex 59.5 1 5
      vertex 59.5 1 6
    endloop
  endfacet
  facet normal 1 0 0
    outer loop
      vertex 59.5 1 5
      vertex 59.5 0 6
      vertex 59.5 0 5
    endloop
  endfacet
  facet normal -1 0 0
    outer loop
      vertex 59.5 1 6
      vertex 59.5 5 25
      vertex 59.5 5 6
    endloop
  endfacet
  facet normal -1 -0 0
    outer loop
      vertex 59.5 5 25
      vertex 59.5 1 6
      vertex 59.5 1 25
    endloop
  endfacet
  facet normal 1 -0 0
    outer loop
      vertex 59.5 6 5
      vertex 59.5 7.00114 3
      vertex 59.5 7.00114 5
    endloop
  endfacet
  facet normal 1 0 0
    outer loop
      vertex 59.5 1 3
      vertex 59.5 6 5
      vertex 59.5 1 5
    endloop
  endfacet
  facet normal 1 0 0
    outer loop
      vertex 59.5 6 5
      vertex 59.5 1 3
      vertex 59.5 7.00114 3
    endloop
  endfacet
  facet normal 1 -0 0
    outer loop
      vertex 59.5 0 4
      vertex 59.5 1 3
      vertex 59.5 1 5
    endloop
  endfacet
  facet normal 1 0 0
    outer loop
      vertex 59.5 0 1
      vertex 59.5 1 3
      vertex 59.5 0 4
    endloop
  endfacet
  facet normal 1 0 0
    outer loop
      vertex 59.5 1 3
      vertex 59.5 0 1
      vertex 59.5 1 0
    endloop
  endfacet
  facet normal 1 0 0
    outer loop
      vertex 35.5 0.729543 4.72954
      vertex 35.5 0 4.72954
      vertex 35.5 0 4
    endloop
  endfacet
  facet normal 1.74334e-06 -0.707105 0.707108
    outer loop
      vertex 35.5 0 4
      vertex 35.6111 0.662933 4.66293
      vertex 35.5 0.729543 4.72954
    endloop
  endfacet
  facet normal -5.86661e-06 -0.707105 0.707109
    outer loop
      vertex 35.6111 0.662933 4.66293
      vertex 35.5 0 4
      vertex 35.7688 0.546021 4.54602
    endloop
  endfacet
  facet normal -2.5507e-06 -0.707106 0.707108
    outer loop
      vertex 35.7688 0.546021 4.54602
      vertex 35.5 0 4
      vertex 35.9142 0.4142 4.4142
    endloop
  endfacet
  facet normal 5.86661e-06 -0.707105 0.707109
    outer loop
      vertex 60.5 0 4
      vertex 60.3889 0.662933 4.66293
      vertex 60.2312 0.546021 4.54602
    endloop
  endfacet
  facet normal 1.26384e-05 -0.707103 0.707111
    outer loop
      vertex 60.5 0 4
      vertex 60.2312 0.546021 4.54602
      vertex 60.0858 0.414207 4.41421
    endloop
  endfacet
  facet normal -7.52697e-06 -0.707106 0.707108
    outer loop
      vertex 60.3889 0.662933 4.66293
      vertex 60.5 0 4
      vertex 60.5 0.729552 4.72955
    endloop
  endfacet
  facet normal 0 -0.707107 0.707107
    outer loop
      vertex 36.5 0 4
      vertex 37.5 1 5
      vertex 36.5 1 5
    endloop
  endfacet
  facet normal 0 -0.707107 0.707107
    outer loop
      vertex 37.5 1 5
      vertex 36.5 0 4
      vertex 58.5 1 5
    endloop
  endfacet
  facet normal 0 -0.707107 0.707107
    outer loop
      vertex 59.5 0 4
      vertex 58.5 1 5
      vertex 36.5 0 4
    endloop
  endfacet
  facet normal 0 -0.707107 0.707107
    outer loop
      vertex 58.5 1 5
      vertex 59.5 0 4
      vertex 59.5 1 5
    endloop
  endfacet
  facet normal -1 0 0
    outer loop
      vertex 60.5 0 4.72955
      vertex 60.5 0.729552 4.72955
      vertex 60.5 0 4
    endloop
  endfacet
  facet normal 0 -1 0
    outer loop
      vertex 34.696 10 4.99036
      vertex 35.71 10 5
      vertex 34.5 10 5
    endloop
  endfacet
  facet normal 0 -1 0
    outer loop
      vertex 34.8902 10 4.96156
      vertex 35.71 10 5
      vertex 34.696 10 4.99036
    endloop
  endfacet
  facet normal 0 -1 0
    outer loop
      vertex 35.0806 10 4.91388
      vertex 35.71 10 5
      vertex 34.8902 10 4.96156
    endloop
  endfacet
  facet normal 0 -1 0
    outer loop
      vertex 35.2654 10 4.84775
      vertex 35.71 10 5
      vertex 35.0806 10 4.91388
    endloop
  endfacet
  facet normal 0 -1 0
    outer loop
      vertex 35.4428 10 4.76384
      vertex 35.71 10 5
      vertex 35.2654 10 4.84775
    endloop
  endfacet
  facet normal 0 -1 0
    outer loop
      vertex 35.6111 10 4.66293
      vertex 35.71 10 5
      vertex 35.4428 10 4.76384
    endloop
  endfacet
  facet normal 0 -1 -0
    outer loop
      vertex 35.71 10 5
      vertex 35.6111 10 4.66293
      vertex 35.71 10 4.58958
    endloop
  endfacet
  facet normal 0.998803 0 0.0489135
    outer loop
      vertex 36.4904 7.00862 3.19603
      vertex 36.5 1 3
      vertex 36.5 7.00114 3
    endloop
  endfacet
  facet normal 0.998803 0 0.0489135
    outer loop
      vertex 36.5 1 3
      vertex 36.4904 7.00862 3.19603
      vertex 36.4904 0.990356 3.19603
    endloop
  endfacet
  facet normal 0.989175 0 0.146741
    outer loop
      vertex 36.4616 7.03096 3.39017
      vertex 36.4904 0.990356 3.19603
      vertex 36.4904 7.00862 3.19603
    endloop
  endfacet
  facet normal 0.989175 0 0.146741
    outer loop
      vertex 36.4904 0.990356 3.19603
      vertex 36.4616 7.03096 3.39017
      vertex 36.4616 0.961563 3.39017
    endloop
  endfacet
  facet normal 0.970023 0 0.243015
    outer loop
      vertex 36.4139 7.06795 3.58057
      vertex 36.4616 0.961563 3.39017
      vertex 36.4616 7.03096 3.39017
    endloop
  endfacet
  facet normal 0.970023 0 0.243015
    outer loop
      vertex 36.4616 0.961563 3.39017
      vertex 36.4139 7.06795 3.58057
      vertex 36.4139 0.913879 3.58057
    endloop
  endfacet
  facet normal 0.940662 0 0.339344
    outer loop
      vertex 36.4064 7.07372 3.60136
      vertex 36.4139 0.913879 3.58057
      vertex 36.4139 7.06795 3.58057
    endloop
  endfacet
  facet normal 0.941515 9.05131e-06 0.33697
    outer loop
      vertex 36.3477 7.12546 3.76537
      vertex 36.4139 0.913879 3.58057
      vertex 36.4064 7.07372 3.60136
    endloop
  endfacet
  facet normal 0.941419 0 0.33724
    outer loop
      vertex 36.4139 0.913879 3.58057
      vertex 36.3477 7.12546 3.76537
      vertex 36.3477 0.847748 3.76537
    endloop
  endfacet
  facet normal 0.904034 0 0.427461
    outer loop
      vertex 36.2886 7.17758 3.89036
      vertex 36.3477 0.847748 3.76537
      vertex 36.3477 7.12546 3.76537
    endloop
  endfacet
  facet normal 0.903941 -0 0.427656
    outer loop
      vertex 36.2638 0.76384 3.94278
      vertex 36.2886 7.17758 3.89036
      vertex 36.2638 7.20237 3.94278
    endloop
  endfacet
  facet normal 0.904007 -1.37978e-06 0.427518
    outer loop
      vertex 36.2886 7.17758 3.89036
      vertex 36.2638 0.76384 3.94278
      vertex 36.3477 0.847748 3.76537
    endloop
  endfacet
  facet normal 0.857892 0 0.513829
    outer loop
      vertex 36.1776 7.28863 4.0867
      vertex 36.2638 0.76384 3.94278
      vertex 36.2638 7.20237 3.94278
    endloop
  endfacet
  facet normal 0.856842 -0 0.515578
    outer loop
      vertex 36.1629 0.662933 4.11113
      vertex 36.1776 7.28863 4.0867
      vertex 36.1629 7.30524 4.11113
    endloop
  endfacet
  facet normal 0.857742 -7.52027e-06 0.51408
    outer loop
      vertex 36.1776 7.28863 4.0867
      vertex 36.1629 0.662933 4.11113
      vertex 36.2638 0.76384 3.94278
    endloop
  endfacet
  facet normal 0.803296 -1.80102e-06 0.59558
    outer loop
      vertex 36.046 0.546021 4.26878
      vertex 36.1629 7.30524 4.11113
      vertex 36.0737 7.40644 4.23144
    endloop
  endfacet
  facet normal 0.803138 -0 0.595793
    outer loop
      vertex 36.046 0.546021 4.26878
      vertex 36.0737 7.40644 4.23144
      vertex 36.046 7.44214 4.26878
    endloop
  endfacet
  facet normal 0.803259 0 0.59563
    outer loop
      vertex 36.1629 7.30524 4.11113
      vertex 36.046 0.546021 4.26878
      vertex 36.1629 0.662933 4.11113
    endloop
  endfacet
  facet normal 0.741218 -1.10029e-05 0.671264
    outer loop
      vertex 35.9142 0.4142 4.4142
      vertex 36.046 7.44214 4.26878
      vertex 35.9775 7.53054 4.34442
    endloop
  endfacet
  facet normal 0.74066 -0 0.67188
    outer loop
      vertex 35.9142 0.4142 4.4142
      vertex 35.9775 7.53054 4.34442
      vertex 35.9142 7.62362 4.4142
    endloop
  endfacet
  facet normal 0.740954 0 0.671556
    outer loop
      vertex 36.046 7.44214 4.26878
      vertex 35.9142 0.4142 4.4142
      vertex 36.046 0.546021 4.26878
    endloop
  endfacet
  facet normal 0.671899 -8.82472e-06 0.740643
    outer loop
      vertex 35.7688 0.546021 4.54602
      vertex 35.9142 7.62362 4.4142
      vertex 35.8892 7.66043 4.43688
    endloop
  endfacet
  facet normal 0.671374 7.35765e-06 0.741119
    outer loop
      vertex 35.7688 0.546021 4.54602
      vertex 35.8892 7.66043 4.43688
      vertex 35.8092 7.79562 4.50935
    endloop
  endfacet
  facet normal 0.672098 -0 0.740462
    outer loop
      vertex 35.7688 0.546021 4.54602
      vertex 35.8092 7.79562 4.50935
      vertex 35.7688 7.875 4.54602
    endloop
  endfacet
  facet normal 0.671663 0 0.740857
    outer loop
      vertex 35.9142 7.62362 4.4142
      vertex 35.7688 0.546021 4.54602
      vertex 35.9142 0.4142 4.4142
    endloop
  endfacet
  facet normal 0.595703 0.000574071 0.803204
    outer loop
      vertex 35.6111 10 4.66293
      vertex 35.6756 9.92031 4.61515
      vertex 35.71 10 4.58958
    endloop
  endfacet
  facet normal 0.595398 0.000191017 0.803431
    outer loop
      vertex 35.6111 10 4.66293
      vertex 35.6224 9.77254 4.65461
      vertex 35.6756 9.92031 4.61515
    endloop
  endfacet
  facet normal 0.592907 0 0.805271
    outer loop
      vertex 35.6224 9.77254 4.65461
      vertex 35.6111 10 4.66293
      vertex 35.6111 9.73389 4.66293
    endloop
  endfacet
  facet normal 0.595097 1.50183e-05 0.803654
    outer loop
      vertex 35.6111 0.662933 4.66293
      vertex 35.7688 7.875 4.54602
      vertex 35.7379 7.93555 4.5689
    endloop
  endfacet
  facet normal 0.596058 -1.09549e-05 0.802941
    outer loop
      vertex 35.6111 0.662933 4.66293
      vertex 35.7379 7.93555 4.5689
      vertex 35.6756 8.07969 4.61515
    endloop
  endfacet
  facet normal 0.595728 -6.50733e-06 0.803186
    outer loop
      vertex 35.6111 0.662933 4.66293
      vertex 35.6756 8.07969 4.61515
      vertex 35.6224 8.22746 4.65461
    endloop
  endfacet
  facet normal 0.592907 -0 0.805271
    outer loop
      vertex 35.6111 0.662933 4.66293
      vertex 35.6224 8.22746 4.65461
      vertex 35.6111 8.26611 4.66293
    endloop
  endfacet
  facet normal 0.595541 0 0.803325
    outer loop
      vertex 35.7688 7.875 4.54602
      vertex 35.6111 0.662933 4.66293
      vertex 35.7688 0.546021 4.54602
    endloop
  endfacet
  facet normal 0.514233 0 0.85765
    outer loop
      vertex 35.4428 10 4.76384
      vertex 35.6111 9.73389 4.66293
      vertex 35.6111 10 4.66293
    endloop
  endfacet
  facet normal 0.514194 -3.37424e-05 0.857674
    outer loop
      vertex 35.6111 9.73389 4.66293
      vertex 35.4428 10 4.76384
      vertex 35.5785 9.62172 4.68247
    endloop
  endfacet
  facet normal 0.514423 7.79604e-05 0.857536
    outer loop
      vertex 35.5785 9.62172 4.68247
      vertex 35.4428 10 4.76384
      vertex 35.5443 9.46845 4.703
    endloop
  endfacet
  facet normal 0.514264 1.24776e-06 0.857632
    outer loop
      vertex 35.5049 8.84302 4.72659
      vertex 35.4428 0 4.76384
      vertex 35.5 0.729543 4.72954
    endloop
  endfacet
  facet normal 0.513943 -4.66998e-05 0.857824
    outer loop
      vertex 35.5443 9.46845 4.703
      vertex 35.4428 10 4.76384
      vertex 35.5197 9.31333 4.71773
    endloop
  endfacet
  facet normal 0.513972 -4.22987e-05 0.857807
    outer loop
      vertex 35.4428 10 4.76384
      vertex 35.5049 9.15698 4.72659
      vertex 35.5197 9.31333 4.71773
    endloop
  endfacet
  facet normal 0.514807 4.13851e-05 0.857306
    outer loop
      vertex 35.4428 10 4.76384
      vertex 35.5 9 4.72954
      vertex 35.5049 9.15698 4.72659
    endloop
  endfacet
  facet normal 0.514275 -0 0.857625
    outer loop
      vertex 35.4428 0 4.76384
      vertex 35.5 9 4.72954
      vertex 35.4428 10 4.76384
    endloop
  endfacet
  facet normal 0.514275 0 0.857625
    outer loop
      vertex 35.5 0.729543 4.72954
      vertex 35.4428 0 4.76384
      vertex 35.5 0 4.72954
    endloop
  endfacet
  facet normal 0.514114 1.96694e-06 0.857722
    outer loop
      vertex 35.5 0.729543 4.72954
      vertex 35.6111 8.26611 4.66293
      vertex 35.5785 8.37827 4.68247
    endloop
  endfacet
  facet normal 0.514661 -5.67483e-06 0.857394
    outer loop
      vertex 35.5 0.729543 4.72954
      vertex 35.5785 8.37827 4.68247
      vertex 35.5443 8.53155 4.703
    endloop
  endfacet
  facet normal 0.513733 1.48889e-06 0.85795
    outer loop
      vertex 35.5 0.729543 4.72954
      vertex 35.5443 8.53155 4.703
      vertex 35.5197 8.68667 4.71773
    endloop
  endfacet
  facet normal 0.513657 1.74658e-06 0.857996
    outer loop
      vertex 35.5 0.729543 4.72954
      vertex 35.5197 8.68667 4.71773
      vertex 35.5049 8.84302 4.72659
    endloop
  endfacet
  facet normal 0.515526 -1.0816e-05 0.856874
    outer loop
      vertex 35.4428 0 4.76384
      vertex 35.5049 8.84302 4.72659
      vertex 35.5 9 4.72954
    endloop
  endfacet
  facet normal 0.514212 0 0.857663
    outer loop
      vertex 35.6111 8.26611 4.66293
      vertex 35.5 0.729543 4.72954
      vertex 35.6111 0.662933 4.66293
    endloop
  endfacet
  facet normal 0.42758 0 0.903977
    outer loop
      vertex 35.2654 10 4.84775
      vertex 35.4428 0 4.76384
      vertex 35.4428 10 4.76384
    endloop
  endfacet
  facet normal 0.42758 0 0.903977
    outer loop
      vertex 35.4428 0 4.76384
      vertex 35.2654 10 4.84775
      vertex 35.2654 0 4.84775
    endloop
  endfacet
  facet normal 0.336924 0 0.941532
    outer loop
      vertex 35.0806 10 4.91388
      vertex 35.2654 0 4.84775
      vertex 35.2654 10 4.84775
    endloop
  endfacet
  facet normal 0.336924 0 0.941532
    outer loop
      vertex 35.2654 0 4.84775
      vertex 35.0806 10 4.91388
      vertex 35.0806 0 4.91388
    endloop
  endfacet
  facet normal 0.242919 0 0.970047
    outer loop
      vertex 34.8902 10 4.96156
      vertex 35.0806 0 4.91388
      vertex 35.0806 10 4.91388
    endloop
  endfacet
  facet normal 0.242919 0 0.970047
    outer loop
      vertex 35.0806 0 4.91388
      vertex 34.8902 10 4.96156
      vertex 34.8902 0 4.96156
    endloop
  endfacet
  facet normal 0.146696 0 0.989182
    outer loop
      vertex 34.696 10 4.99036
      vertex 34.8902 0 4.96156
      vertex 34.8902 10 4.96156
    endloop
  endfacet
  facet normal 0.146696 0 0.989182
    outer loop
      vertex 34.8902 0 4.96156
      vertex 34.696 10 4.99036
      vertex 34.696 0 4.99036
    endloop
  endfacet
  facet normal 0.0491243 -0 0.998793
    outer loop
      vertex 34.5 6 5
      vertex 34.696 10 4.99036
      vertex 34.5 10 5
    endloop
  endfacet
  facet normal 0.0491243 0 0.998793
    outer loop
      vertex 34.696 10 4.99036
      vertex 34.5 6 5
      vertex 34.696 0 4.99036
    endloop
  endfacet
  facet normal 0.0491243 0 0.998793
    outer loop
      vertex 34.696 0 4.99036
      vertex 34.5 6 5
      vertex 34.5 0 5
    endloop
  endfacet
  facet normal 0 -1 0
    outer loop
      vertex 60.29 10 5
      vertex 61.304 10 4.99036
      vertex 61.5 10 5
    endloop
  endfacet
  facet normal 0 -1 0
    outer loop
      vertex 60.29 10 5
      vertex 61.1098 10 4.96156
      vertex 61.304 10 4.99036
    endloop
  endfacet
  facet normal 0 -1 0
    outer loop
      vertex 60.29 10 5
      vertex 60.9194 10 4.91388
      vertex 61.1098 10 4.96156
    endloop
  endfacet
  facet normal 0 -1 0
    outer loop
      vertex 60.29 10 5
      vertex 60.7346 10 4.84775
      vertex 60.9194 10 4.91388
    endloop
  endfacet
  facet normal 0 -1 0
    outer loop
      vertex 60.29 10 5
      vertex 60.5572 10 4.76384
      vertex 60.7346 10 4.84775
    endloop
  endfacet
  facet normal 0 -1 0
    outer loop
      vertex 60.29 10 5
      vertex 60.3889 10 4.66293
      vertex 60.5572 10 4.76384
    endloop
  endfacet
  facet normal -0 -1 0
    outer loop
      vertex 60.3889 10 4.66293
      vertex 60.29 10 5
      vertex 60.29 10 4.58959
    endloop
  endfacet
  facet normal -0.146696 0 0.989182
    outer loop
      vertex 61.1098 10 4.96156
      vertex 61.304 0 4.99036
      vertex 61.304 10 4.99036
    endloop
  endfacet
  facet normal -0.146696 0 0.989182
    outer loop
      vertex 61.304 0 4.99036
      vertex 61.1098 10 4.96156
      vertex 61.1098 0 4.96156
    endloop
  endfacet
  facet normal -0.242919 0 0.970047
    outer loop
      vertex 60.9194 10 4.91388
      vertex 61.1098 0 4.96156
      vertex 61.1098 10 4.96156
    endloop
  endfacet
  facet normal -0.242919 0 0.970047
    outer loop
      vertex 61.1098 0 4.96156
      vertex 60.9194 10 4.91388
      vertex 60.9194 0 4.91388
    endloop
  endfacet
  facet normal -0.336924 0 0.941532
    outer loop
      vertex 60.7346 10 4.84775
      vertex 60.9194 0 4.91388
      vertex 60.9194 10 4.91388
    endloop
  endfacet
  facet normal -0.336924 0 0.941532
    outer loop
      vertex 60.9194 0 4.91388
      vertex 60.7346 10 4.84775
      vertex 60.7346 0 4.84775
    endloop
  endfacet
  facet normal -0.42758 0 0.903977
    outer loop
      vertex 60.5572 10 4.76384
      vertex 60.7346 0 4.84775
      vertex 60.7346 10 4.84775
    endloop
  endfacet
  facet normal -0.42758 0 0.903977
    outer loop
      vertex 60.7346 0 4.84775
      vertex 60.5572 10 4.76384
      vertex 60.5572 0 4.76384
    endloop
  endfacet
  facet normal -0.514142 2.40447e-06 0.857705
    outer loop
      vertex 60.5572 0 4.76384
      vertex 60.4951 8.84302 4.72659
      vertex 60.5 0.729552 4.72955
    endloop
  endfacet
  facet normal -0.51324 3.14619e-06 0.858245
    outer loop
      vertex 60.4803 8.68667 4.71774
      vertex 60.5 0.729552 4.72955
      vertex 60.4951 8.84302 4.72659
    endloop
  endfacet
  facet normal -0.513733 1.48889e-06 0.85795
    outer loop
      vertex 60.4557 8.53155 4.70301
      vertex 60.5 0.729552 4.72955
      vertex 60.4803 8.68667 4.71774
    endloop
  endfacet
  facet normal -0.514841 -7.0621e-06 0.857286
    outer loop
      vertex 60.4215 8.37827 4.68247
      vertex 60.5 0.729552 4.72955
      vertex 60.4557 8.53155 4.70301
    endloop
  endfacet
  facet normal -0.514117 3.05004e-06 0.85772
    outer loop
      vertex 60.3889 8.26606 4.66293
      vertex 60.5 0.729552 4.72955
      vertex 60.4215 8.37827 4.68247
    endloop
  endfacet
  facet normal -0.514269 0 0.857629
    outer loop
      vertex 60.5 0.729552 4.72955
      vertex 60.3889 8.26606 4.66293
      vertex 60.3889 0.662933 4.66293
    endloop
  endfacet
  facet normal -0.510661 -0.000272103 0.859782
    outer loop
      vertex 60.4951 8.84302 4.72659
      vertex 60.5572 10 4.76384
      vertex 60.5 9 4.72955
    endloop
  endfacet
  facet normal -0.51519 7.97222e-05 0.857076
    outer loop
      vertex 60.5572 10 4.76384
      vertex 60.4951 9.15698 4.72659
      vertex 60.5 9 4.72955
    endloop
  endfacet
  facet normal -0.513732 -6.63204e-05 0.857951
    outer loop
      vertex 60.5572 10 4.76384
      vertex 60.4803 9.31333 4.71774
      vertex 60.4951 9.15698 4.72659
    endloop
  endfacet
  facet normal -0.513909 -3.93788e-05 0.857845
    outer loop
      vertex 60.5572 10 4.76384
      vertex 60.4557 9.46845 4.70301
      vertex 60.4803 9.31333 4.71774
    endloop
  endfacet
  facet normal -0.514494 0.000112449 0.857494
    outer loop
      vertex 60.5572 10 4.76384
      vertex 60.4215 9.62172 4.68247
      vertex 60.4557 9.46845 4.70301
    endloop
  endfacet
  facet normal -0.514233 0 0.85765
    outer loop
      vertex 60.3889 9.73394 4.66293
      vertex 60.5572 10 4.76384
      vertex 60.3889 10 4.66293
    endloop
  endfacet
  facet normal -0.514194 -3.37341e-05 0.857674
    outer loop
      vertex 60.5572 10 4.76384
      vertex 60.3889 9.73394 4.66293
      vertex 60.4215 9.62172 4.68247
    endloop
  endfacet
  facet normal -0.514394 0 0.857554
    outer loop
      vertex 60.5572 10 4.76384
      vertex 60.4951 8.84302 4.72659
      vertex 60.5572 0 4.76384
    endloop
  endfacet
  facet normal -0.514165 0 0.857691
    outer loop
      vertex 60.5572 0 4.76384
      vertex 60.5 0.729552 4.72955
      vertex 60.5 0 4.72955
    endloop
  endfacet
  facet normal -0.592445 0 0.805611
    outer loop
      vertex 60.3889 10 4.66293
      vertex 60.3776 9.77254 4.65462
      vertex 60.3889 9.73394 4.66293
    endloop
  endfacet
  facet normal -0.595256 0.000215491 0.803536
    outer loop
      vertex 60.3889 10 4.66293
      vertex 60.3244 9.92031 4.61517
      vertex 60.3776 9.77254 4.65462
    endloop
  endfacet
  facet normal -0.595651 0.000709954 0.803243
    outer loop
      vertex 60.3244 9.92031 4.61517
      vertex 60.3889 10 4.66293
      vertex 60.29 10 4.58959
    endloop
  endfacet
  facet normal -0.592445 0 0.805611
    outer loop
      vertex 60.3776 8.22746 4.65462
      vertex 60.3889 0.662933 4.66293
      vertex 60.3889 8.26606 4.66293
    endloop
  endfacet
  facet normal -0.59563 -7.3408e-06 0.803259
    outer loop
      vertex 60.3244 8.07969 4.61517
      vertex 60.3889 0.662933 4.66293
      vertex 60.3776 8.22746 4.65462
    endloop
  endfacet
  facet normal -0.596137 -1.41751e-05 0.802883
    outer loop
      vertex 60.2621 7.93555 4.56891
      vertex 60.3889 0.662933 4.66293
      vertex 60.3244 8.07969 4.61517
    endloop
  endfacet
  facet normal -0.595258 9.56336e-06 0.803534
    outer loop
      vertex 60.2312 7.87497 4.54602
      vertex 60.3889 0.662933 4.66293
      vertex 60.2621 7.93555 4.56891
    endloop
  endfacet
  facet normal -0.595541 0 0.803325
    outer loop
      vertex 60.3889 0.662933 4.66293
      vertex 60.2312 7.87497 4.54602
      vertex 60.2312 0.546021 4.54602
    endloop
  endfacet
  facet normal -0.671897 0 0.740645
    outer loop
      vertex 60.1908 7.79562 4.50937
      vertex 60.2312 0.546021 4.54602
      vertex 60.2312 7.87497 4.54602
    endloop
  endfacet
  facet normal -0.671422 4.82042e-06 0.741075
    outer loop
      vertex 60.1108 7.66043 4.43689
      vertex 60.2312 0.546021 4.54602
      vertex 60.1908 7.79562 4.50937
    endloop
  endfacet
  facet normal -0.672056 -1.47292e-05 0.7405
    outer loop
      vertex 60.0858 7.6236 4.4142
      vertex 60.2312 0.546021 4.54602
      vertex 60.1108 7.66043 4.43689
    endloop
  endfacet
  facet normal -0.671663 0 0.740857
    outer loop
      vertex 60.0858 0.414215 4.4142
      vertex 60.2312 0.546021 4.54602
      vertex 60.0858 7.6236 4.4142
    endloop
  endfacet
  facet normal -0.786668 0.48209 0.385672
    outer loop
      vertex 60.2312 0.546021 4.54602
      vertex 60.0858 0.414215 4.4142
      vertex 60.0858 0.414207 4.41421
    endloop
  endfacet
  facet normal -0.740954 0 0.671556
    outer loop
      vertex 60.0858 0.414215 4.4142
      vertex 59.954 7.44213 4.26878
      vertex 59.954 0.546036 4.26878
    endloop
  endfacet
  facet normal -0.741261 -1.27964e-05 0.671217
    outer loop
      vertex 59.954 7.44213 4.26878
      vertex 60.0858 0.414215 4.4142
      vertex 60.0225 7.53054 4.34443
    endloop
  endfacet
  facet normal -0.740612 0 0.671933
    outer loop
      vertex 60.0225 7.53054 4.34443
      vertex 60.0858 0.414215 4.4142
      vertex 60.0858 7.6236 4.4142
    endloop
  endfacet
  facet normal -0.803259 0 0.59563
    outer loop
      vertex 59.954 0.546036 4.26878
      vertex 59.8371 7.30523 4.11113
      vertex 59.8371 0.662949 4.11113
    endloop
  endfacet
  facet normal -0.803343 -4.06568e-06 0.595517
    outer loop
      vertex 59.8371 7.30523 4.11113
      vertex 59.954 0.546036 4.26878
      vertex 59.9263 7.40644 4.23146
    endloop
  endfacet
  facet normal -0.802985 0 0.595999
    outer loop
      vertex 59.9263 7.40644 4.23146
      vertex 59.954 0.546036 4.26878
      vertex 59.954 7.44213 4.26878
    endloop
  endfacet
  facet normal -0.857661 0 0.514215
    outer loop
      vertex 59.7361 0.763855 3.94278
      vertex 59.8224 7.28863 4.08672
      vertex 59.7361 7.20236 3.94278
    endloop
  endfacet
  facet normal -0.857517 -7.1924e-06 0.514455
    outer loop
      vertex 59.8371 0.662949 4.11113
      vertex 59.8224 7.28863 4.08672
      vertex 59.7361 0.763855 3.94278
    endloop
  endfacet
  facet normal -0.856656 0 0.515889
    outer loop
      vertex 59.8224 7.28863 4.08672
      vertex 59.8371 0.662949 4.11113
      vertex 59.8371 7.30523 4.11113
    endloop
  endfacet
  facet normal -0.903794 0 0.427968
    outer loop
      vertex 59.6522 0.847763 3.76537
      vertex 59.7114 7.17758 3.89039
      vertex 59.6522 7.12545 3.76537
    endloop
  endfacet
  facet normal -0.904004 1.07623e-05 0.427523
    outer loop
      vertex 59.7361 0.763855 3.94278
      vertex 59.7114 7.17758 3.89039
      vertex 59.6522 0.847763 3.76537
    endloop
  endfacet
  facet normal -0.904513 0 0.426445
    outer loop
      vertex 59.7114 7.17758 3.89039
      vertex 59.7361 0.763855 3.94278
      vertex 59.7361 7.20236 3.94278
    endloop
  endfacet
  facet normal -0.94087 0 0.338767
    outer loop
      vertex 59.5861 0.913895 3.58057
      vertex 59.5936 7.07372 3.6014
      vertex 59.5861 7.06793 3.58057
    endloop
  endfacet
  facet normal -0.941671 8.52774e-06 0.336534
    outer loop
      vertex 59.5861 0.913895 3.58057
      vertex 59.6522 7.12545 3.76537
      vertex 59.5936 7.07372 3.6014
    endloop
  endfacet
  facet normal -0.94158 0 0.336788
    outer loop
      vertex 59.6522 7.12545 3.76537
      vertex 59.5861 0.913895 3.58057
      vertex 59.6522 0.847763 3.76537
    endloop
  endfacet
  facet normal -0.970023 0 0.243015
    outer loop
      vertex 59.5384 0.961578 3.39017
      vertex 59.5861 7.06793 3.58057
      vertex 59.5384 7.03095 3.39017
    endloop
  endfacet
  facet normal -0.970023 0 0.243015
    outer loop
      vertex 59.5861 7.06793 3.58057
      vertex 59.5384 0.961578 3.39017
      vertex 59.5861 0.913895 3.58057
    endloop
  endfacet
  facet normal -0.989175 0 0.146741
    outer loop
      vertex 59.5096 0.990372 3.19603
      vertex 59.5384 7.03095 3.39017
      vertex 59.5096 7.00861 3.19603
    endloop
  endfacet
  facet normal -0.989175 0 0.146741
    outer loop
      vertex 59.5384 7.03095 3.39017
      vertex 59.5096 0.990372 3.19603
      vertex 59.5384 0.961578 3.39017
    endloop
  endfacet
  facet normal -0.998803 0 0.0489135
    outer loop
      vertex 59.5 1 3
      vertex 59.5096 7.00861 3.19603
      vertex 59.5 7.00114 3
    endloop
  endfacet
  facet normal -0.998803 0 0.0489135
    outer loop
      vertex 59.5096 7.00861 3.19603
      vertex 59.5 1 3
      vertex 59.5096 0.990372 3.19603
    endloop
  endfacet
  facet normal -0.0491243 0 0.998793
    outer loop
      vertex 61.304 10 4.99036
      vertex 61.5 6 5
      vertex 61.5 10 5
    endloop
  endfacet
  facet normal -0.0491243 0 0.998793
    outer loop
      vertex 61.304 0 4.99036
      vertex 61.5 6 5
      vertex 61.304 10 4.99036
    endloop
  endfacet
  facet normal -0.0491243 0 0.998793
    outer loop
      vertex 61.5 6 5
      vertex 61.304 0 4.99036
      vertex 61.5 0 5
    endloop
  endfacet
  facet normal -0.707107 0 0.707107
    outer loop
      vertex 58.5 1 5
      vertex 59.5 5 6
      vertex 58.5 5 5
    endloop
  endfacet
  facet normal -0.707107 0 0.707107
    outer loop
      vertex 58.5 1 5
      vertex 59.5 1 6
      vertex 59.5 5 6
    endloop
  endfacet
  facet normal -0.707107 0 0.707107
    outer loop
      vertex 58.5 0 5
      vertex 59.5 1 6
      vertex 58.5 1 5
    endloop
  endfacet
  facet normal -0.707107 0 0.707107
    outer loop
      vertex 59.5 1 6
      vertex 58.5 0 5
      vertex 59.5 0 6
    endloop
  endfacet
  facet normal 0.57735 -0.57735 0.57735
    outer loop
      vertex 37.5 5 5
      vertex 37.5 5.5 5.5
      vertex 36.5 5 6
    endloop
  endfacet
  facet normal 0.707107 -0 0.707107
    outer loop
      vertex 36.5 1 6
      vertex 37.5 5 5
      vertex 36.5 5 6
    endloop
  endfacet
  facet normal 0.707107 0 0.707107
    outer loop
      vertex 36.5 1 6
      vertex 37.5 1 5
      vertex 37.5 5 5
    endloop
  endfacet
  facet normal 0.707107 -0 0.707107
    outer loop
      vertex 36.5 0 6
      vertex 37.5 1 5
      vertex 36.5 1 6
    endloop
  endfacet
  facet normal 0.707107 0 0.707107
    outer loop
      vertex 37.5 1 5
      vertex 36.5 0 6
      vertex 37.5 0 5
    endloop
  endfacet
  facet normal 0 -0.707107 0.707107
    outer loop
      vertex 37.5 5 5
      vertex 58.5 5.5 5.5
      vertex 37.5 5.5 5.5
    endloop
  endfacet
  facet normal 0 -0.707107 0.707107
    outer loop
      vertex 58.5 5.5 5.5
      vertex 37.5 5 5
      vertex 58.5 5 5
    endloop
  endfacet
  facet normal -0.57735 -0.57735 0.57735
    outer loop
      vertex 59.5 5 6
      vertex 58.5 5.5 5.5
      vertex 58.5 5 5
    endloop
  endfacet
  facet normal -0.612837 -0.790209 0
    outer loop
      vertex 58.8817 10.2135 0
      vertex 58.9561 10.1558 2.5
      vertex 58.8817 10.2135 2.5
    endloop
  endfacet
  facet normal -0.612837 -0.790209 -0
    outer loop
      vertex 58.9561 10.1558 2.5
      vertex 58.8817 10.2135 0
      vertex 58.9561 10.1558 0
    endloop
  endfacet
  facet normal 0.278965 0.960301 -0
    outer loop
      vertex 57.627 7.54712 0
      vertex 57.5365 7.57341 2.5
      vertex 57.627 7.54712 2.5
    endloop
  endfacet
  facet normal 0.278965 0.960301 0
    outer loop
      vertex 57.5365 7.57341 2.5
      vertex 57.627 7.54712 0
      vertex 57.5365 7.57341 0
    endloop
  endfacet
  facet normal 0.940959 -0.33852 0
    outer loop
      vertex 56.5734 9.46352 2.5
      vertex 56.6053 9.55219 0
      vertex 56.6053 9.55219 2.5
    endloop
  endfacet
  facet normal 0.940959 -0.33852 0
    outer loop
      vertex 56.6053 9.55219 0
      vertex 56.5734 9.46352 2.5
      vertex 56.5734 9.46352 0
    endloop
  endfacet
  facet normal -0.976042 -0.217582 0
    outer loop
      vertex 59.4734 9.28107 0
      vertex 59.4529 9.37303 2.5
      vertex 59.4529 9.37303 0
    endloop
  endfacet
  facet normal -0.976042 -0.217582 0
    outer loop
      vertex 59.4529 9.37303 2.5
      vertex 59.4734 9.28107 0
      vertex 59.4734 9.28107 2.5
    endloop
  endfacet
  facet normal -0.960265 -0.279091 0
    outer loop
      vertex 59.4529 9.37303 0
      vertex 59.4266 9.46352 2.5
      vertex 59.4266 9.46352 0
    endloop
  endfacet
  facet normal -0.960265 -0.279091 0
    outer loop
      vertex 59.4266 9.46352 2.5
      vertex 59.4529 9.37303 0
      vertex 59.4529 9.37303 2.5
    endloop
  endfacet
  facet normal -0.750086 -0.661341 0
    outer loop
      vertex 59.1558 9.95614 0
      vertex 59.0935 10.0268 2.5
      vertex 59.0935 10.0268 0
    endloop
  endfacet
  facet normal -0.750086 -0.661341 0
    outer loop
      vertex 59.0935 10.0268 2.5
      vertex 59.1558 9.95614 0
      vertex 59.1558 9.95614 2.5
    endloop
  endfacet
  facet normal -0.453576 -0.891218 0
    outer loop
      vertex 58.6387 10.3572 0
      vertex 58.7226 10.3145 2.5
      vertex 58.6387 10.3572 2.5
    endloop
  endfacet
  facet normal -0.453576 -0.891218 -0
    outer loop
      vertex 58.7226 10.3145 2.5
      vertex 58.6387 10.3572 0
      vertex 58.7226 10.3145 0
    endloop
  endfacet
  facet normal 0.999493 0.0318344 0
    outer loop
      vertex 56.503 8.90581 2.5
      vertex 56.5 9 0
      vertex 56.5 9 2.5
    endloop
  endfacet
  facet normal 0.999493 0.0318344 0
    outer loop
      vertex 56.5 9 0
      vertex 56.503 8.90581 2.5
      vertex 56.503 8.90581 0
    endloop
  endfacet
  facet normal 0.66113 -0.750271 0
    outer loop
      vertex 56.9732 10.0935 0
      vertex 57.0439 10.1558 2.5
      vertex 56.9732 10.0935 2.5
    endloop
  endfacet
  facet normal 0.66113 -0.750271 0
    outer loop
      vertex 57.0439 10.1558 2.5
      vertex 56.9732 10.0935 0
      vertex 57.0439 10.1558 0
    endloop
  endfacet
  facet normal -0.999493 0.0318344 0
    outer loop
      vertex 59.497 8.90581 0
      vertex 59.5 9 2.5
      vertex 59.5 9 0
    endloop
  endfacet
  facet normal -0.999493 0.0318344 0
    outer loop
      vertex 59.5 9 2.5
      vertex 59.497 8.90581 0
      vertex 59.497 8.90581 2.5
    endloop
  endfacet
  facet normal -0.940947 0.338554 0
    outer loop
      vertex 59.3947 8.44781 0
      vertex 59.4266 8.53647 2.5
      vertex 59.4266 8.53647 0
    endloop
  endfacet
  facet normal -0.940947 0.338554 0
    outer loop
      vertex 59.4266 8.53647 2.5
      vertex 59.3947 8.44781 0
      vertex 59.3947 8.44781 2.5
    endloop
  endfacet
  facet normal -0.278965 0.960301 0
    outer loop
      vertex 58.4635 7.57341 0
      vertex 58.373 7.54712 2.5
      vertex 58.4635 7.57341 2.5
    endloop
  endfacet
  facet normal -0.278965 0.960301 0
    outer loop
      vertex 58.373 7.54712 2.5
      vertex 58.4635 7.57341 0
      vertex 58.373 7.54712 0
    endloop
  endfacet
  facet normal -0.750178 0.661235 0
    outer loop
      vertex 59.0935 7.97318 0
      vertex 59.1558 8.04386 2.5
      vertex 59.1558 8.04386 0
    endloop
  endfacet
  facet normal -0.750178 0.661235 0
    outer loop
      vertex 59.1558 8.04386 2.5
      vertex 59.0935 7.97318 0
      vertex 59.0935 7.97318 2.5
    endloop
  endfacet
  facet normal 0.960265 0.279091 0
    outer loop
      vertex 56.5734 8.53647 2.5
      vertex 56.5471 8.62696 0
      vertex 56.5471 8.62696 2.5
    endloop
  endfacet
  facet normal 0.960265 0.279091 0
    outer loop
      vertex 56.5471 8.62696 0
      vertex 56.5734 8.53647 2.5
      vertex 56.5734 8.53647 0
    endloop
  endfacet
  facet normal -0.987591 -0.157047 0
    outer loop
      vertex 59.4882 9.188 0
      vertex 59.4734 9.28107 2.5
      vertex 59.4734 9.28107 0
    endloop
  endfacet
  facet normal -0.987591 -0.157047 0
    outer loop
      vertex 59.4734 9.28107 2.5
      vertex 59.4882 9.188 0
      vertex 59.4882 9.188 2.5
    endloop
  endfacet
  facet normal -0.940959 -0.33852 0
    outer loop
      vertex 59.4266 9.46352 0
      vertex 59.3947 9.55219 2.5
      vertex 59.3947 9.55219 0
    endloop
  endfacet
  facet normal -0.940959 -0.33852 0
    outer loop
      vertex 59.3947 9.55219 2.5
      vertex 59.4266 9.46352 0
      vertex 59.4266 9.46352 2.5
    endloop
  endfacet
  facet normal -0.790448 -0.612529 0
    outer loop
      vertex 59.2135 9.88168 0
      vertex 59.1558 9.95614 2.5
      vertex 59.1558 9.95614 0
    endloop
  endfacet
  facet normal -0.790448 -0.612529 0
    outer loop
      vertex 59.1558 9.95614 2.5
      vertex 59.2135 9.88168 0
      vertex 59.2135 9.88168 2.5
    endloop
  endfacet
  facet normal 0.031831 -0.999493 0
    outer loop
      vertex 57.9058 10.497 0
      vertex 58 10.5 2.5
      vertex 57.9058 10.497 2.5
    endloop
  endfacet
  facet normal 0.031831 -0.999493 0
    outer loop
      vertex 58 10.5 2.5
      vertex 57.9058 10.497 0
      vertex 58 10.5 0
    endloop
  endfacet
  facet normal -0.217718 -0.976012 0
    outer loop
      vertex 58.2811 10.4734 0
      vertex 58.373 10.4529 2.5
      vertex 58.2811 10.4734 2.5
    endloop
  endfacet
  facet normal -0.217718 -0.976012 -0
    outer loop
      vertex 58.373 10.4529 2.5
      vertex 58.2811 10.4734 0
      vertex 58.373 10.4529 0
    endloop
  endfacet
  facet normal -0.338419 -0.940996 0
    outer loop
      vertex 58.4635 10.4266 0
      vertex 58.5522 10.3947 2.5
      vertex 58.4635 10.4266 2.5
    endloop
  endfacet
  facet normal -0.338419 -0.940996 -0
    outer loop
      vertex 58.5522 10.3947 2.5
      vertex 58.4635 10.4266 0
      vertex 58.5522 10.3947 0
    endloop
  endfacet
  facet normal -0.397756 -0.917491 0
    outer loop
      vertex 58.5522 10.3947 0
      vertex 58.6387 10.3572 2.5
      vertex 58.5522 10.3947 2.5
    endloop
  endfacet
  facet normal -0.397756 -0.917491 -0
    outer loop
      vertex 58.6387 10.3572 2.5
      vertex 58.5522 10.3947 0
      vertex 58.6387 10.3572 0
    endloop
  endfacet
  facet normal -0.156997 -0.987599 0
    outer loop
      vertex 58.188 10.4882 0
      vertex 58.2811 10.4734 2.5
      vertex 58.188 10.4882 2.5
    endloop
  endfacet
  facet normal -0.156997 -0.987599 -0
    outer loop
      vertex 58.2811 10.4734 2.5
      vertex 58.188 10.4882 0
      vertex 58.2811 10.4734 0
    endloop
  endfacet
  facet normal 0.976042 -0.217582 0
    outer loop
      vertex 56.5266 9.28107 2.5
      vertex 56.5471 9.37303 0
      vertex 56.5471 9.37303 2.5
    endloop
  endfacet
  facet normal 0.976042 -0.217582 0
    outer loop
      vertex 56.5471 9.37303 0
      vertex 56.5266 9.28107 2.5
      vertex 56.5266 9.28107 0
    endloop
  endfacet
  facet normal 0.987591 -0.157047 0
    outer loop
      vertex 56.5118 9.188 2.5
      vertex 56.5266 9.28107 0
      vertex 56.5266 9.28107 2.5
    endloop
  endfacet
  facet normal 0.987591 -0.157047 0
    outer loop
      vertex 56.5266 9.28107 0
      vertex 56.5118 9.188 2.5
      vertex 56.5118 9.188 0
    endloop
  endfacet
  facet normal 0.99563 -0.0933867 0
    outer loop
      vertex 56.503 9.09418 2.5
      vertex 56.5118 9.188 0
      vertex 56.5118 9.188 2.5
    endloop
  endfacet
  facet normal 0.99563 -0.0933867 0
    outer loop
      vertex 56.5118 9.188 0
      vertex 56.503 9.09418 2.5
      vertex 56.503 9.09418 0
    endloop
  endfacet
  facet normal 0.790448 -0.612529 0
    outer loop
      vertex 56.7865 9.88168 2.5
      vertex 56.8442 9.95614 0
      vertex 56.8442 9.95614 2.5
    endloop
  endfacet
  facet normal 0.790448 -0.612529 0
    outer loop
      vertex 56.8442 9.95614 0
      vertex 56.7865 9.88168 2.5
      vertex 56.7865 9.88168 0
    endloop
  endfacet
  facet normal 0.826923 -0.562316 0
    outer loop
      vertex 56.7335 9.80374 2.5
      vertex 56.7865 9.88168 0
      vertex 56.7865 9.88168 2.5
    endloop
  endfacet
  facet normal 0.826923 -0.562316 0
    outer loop
      vertex 56.7865 9.88168 0
      vertex 56.7335 9.80374 2.5
      vertex 56.7335 9.80374 0
    endloop
  endfacet
  facet normal 0.217718 -0.976012 0
    outer loop
      vertex 57.627 10.4529 0
      vertex 57.7189 10.4734 2.5
      vertex 57.627 10.4529 2.5
    endloop
  endfacet
  facet normal 0.217718 -0.976012 0
    outer loop
      vertex 57.7189 10.4734 2.5
      vertex 57.627 10.4529 0
      vertex 57.7189 10.4734 0
    endloop
  endfacet
  facet normal 0.612837 -0.790209 0
    outer loop
      vertex 57.0439 10.1558 0
      vertex 57.1183 10.2135 2.5
      vertex 57.0439 10.1558 2.5
    endloop
  endfacet
  facet normal 0.612837 -0.790209 0
    outer loop
      vertex 57.1183 10.2135 2.5
      vertex 57.0439 10.1558 0
      vertex 57.1183 10.2135 0
    endloop
  endfacet
  facet normal -0.999493 -0.0318377 0
    outer loop
      vertex 59.5 9 0
      vertex 59.497 9.09418 2.5
      vertex 59.497 9.09418 0
    endloop
  endfacet
  facet normal -0.999493 -0.0318377 0
    outer loop
      vertex 59.497 9.09418 2.5
      vertex 59.5 9 0
      vertex 59.5 9 2.5
    endloop
  endfacet
  facet normal -0.218223 0.975899 0
    outer loop
      vertex 58.373 7.54712 0
      vertex 58.2811 7.52657 2.5
      vertex 58.373 7.54712 2.5
    endloop
  endfacet
  facet normal -0.218223 0.975899 0
    outer loop
      vertex 58.2811 7.52657 2.5
      vertex 58.373 7.54712 0
      vertex 58.2811 7.52657 0
    endloop
  endfacet
  facet normal -0.66125 0.750166 0
    outer loop
      vertex 59.0268 7.90655 0
      vertex 58.9561 7.84423 2.5
      vertex 59.0268 7.90655 2.5
    endloop
  endfacet
  facet normal -0.66125 0.750166 0
    outer loop
      vertex 58.9561 7.84423 2.5
      vertex 59.0268 7.90655 0
      vertex 58.9561 7.84423 0
    endloop
  endfacet
  facet normal -0.613235 0.789901 0
    outer loop
      vertex 58.9561 7.84423 0
      vertex 58.8817 7.78647 2.5
      vertex 58.9561 7.84423 2.5
    endloop
  endfacet
  facet normal -0.613235 0.789901 0
    outer loop
      vertex 58.8817 7.78647 2.5
      vertex 58.9561 7.84423 0
      vertex 58.8817 7.78647 0
    endloop
  endfacet
  facet normal -0.790448 0.612529 0
    outer loop
      vertex 59.1558 8.04386 0
      vertex 59.2135 8.11832 2.5
      vertex 59.2135 8.11832 0
    endloop
  endfacet
  facet normal -0.790448 0.612529 0
    outer loop
      vertex 59.2135 8.11832 2.5
      vertex 59.1558 8.04386 0
      vertex 59.1558 8.04386 2.5
    endloop
  endfacet
  facet normal -0.826923 0.562316 0
    outer loop
      vertex 59.2135 8.11832 0
      vertex 59.2665 8.19626 2.5
      vertex 59.2665 8.19626 0
    endloop
  endfacet
  facet normal -0.826923 0.562316 0
    outer loop
      vertex 59.2665 8.19626 2.5
      vertex 59.2135 8.11832 0
      vertex 59.2135 8.11832 2.5
    endloop
  endfacet
  facet normal 0.0941429 0.995559 -0
    outer loop
      vertex 57.9058 7.50296 0
      vertex 57.812 7.51183 2.5
      vertex 57.9058 7.50296 2.5
    endloop
  endfacet
  facet normal 0.0941429 0.995559 0
    outer loop
      vertex 57.812 7.51183 2.5
      vertex 57.9058 7.50296 0
      vertex 57.812 7.51183 0
    endloop
  endfacet
  facet normal -0.031407 0.999507 0
    outer loop
      vertex 58.0942 7.50296 0
      vertex 58 7.5 2.5
      vertex 58.0942 7.50296 2.5
    endloop
  endfacet
  facet normal -0.031407 0.999507 0
    outer loop
      vertex 58 7.5 2.5
      vertex 58.0942 7.50296 0
      vertex 58 7.5 0
    endloop
  endfacet
  facet normal 0.509101 0.860707 -0
    outer loop
      vertex 57.2774 7.68554 0
      vertex 57.1963 7.73351 2.5
      vertex 57.2774 7.68554 2.5
    endloop
  endfacet
  facet normal 0.509101 0.860707 0
    outer loop
      vertex 57.1963 7.73351 2.5
      vertex 57.2774 7.68554 0
      vertex 57.1963 7.73351 0
    endloop
  endfacet
  facet normal 0.613235 0.789901 -0
    outer loop
      vertex 57.1183 7.78647 0
      vertex 57.0439 7.84423 2.5
      vertex 57.1183 7.78647 2.5
    endloop
  endfacet
  facet normal 0.613235 0.789901 0
    outer loop
      vertex 57.0439 7.84423 2.5
      vertex 57.1183 7.78647 0
      vertex 57.0439 7.84423 0
    endloop
  endfacet
  facet normal 0.750178 0.661235 0
    outer loop
      vertex 56.9065 7.97318 2.5
      vertex 56.8442 8.04386 0
      vertex 56.8442 8.04386 2.5
    endloop
  endfacet
  facet normal 0.750178 0.661235 0
    outer loop
      vertex 56.8442 8.04386 0
      vertex 56.9065 7.97318 2.5
      vertex 56.9065 7.97318 0
    endloop
  endfacet
  facet normal 0.706735 0.707478 0
    outer loop
      vertex 56.9732 7.90655 2.5
      vertex 56.9065 7.97318 0
      vertex 56.9065 7.97318 2.5
    endloop
  endfacet
  facet normal 0.706735 0.707478 0
    outer loop
      vertex 56.9065 7.97318 0
      vertex 56.9732 7.90655 2.5
      vertex 56.9732 7.90655 0
    endloop
  endfacet
  facet normal 0.790448 0.612529 0
    outer loop
      vertex 56.8442 8.04386 2.5
      vertex 56.7865 8.11832 0
      vertex 56.7865 8.11832 2.5
    endloop
  endfacet
  facet normal 0.790448 0.612529 0
    outer loop
      vertex 56.7865 8.11832 0
      vertex 56.8442 8.04386 2.5
      vertex 56.8442 8.04386 0
    endloop
  endfacet
  facet normal -0.99563 -0.0933867 0
    outer loop
      vertex 59.497 9.09418 0
      vertex 59.4882 9.188 2.5
      vertex 59.4882 9.188 0
    endloop
  endfacet
  facet normal -0.99563 -0.0933867 0
    outer loop
      vertex 59.4882 9.188 2.5
      vertex 59.497 9.09418 0
      vertex 59.497 9.09418 2.5
    endloop
  endfacet
  facet normal -0.891349 -0.453318 0
    outer loop
      vertex 59.3572 9.63867 0
      vertex 59.3145 9.72263 2.5
      vertex 59.3145 9.72263 0
    endloop
  endfacet
  facet normal -0.891349 -0.453318 0
    outer loop
      vertex 59.3145 9.72263 2.5
      vertex 59.3572 9.63867 0
      vertex 59.3572 9.63867 2.5
    endloop
  endfacet
  facet normal -0.860595 -0.50929 0
    outer loop
      vertex 59.3145 9.72263 0
      vertex 59.2665 9.80374 2.5
      vertex 59.2665 9.80374 0
    endloop
  endfacet
  facet normal -0.860595 -0.50929 0
    outer loop
      vertex 59.2665 9.80374 2.5
      vertex 59.3145 9.72263 0
      vertex 59.3145 9.72263 2.5
    endloop
  endfacet
  facet normal -0.826923 -0.562316 0
    outer loop
      vertex 59.2665 9.80374 0
      vertex 59.2135 9.88168 2.5
      vertex 59.2135 9.88168 0
    endloop
  endfacet
  facet normal -0.826923 -0.562316 0
    outer loop
      vertex 59.2135 9.88168 2.5
      vertex 59.2665 9.80374 0
      vertex 59.2665 9.80374 2.5
    endloop
  endfacet
  facet normal -0.66113 -0.750271 0
    outer loop
      vertex 58.9561 10.1558 0
      vertex 59.0268 10.0935 2.5
      vertex 58.9561 10.1558 2.5
    endloop
  endfacet
  facet normal -0.66113 -0.750271 -0
    outer loop
      vertex 59.0268 10.0935 2.5
      vertex 58.9561 10.1558 0
      vertex 59.0268 10.0935 0
    endloop
  endfacet
  facet normal -0.707107 -0.707107 0
    outer loop
      vertex 59.0935 10.0268 0
      vertex 59.0268 10.0935 2.5
      vertex 59.0268 10.0935 0
    endloop
  endfacet
  facet normal -0.707107 -0.707107 0
    outer loop
      vertex 59.0268 10.0935 2.5
      vertex 59.0935 10.0268 0
      vertex 59.0935 10.0268 2.5
    endloop
  endfacet
  facet normal -0.509337 -0.860567 0
    outer loop
      vertex 58.7226 10.3145 0
      vertex 58.8037 10.2665 2.5
      vertex 58.7226 10.3145 2.5
    endloop
  endfacet
  facet normal -0.509337 -0.860567 -0
    outer loop
      vertex 58.8037 10.2665 2.5
      vertex 58.7226 10.3145 0
      vertex 58.8037 10.2665 0
    endloop
  endfacet
  facet normal -0.56202 -0.827124 0
    outer loop
      vertex 58.8037 10.2665 0
      vertex 58.8817 10.2135 2.5
      vertex 58.8037 10.2665 2.5
    endloop
  endfacet
  facet normal -0.56202 -0.827124 -0
    outer loop
      vertex 58.8817 10.2135 2.5
      vertex 58.8037 10.2665 0
      vertex 58.8817 10.2135 0
    endloop
  endfacet
  facet normal -0.279063 -0.960273 0
    outer loop
      vertex 58.373 10.4529 0
      vertex 58.4635 10.4266 2.5
      vertex 58.373 10.4529 2.5
    endloop
  endfacet
  facet normal -0.279063 -0.960273 -0
    outer loop
      vertex 58.4635 10.4266 2.5
      vertex 58.373 10.4529 0
      vertex 58.4635 10.4266 0
    endloop
  endfacet
  facet normal -0.0934065 -0.995628 0
    outer loop
      vertex 58.0942 10.497 0
      vertex 58.188 10.4882 2.5
      vertex 58.0942 10.497 2.5
    endloop
  endfacet
  facet normal -0.0934065 -0.995628 -0
    outer loop
      vertex 58.188 10.4882 2.5
      vertex 58.0942 10.497 0
      vertex 58.188 10.4882 0
    endloop
  endfacet
  facet normal -0.031831 -0.999493 0
    outer loop
      vertex 58 10.5 0
      vertex 58.0942 10.497 2.5
      vertex 58 10.5 2.5
    endloop
  endfacet
  facet normal -0.031831 -0.999493 -0
    outer loop
      vertex 58.0942 10.497 2.5
      vertex 58 10.5 0
      vertex 58.0942 10.497 0
    endloop
  endfacet
  facet normal 0.891349 -0.453318 0
    outer loop
      vertex 56.6428 9.63867 2.5
      vertex 56.6855 9.72263 0
      vertex 56.6855 9.72263 2.5
    endloop
  endfacet
  facet normal 0.891349 -0.453318 0
    outer loop
      vertex 56.6855 9.72263 0
      vertex 56.6428 9.63867 2.5
      vertex 56.6428 9.63867 0
    endloop
  endfacet
  facet normal 0.917458 -0.397834 0
    outer loop
      vertex 56.6053 9.55219 2.5
      vertex 56.6428 9.63867 0
      vertex 56.6428 9.63867 2.5
    endloop
  endfacet
  facet normal 0.917458 -0.397834 0
    outer loop
      vertex 56.6428 9.63867 0
      vertex 56.6053 9.55219 2.5
      vertex 56.6053 9.55219 0
    endloop
  endfacet
  facet normal 0.860595 -0.50929 0
    outer loop
      vertex 56.6855 9.72263 2.5
      vertex 56.7335 9.80374 0
      vertex 56.7335 9.80374 2.5
    endloop
  endfacet
  facet normal 0.860595 -0.50929 0
    outer loop
      vertex 56.7335 9.80374 0
      vertex 56.6855 9.72263 2.5
      vertex 56.6855 9.72263 0
    endloop
  endfacet
  facet normal 0.453576 -0.891218 0
    outer loop
      vertex 57.2774 10.3145 0
      vertex 57.3613 10.3572 2.5
      vertex 57.2774 10.3145 2.5
    endloop
  endfacet
  facet normal 0.453576 -0.891218 0
    outer loop
      vertex 57.3613 10.3572 2.5
      vertex 57.2774 10.3145 0
      vertex 57.3613 10.3572 0
    endloop
  endfacet
  facet normal 0.279063 -0.960273 0
    outer loop
      vertex 57.5365 10.4266 0
      vertex 57.627 10.4529 2.5
      vertex 57.5365 10.4266 2.5
    endloop
  endfacet
  facet normal 0.279063 -0.960273 0
    outer loop
      vertex 57.627 10.4529 2.5
      vertex 57.5365 10.4266 0
      vertex 57.627 10.4529 0
    endloop
  endfacet
  facet normal 0.338419 -0.940996 0
    outer loop
      vertex 57.4478 10.3947 0
      vertex 57.5365 10.4266 2.5
      vertex 57.4478 10.3947 2.5
    endloop
  endfacet
  facet normal 0.338419 -0.940996 0
    outer loop
      vertex 57.5365 10.4266 2.5
      vertex 57.4478 10.3947 0
      vertex 57.5365 10.4266 0
    endloop
  endfacet
  facet normal 0.0934065 -0.995628 0
    outer loop
      vertex 57.812 10.4882 0
      vertex 57.9058 10.497 2.5
      vertex 57.812 10.4882 2.5
    endloop
  endfacet
  facet normal 0.0934065 -0.995628 0
    outer loop
      vertex 57.9058 10.497 2.5
      vertex 57.812 10.4882 0
      vertex 57.9058 10.497 0
    endloop
  endfacet
  facet normal 0.156997 -0.987599 0
    outer loop
      vertex 57.7189 10.4734 0
      vertex 57.812 10.4882 2.5
      vertex 57.7189 10.4734 2.5
    endloop
  endfacet
  facet normal 0.156997 -0.987599 0
    outer loop
      vertex 57.812 10.4882 2.5
      vertex 57.7189 10.4734 0
      vertex 57.812 10.4882 0
    endloop
  endfacet
  facet normal 0.509337 -0.860567 0
    outer loop
      vertex 57.1963 10.2665 0
      vertex 57.2774 10.3145 2.5
      vertex 57.1963 10.2665 2.5
    endloop
  endfacet
  facet normal 0.509337 -0.860567 0
    outer loop
      vertex 57.2774 10.3145 2.5
      vertex 57.1963 10.2665 0
      vertex 57.2774 10.3145 0
    endloop
  endfacet
  facet normal 0.56202 -0.827124 0
    outer loop
      vertex 57.1183 10.2135 0
      vertex 57.1963 10.2665 2.5
      vertex 57.1183 10.2135 2.5
    endloop
  endfacet
  facet normal 0.56202 -0.827124 0
    outer loop
      vertex 57.1963 10.2665 2.5
      vertex 57.1183 10.2135 0
      vertex 57.1963 10.2665 0
    endloop
  endfacet
  facet normal 0.750086 -0.661341 0
    outer loop
      vertex 56.8442 9.95614 2.5
      vertex 56.9065 10.0268 0
      vertex 56.9065 10.0268 2.5
    endloop
  endfacet
  facet normal 0.750086 -0.661341 0
    outer loop
      vertex 56.9065 10.0268 0
      vertex 56.8442 9.95614 2.5
      vertex 56.8442 9.95614 0
    endloop
  endfacet
  facet normal -0.960265 0.279091 0
    outer loop
      vertex 59.4266 8.53647 0
      vertex 59.4529 8.62696 2.5
      vertex 59.4529 8.62696 0
    endloop
  endfacet
  facet normal -0.960265 0.279091 0
    outer loop
      vertex 59.4529 8.62696 2.5
      vertex 59.4266 8.53647 0
      vertex 59.4266 8.53647 2.5
    endloop
  endfacet
  facet normal -0.0941429 0.995559 0
    outer loop
      vertex 58.188 7.51183 0
      vertex 58.0942 7.50296 2.5
      vertex 58.188 7.51183 2.5
    endloop
  endfacet
  facet normal -0.0941429 0.995559 0
    outer loop
      vertex 58.0942 7.50296 2.5
      vertex 58.188 7.51183 0
      vertex 58.0942 7.50296 0
    endloop
  endfacet
  facet normal -0.987591 0.157047 0
    outer loop
      vertex 59.4734 8.71893 0
      vertex 59.4882 8.812 2.5
      vertex 59.4882 8.812 0
    endloop
  endfacet
  facet normal -0.987591 0.157047 0
    outer loop
      vertex 59.4882 8.812 2.5
      vertex 59.4734 8.71893 0
      vertex 59.4734 8.71893 2.5
    endloop
  endfacet
  facet normal -0.156377 0.987698 0
    outer loop
      vertex 58.2811 7.52657 0
      vertex 58.188 7.51183 2.5
      vertex 58.2811 7.52657 2.5
    endloop
  endfacet
  facet normal -0.156377 0.987698 0
    outer loop
      vertex 58.188 7.51183 2.5
      vertex 58.2811 7.52657 0
      vertex 58.188 7.51183 0
    endloop
  endfacet
  facet normal -0.397042 0.917801 0
    outer loop
      vertex 58.6387 7.64276 0
      vertex 58.5522 7.60534 2.5
      vertex 58.6387 7.64276 2.5
    endloop
  endfacet
  facet normal -0.397042 0.917801 0
    outer loop
      vertex 58.5522 7.60534 2.5
      vertex 58.6387 7.64276 0
      vertex 58.5522 7.60534 0
    endloop
  endfacet
  facet normal -0.45425 0.890874 0
    outer loop
      vertex 58.7226 7.68554 0
      vertex 58.6387 7.64276 2.5
      vertex 58.7226 7.68554 2.5
    endloop
  endfacet
  facet normal -0.45425 0.890874 0
    outer loop
      vertex 58.6387 7.64276 2.5
      vertex 58.7226 7.68554 0
      vertex 58.6387 7.64276 0
    endloop
  endfacet
  facet normal -0.338701 0.940894 0
    outer loop
      vertex 58.5522 7.60534 0
      vertex 58.4635 7.57341 2.5
      vertex 58.5522 7.60534 2.5
    endloop
  endfacet
  facet normal -0.338701 0.940894 0
    outer loop
      vertex 58.4635 7.57341 2.5
      vertex 58.5522 7.60534 0
      vertex 58.4635 7.57341 0
    endloop
  endfacet
  facet normal -0.706735 0.707478 0
    outer loop
      vertex 59.0268 7.90655 0
      vertex 59.0935 7.97318 2.5
      vertex 59.0935 7.97318 0
    endloop
  endfacet
  facet normal -0.706735 0.707478 0
    outer loop
      vertex 59.0935 7.97318 2.5
      vertex 59.0268 7.90655 0
      vertex 59.0268 7.90655 2.5
    endloop
  endfacet
  facet normal -0.509101 0.860707 0
    outer loop
      vertex 58.8037 7.73351 0
      vertex 58.7226 7.68554 2.5
      vertex 58.8037 7.73351 2.5
    endloop
  endfacet
  facet normal -0.509101 0.860707 0
    outer loop
      vertex 58.7226 7.68554 2.5
      vertex 58.8037 7.73351 0
      vertex 58.7226 7.68554 0
    endloop
  endfacet
  facet normal -0.56173 0.827321 0
    outer loop
      vertex 58.8817 7.78647 0
      vertex 58.8037 7.73351 2.5
      vertex 58.8817 7.78647 2.5
    endloop
  endfacet
  facet normal -0.56173 0.827321 0
    outer loop
      vertex 58.8037 7.73351 2.5
      vertex 58.8817 7.78647 0
      vertex 58.8037 7.73351 0
    endloop
  endfacet
  facet normal -0.891349 0.453318 0
    outer loop
      vertex 59.3145 8.27737 0
      vertex 59.3572 8.36133 2.5
      vertex 59.3572 8.36133 0
    endloop
  endfacet
  facet normal -0.891349 0.453318 0
    outer loop
      vertex 59.3572 8.36133 2.5
      vertex 59.3145 8.27737 0
      vertex 59.3145 8.27737 2.5
    endloop
  endfacet
  facet normal -0.917458 0.397834 0
    outer loop
      vertex 59.3572 8.36133 0
      vertex 59.3947 8.44781 2.5
      vertex 59.3947 8.44781 0
    endloop
  endfacet
  facet normal -0.917458 0.397834 0
    outer loop
      vertex 59.3947 8.44781 2.5
      vertex 59.3572 8.36133 0
      vertex 59.3572 8.36133 2.5
    endloop
  endfacet
  facet normal 0.156377 0.987698 -0
    outer loop
      vertex 57.812 7.51183 0
      vertex 57.7189 7.52657 2.5
      vertex 57.812 7.51183 2.5
    endloop
  endfacet
  facet normal 0.156377 0.987698 0
    outer loop
      vertex 57.7189 7.52657 2.5
      vertex 57.812 7.51183 0
      vertex 57.7189 7.52657 0
    endloop
  endfacet
  facet normal 0.218223 0.975899 -0
    outer loop
      vertex 57.7189 7.52657 0
      vertex 57.627 7.54712 2.5
      vertex 57.7189 7.52657 2.5
    endloop
  endfacet
  facet normal 0.218223 0.975899 0
    outer loop
      vertex 57.627 7.54712 2.5
      vertex 57.7189 7.52657 0
      vertex 57.627 7.54712 0
    endloop
  endfacet
  facet normal 0.031407 0.999507 -0
    outer loop
      vertex 58 7.5 0
      vertex 57.9058 7.50296 2.5
      vertex 58 7.5 2.5
    endloop
  endfacet
  facet normal 0.031407 0.999507 0
    outer loop
      vertex 57.9058 7.50296 2.5
      vertex 58 7.5 0
      vertex 57.9058 7.50296 0
    endloop
  endfacet
  facet normal 0.56173 0.827321 -0
    outer loop
      vertex 57.1963 7.73351 0
      vertex 57.1183 7.78647 2.5
      vertex 57.1963 7.73351 2.5
    endloop
  endfacet
  facet normal 0.56173 0.827321 0
    outer loop
      vertex 57.1183 7.78647 2.5
      vertex 57.1963 7.73351 0
      vertex 57.1183 7.78647 0
    endloop
  endfacet
  facet normal 0.338701 0.940894 -0
    outer loop
      vertex 57.5365 7.57341 0
      vertex 57.4478 7.60534 2.5
      vertex 57.5365 7.57341 2.5
    endloop
  endfacet
  facet normal 0.338701 0.940894 0
    outer loop
      vertex 57.4478 7.60534 2.5
      vertex 57.5365 7.57341 0
      vertex 57.4478 7.60534 0
    endloop
  endfacet
  facet normal 0.45425 0.890874 -0
    outer loop
      vertex 57.3613 7.64276 0
      vertex 57.2774 7.68554 2.5
      vertex 57.3613 7.64276 2.5
    endloop
  endfacet
  facet normal 0.45425 0.890874 0
    outer loop
      vertex 57.2774 7.68554 2.5
      vertex 57.3613 7.64276 0
      vertex 57.2774 7.68554 0
    endloop
  endfacet
  facet normal 0.976047 0.21756 0
    outer loop
      vertex 56.5471 8.62696 2.5
      vertex 56.5266 8.71893 0
      vertex 56.5266 8.71893 2.5
    endloop
  endfacet
  facet normal 0.976047 0.21756 0
    outer loop
      vertex 56.5266 8.71893 0
      vertex 56.5471 8.62696 2.5
      vertex 56.5471 8.62696 0
    endloop
  endfacet
  facet normal 0.995629 0.0933966 0
    outer loop
      vertex 56.5118 8.812 2.5
      vertex 56.503 8.90581 0
      vertex 56.503 8.90581 2.5
    endloop
  endfacet
  facet normal 0.995629 0.0933966 0
    outer loop
      vertex 56.503 8.90581 0
      vertex 56.5118 8.812 2.5
      vertex 56.5118 8.812 0
    endloop
  endfacet
  facet normal 0.917458 0.397834 0
    outer loop
      vertex 56.6428 8.36133 2.5
      vertex 56.6053 8.44781 0
      vertex 56.6053 8.44781 2.5
    endloop
  endfacet
  facet normal 0.917458 0.397834 0
    outer loop
      vertex 56.6053 8.44781 0
      vertex 56.6428 8.36133 2.5
      vertex 56.6428 8.36133 0
    endloop
  endfacet
  facet normal 0.860595 0.50929 0
    outer loop
      vertex 56.7335 8.19626 2.5
      vertex 56.6855 8.27737 0
      vertex 56.6855 8.27737 2.5
    endloop
  endfacet
  facet normal 0.860595 0.50929 0
    outer loop
      vertex 56.6855 8.27737 0
      vertex 56.7335 8.19626 2.5
      vertex 56.7335 8.19626 0
    endloop
  endfacet
  facet normal 0.66125 0.750166 -0
    outer loop
      vertex 57.0439 7.84423 0
      vertex 56.9732 7.90655 2.5
      vertex 57.0439 7.84423 2.5
    endloop
  endfacet
  facet normal 0.66125 0.750166 0
    outer loop
      vertex 56.9732 7.90655 2.5
      vertex 57.0439 7.84423 0
      vertex 56.9732 7.90655 0
    endloop
  endfacet
  facet normal -0.917458 -0.397834 0
    outer loop
      vertex 59.3947 9.55219 0
      vertex 59.3572 9.63867 2.5
      vertex 59.3572 9.63867 0
    endloop
  endfacet
  facet normal -0.917458 -0.397834 0
    outer loop
      vertex 59.3572 9.63867 2.5
      vertex 59.3947 9.55219 0
      vertex 59.3947 9.55219 2.5
    endloop
  endfacet
  facet normal 0.999493 -0.0318377 0
    outer loop
      vertex 56.5 9 2.5
      vertex 56.503 9.09418 0
      vertex 56.503 9.09418 2.5
    endloop
  endfacet
  facet normal 0.999493 -0.0318377 0
    outer loop
      vertex 56.503 9.09418 0
      vertex 56.5 9 2.5
      vertex 56.5 9 0
    endloop
  endfacet
  facet normal 0.960265 -0.279091 0
    outer loop
      vertex 56.5471 9.37303 2.5
      vertex 56.5734 9.46352 0
      vertex 56.5734 9.46352 2.5
    endloop
  endfacet
  facet normal 0.960265 -0.279091 0
    outer loop
      vertex 56.5734 9.46352 0
      vertex 56.5471 9.37303 2.5
      vertex 56.5471 9.37303 0
    endloop
  endfacet
  facet normal 0.397756 -0.917491 0
    outer loop
      vertex 57.3613 10.3572 0
      vertex 57.4478 10.3947 2.5
      vertex 57.3613 10.3572 2.5
    endloop
  endfacet
  facet normal 0.397756 -0.917491 0
    outer loop
      vertex 57.4478 10.3947 2.5
      vertex 57.3613 10.3572 0
      vertex 57.4478 10.3947 0
    endloop
  endfacet
  facet normal 0.707107 -0.707107 0
    outer loop
      vertex 56.9065 10.0268 2.5
      vertex 56.9732 10.0935 0
      vertex 56.9732 10.0935 2.5
    endloop
  endfacet
  facet normal 0.707107 -0.707107 0
    outer loop
      vertex 56.9732 10.0935 0
      vertex 56.9065 10.0268 2.5
      vertex 56.9065 10.0268 0
    endloop
  endfacet
  facet normal -0.976047 0.21756 0
    outer loop
      vertex 59.4529 8.62696 0
      vertex 59.4734 8.71893 2.5
      vertex 59.4734 8.71893 0
    endloop
  endfacet
  facet normal -0.976047 0.21756 0
    outer loop
      vertex 59.4734 8.71893 2.5
      vertex 59.4529 8.62696 0
      vertex 59.4529 8.62696 2.5
    endloop
  endfacet
  facet normal -0.860595 0.50929 0
    outer loop
      vertex 59.2665 8.19626 0
      vertex 59.3145 8.27737 2.5
      vertex 59.3145 8.27737 0
    endloop
  endfacet
  facet normal -0.860595 0.50929 0
    outer loop
      vertex 59.3145 8.27737 2.5
      vertex 59.2665 8.19626 0
      vertex 59.2665 8.19626 2.5
    endloop
  endfacet
  facet normal 0.397042 0.917801 -0
    outer loop
      vertex 57.4478 7.60534 0
      vertex 57.3613 7.64276 2.5
      vertex 57.4478 7.60534 2.5
    endloop
  endfacet
  facet normal 0.397042 0.917801 0
    outer loop
      vertex 57.3613 7.64276 2.5
      vertex 57.4478 7.60534 0
      vertex 57.3613 7.64276 0
    endloop
  endfacet
  facet normal 0.987591 0.157047 0
    outer loop
      vertex 56.5266 8.71893 2.5
      vertex 56.5118 8.812 0
      vertex 56.5118 8.812 2.5
    endloop
  endfacet
  facet normal 0.987591 0.157047 0
    outer loop
      vertex 56.5118 8.812 0
      vertex 56.5266 8.71893 2.5
      vertex 56.5266 8.71893 0
    endloop
  endfacet
  facet normal 0.940947 0.338554 0
    outer loop
      vertex 56.6053 8.44781 2.5
      vertex 56.5734 8.53647 0
      vertex 56.5734 8.53647 2.5
    endloop
  endfacet
  facet normal 0.940947 0.338554 0
    outer loop
      vertex 56.5734 8.53647 0
      vertex 56.6053 8.44781 2.5
      vertex 56.6053 8.44781 0
    endloop
  endfacet
  facet normal 0.891349 0.453318 0
    outer loop
      vertex 56.6855 8.27737 2.5
      vertex 56.6428 8.36133 0
      vertex 56.6428 8.36133 2.5
    endloop
  endfacet
  facet normal 0.891349 0.453318 0
    outer loop
      vertex 56.6428 8.36133 0
      vertex 56.6855 8.27737 2.5
      vertex 56.6855 8.27737 0
    endloop
  endfacet
  facet normal 0.826923 0.562316 0
    outer loop
      vertex 56.7865 8.11832 2.5
      vertex 56.7335 8.19626 0
      vertex 56.7335 8.19626 2.5
    endloop
  endfacet
  facet normal 0.826923 0.562316 0
    outer loop
      vertex 56.7335 8.19626 0
      vertex 56.7865 8.11832 2.5
      vertex 56.7865 8.11832 0
    endloop
  endfacet
  facet normal -0.995629 0.0933966 0
    outer loop
      vertex 59.4882 8.812 0
      vertex 59.497 8.90581 2.5
      vertex 59.497 8.90581 0
    endloop
  endfacet
  facet normal -0.995629 0.0933966 0
    outer loop
      vertex 59.497 8.90581 2.5
      vertex 59.4882 8.812 0
      vertex 59.4882 8.812 2.5
    endloop
  endfacet
  facet normal -0.612837 -0.790209 0
    outer loop
      vertex 38.8817 10.2135 0
      vertex 38.9561 10.1558 2.5
      vertex 38.8817 10.2135 2.5
    endloop
  endfacet
  facet normal -0.612837 -0.790209 -0
    outer loop
      vertex 38.9561 10.1558 2.5
      vertex 38.8817 10.2135 0
      vertex 38.9561 10.1558 0
    endloop
  endfacet
  facet normal 0.453576 -0.891218 0
    outer loop
      vertex 37.2774 10.3145 0
      vertex 37.3613 10.3572 2.5
      vertex 37.2774 10.3145 2.5
    endloop
  endfacet
  facet normal 0.453576 -0.891218 0
    outer loop
      vertex 37.3613 10.3572 2.5
      vertex 37.2774 10.3145 0
      vertex 37.3613 10.3572 0
    endloop
  endfacet
  facet normal 0.940959 -0.33852 0
    outer loop
      vertex 36.5734 9.46352 2.5
      vertex 36.6053 9.55219 0
      vertex 36.6053 9.55219 2.5
    endloop
  endfacet
  facet normal 0.940959 -0.33852 0
    outer loop
      vertex 36.6053 9.55219 0
      vertex 36.5734 9.46352 2.5
      vertex 36.5734 9.46352 0
    endloop
  endfacet
  facet normal -0.940959 -0.33852 0
    outer loop
      vertex 39.4266 9.46352 0
      vertex 39.3947 9.55219 2.5
      vertex 39.3947 9.55219 0
    endloop
  endfacet
  facet normal -0.940959 -0.33852 0
    outer loop
      vertex 39.3947 9.55219 2.5
      vertex 39.4266 9.46352 0
      vertex 39.4266 9.46352 2.5
    endloop
  endfacet
  facet normal -0.860595 -0.50929 0
    outer loop
      vertex 39.3145 9.72263 0
      vertex 39.2665 9.80374 2.5
      vertex 39.2665 9.80374 0
    endloop
  endfacet
  facet normal -0.860595 -0.50929 0
    outer loop
      vertex 39.2665 9.80374 2.5
      vertex 39.3145 9.72263 0
      vertex 39.3145 9.72263 2.5
    endloop
  endfacet
  facet normal -0.338419 -0.940996 0
    outer loop
      vertex 38.4635 10.4266 0
      vertex 38.5522 10.3947 2.5
      vertex 38.4635 10.4266 2.5
    endloop
  endfacet
  facet normal -0.338419 -0.940996 -0
    outer loop
      vertex 38.5522 10.3947 2.5
      vertex 38.4635 10.4266 0
      vertex 38.5522 10.3947 0
    endloop
  endfacet
  facet normal 0.790448 -0.612529 0
    outer loop
      vertex 36.7865 9.88168 2.5
      vertex 36.8442 9.95614 0
      vertex 36.8442 9.95614 2.5
    endloop
  endfacet
  facet normal 0.790448 -0.612529 0
    outer loop
      vertex 36.8442 9.95614 0
      vertex 36.7865 9.88168 2.5
      vertex 36.7865 9.88168 0
    endloop
  endfacet
  facet normal 0.217718 -0.976012 0
    outer loop
      vertex 37.627 10.4529 0
      vertex 37.7189 10.4734 2.5
      vertex 37.627 10.4529 2.5
    endloop
  endfacet
  facet normal 0.217718 -0.976012 0
    outer loop
      vertex 37.7189 10.4734 2.5
      vertex 37.627 10.4529 0
      vertex 37.7189 10.4734 0
    endloop
  endfacet
  facet normal -0.995629 0.0933966 0
    outer loop
      vertex 39.4882 8.812 0
      vertex 39.497 8.90581 2.5
      vertex 39.497 8.90581 0
    endloop
  endfacet
  facet normal -0.995629 0.0933966 0
    outer loop
      vertex 39.497 8.90581 2.5
      vertex 39.4882 8.812 0
      vertex 39.4882 8.812 2.5
    endloop
  endfacet
  facet normal -0.790448 0.612529 0
    outer loop
      vertex 39.1558 8.04386 0
      vertex 39.2135 8.11832 2.5
      vertex 39.2135 8.11832 0
    endloop
  endfacet
  facet normal -0.790448 0.612529 0
    outer loop
      vertex 39.2135 8.11832 2.5
      vertex 39.1558 8.04386 0
      vertex 39.1558 8.04386 2.5
    endloop
  endfacet
  facet normal 0.0941429 0.995559 -0
    outer loop
      vertex 37.9058 7.50296 0
      vertex 37.812 7.51183 2.5
      vertex 37.9058 7.50296 2.5
    endloop
  endfacet
  facet normal 0.0941429 0.995559 0
    outer loop
      vertex 37.812 7.51183 2.5
      vertex 37.9058 7.50296 0
      vertex 37.812 7.51183 0
    endloop
  endfacet
  facet normal 0.613235 0.789901 -0
    outer loop
      vertex 37.1183 7.78647 0
      vertex 37.0439 7.84423 2.5
      vertex 37.1183 7.78647 2.5
    endloop
  endfacet
  facet normal 0.613235 0.789901 0
    outer loop
      vertex 37.0439 7.84423 2.5
      vertex 37.1183 7.78647 0
      vertex 37.0439 7.84423 0
    endloop
  endfacet
  facet normal -0.976042 -0.217582 0
    outer loop
      vertex 39.4734 9.28107 0
      vertex 39.4529 9.37303 2.5
      vertex 39.4529 9.37303 0
    endloop
  endfacet
  facet normal -0.976042 -0.217582 0
    outer loop
      vertex 39.4529 9.37303 2.5
      vertex 39.4734 9.28107 0
      vertex 39.4734 9.28107 2.5
    endloop
  endfacet
  facet normal -0.750086 -0.661341 0
    outer loop
      vertex 39.1558 9.95614 0
      vertex 39.0935 10.0268 2.5
      vertex 39.0935 10.0268 0
    endloop
  endfacet
  facet normal -0.750086 -0.661341 0
    outer loop
      vertex 39.0935 10.0268 2.5
      vertex 39.1558 9.95614 0
      vertex 39.1558 9.95614 2.5
    endloop
  endfacet
  facet normal -0.790448 -0.612529 0
    outer loop
      vertex 39.2135 9.88168 0
      vertex 39.1558 9.95614 2.5
      vertex 39.1558 9.95614 0
    endloop
  endfacet
  facet normal -0.790448 -0.612529 0
    outer loop
      vertex 39.1558 9.95614 2.5
      vertex 39.2135 9.88168 0
      vertex 39.2135 9.88168 2.5
    endloop
  endfacet
  facet normal -0.509337 -0.860567 0
    outer loop
      vertex 38.7226 10.3145 0
      vertex 38.8037 10.2665 2.5
      vertex 38.7226 10.3145 2.5
    endloop
  endfacet
  facet normal -0.509337 -0.860567 -0
    outer loop
      vertex 38.8037 10.2665 2.5
      vertex 38.7226 10.3145 0
      vertex 38.8037 10.2665 0
    endloop
  endfacet
  facet normal 0.031831 -0.999493 0
    outer loop
      vertex 37.9058 10.497 0
      vertex 38 10.5 2.5
      vertex 37.9058 10.497 2.5
    endloop
  endfacet
  facet normal 0.031831 -0.999493 0
    outer loop
      vertex 38 10.5 2.5
      vertex 37.9058 10.497 0
      vertex 38 10.5 0
    endloop
  endfacet
  facet normal -0.156997 -0.987599 0
    outer loop
      vertex 38.188 10.4882 0
      vertex 38.2811 10.4734 2.5
      vertex 38.188 10.4882 2.5
    endloop
  endfacet
  facet normal -0.156997 -0.987599 -0
    outer loop
      vertex 38.2811 10.4734 2.5
      vertex 38.188 10.4882 0
      vertex 38.2811 10.4734 0
    endloop
  endfacet
  facet normal 0.999493 -0.0318377 0
    outer loop
      vertex 36.5 9 2.5
      vertex 36.503 9.09418 0
      vertex 36.503 9.09418 2.5
    endloop
  endfacet
  facet normal 0.999493 -0.0318377 0
    outer loop
      vertex 36.503 9.09418 0
      vertex 36.5 9 2.5
      vertex 36.5 9 0
    endloop
  endfacet
  facet normal 0.987591 -0.157047 0
    outer loop
      vertex 36.5118 9.188 2.5
      vertex 36.5266 9.28107 0
      vertex 36.5266 9.28107 2.5
    endloop
  endfacet
  facet normal 0.987591 -0.157047 0
    outer loop
      vertex 36.5266 9.28107 0
      vertex 36.5118 9.188 2.5
      vertex 36.5118 9.188 0
    endloop
  endfacet
  facet normal 0.860595 -0.50929 0
    outer loop
      vertex 36.6855 9.72263 2.5
      vertex 36.7335 9.80374 0
      vertex 36.7335 9.80374 2.5
    endloop
  endfacet
  facet normal 0.860595 -0.50929 0
    outer loop
      vertex 36.7335 9.80374 0
      vertex 36.6855 9.72263 2.5
      vertex 36.6855 9.72263 0
    endloop
  endfacet
  facet normal 0.156997 -0.987599 0
    outer loop
      vertex 37.7189 10.4734 0
      vertex 37.812 10.4882 2.5
      vertex 37.7189 10.4734 2.5
    endloop
  endfacet
  facet normal 0.156997 -0.987599 0
    outer loop
      vertex 37.812 10.4882 2.5
      vertex 37.7189 10.4734 0
      vertex 37.812 10.4882 0
    endloop
  endfacet
  facet normal 0.612837 -0.790209 0
    outer loop
      vertex 37.0439 10.1558 0
      vertex 37.1183 10.2135 2.5
      vertex 37.0439 10.1558 2.5
    endloop
  endfacet
  facet normal 0.612837 -0.790209 0
    outer loop
      vertex 37.1183 10.2135 2.5
      vertex 37.0439 10.1558 0
      vertex 37.1183 10.2135 0
    endloop
  endfacet
  facet normal 0.66113 -0.750271 0
    outer loop
      vertex 36.9732 10.0935 0
      vertex 37.0439 10.1558 2.5
      vertex 36.9732 10.0935 2.5
    endloop
  endfacet
  facet normal 0.66113 -0.750271 0
    outer loop
      vertex 37.0439 10.1558 2.5
      vertex 36.9732 10.0935 0
      vertex 37.0439 10.1558 0
    endloop
  endfacet
  facet normal 0.56202 -0.827124 0
    outer loop
      vertex 37.1183 10.2135 0
      vertex 37.1963 10.2665 2.5
      vertex 37.1183 10.2135 2.5
    endloop
  endfacet
  facet normal 0.56202 -0.827124 0
    outer loop
      vertex 37.1963 10.2665 2.5
      vertex 37.1183 10.2135 0
      vertex 37.1963 10.2665 0
    endloop
  endfacet
  facet normal -0.999493 -0.0318377 0
    outer loop
      vertex 39.5 9 0
      vertex 39.497 9.09418 2.5
      vertex 39.497 9.09418 0
    endloop
  endfacet
  facet normal -0.999493 -0.0318377 0
    outer loop
      vertex 39.497 9.09418 2.5
      vertex 39.5 9 0
      vertex 39.5 9 2.5
    endloop
  endfacet
  facet normal -0.218223 0.975899 0
    outer loop
      vertex 38.373 7.54712 0
      vertex 38.2811 7.52657 2.5
      vertex 38.373 7.54712 2.5
    endloop
  endfacet
  facet normal -0.218223 0.975899 0
    outer loop
      vertex 38.2811 7.52657 2.5
      vertex 38.373 7.54712 0
      vertex 38.2811 7.52657 0
    endloop
  endfacet
  facet normal -0.66125 0.750166 0
    outer loop
      vertex 39.0268 7.90655 0
      vertex 38.9561 7.84423 2.5
      vertex 39.0268 7.90655 2.5
    endloop
  endfacet
  facet normal -0.66125 0.750166 0
    outer loop
      vertex 38.9561 7.84423 2.5
      vertex 39.0268 7.90655 0
      vertex 38.9561 7.84423 0
    endloop
  endfacet
  facet normal -0.860595 0.50929 0
    outer loop
      vertex 39.2665 8.19626 0
      vertex 39.3145 8.27737 2.5
      vertex 39.3145 8.27737 0
    endloop
  endfacet
  facet normal -0.860595 0.50929 0
    outer loop
      vertex 39.3145 8.27737 2.5
      vertex 39.2665 8.19626 0
      vertex 39.2665 8.19626 2.5
    endloop
  endfacet
  facet normal 0.031407 0.999507 -0
    outer loop
      vertex 38 7.5 0
      vertex 37.9058 7.50296 2.5
      vertex 38 7.5 2.5
    endloop
  endfacet
  facet normal 0.031407 0.999507 0
    outer loop
      vertex 37.9058 7.50296 2.5
      vertex 38 7.5 0
      vertex 37.9058 7.50296 0
    endloop
  endfacet
  facet normal 0.509101 0.860707 -0
    outer loop
      vertex 37.2774 7.68554 0
      vertex 37.1963 7.73351 2.5
      vertex 37.2774 7.68554 2.5
    endloop
  endfacet
  facet normal 0.509101 0.860707 0
    outer loop
      vertex 37.1963 7.73351 2.5
      vertex 37.2774 7.68554 0
      vertex 37.1963 7.73351 0
    endloop
  endfacet
  facet normal 0.995629 0.0933966 0
    outer loop
      vertex 36.5118 8.812 2.5
      vertex 36.503 8.90581 0
      vertex 36.503 8.90581 2.5
    endloop
  endfacet
  facet normal 0.995629 0.0933966 0
    outer loop
      vertex 36.503 8.90581 0
      vertex 36.5118 8.812 2.5
      vertex 36.5118 8.812 0
    endloop
  endfacet
  facet normal 0.891349 0.453318 0
    outer loop
      vertex 36.6855 8.27737 2.5
      vertex 36.6428 8.36133 0
      vertex 36.6428 8.36133 2.5
    endloop
  endfacet
  facet normal 0.891349 0.453318 0
    outer loop
      vertex 36.6428 8.36133 0
      vertex 36.6855 8.27737 2.5
      vertex 36.6855 8.27737 0
    endloop
  endfacet
  facet normal 0.750178 0.661235 0
    outer loop
      vertex 36.9065 7.97318 2.5
      vertex 36.8442 8.04386 0
      vertex 36.8442 8.04386 2.5
    endloop
  endfacet
  facet normal 0.750178 0.661235 0
    outer loop
      vertex 36.8442 8.04386 0
      vertex 36.9065 7.97318 2.5
      vertex 36.9065 7.97318 0
    endloop
  endfacet
  facet normal 0.860595 0.50929 0
    outer loop
      vertex 36.7335 8.19626 2.5
      vertex 36.6855 8.27737 0
      vertex 36.6855 8.27737 2.5
    endloop
  endfacet
  facet normal 0.860595 0.50929 0
    outer loop
      vertex 36.6855 8.27737 0
      vertex 36.7335 8.19626 2.5
      vertex 36.7335 8.19626 0
    endloop
  endfacet
  facet normal 0.706735 0.707478 0
    outer loop
      vertex 36.9732 7.90655 2.5
      vertex 36.9065 7.97318 0
      vertex 36.9065 7.97318 2.5
    endloop
  endfacet
  facet normal 0.706735 0.707478 0
    outer loop
      vertex 36.9065 7.97318 0
      vertex 36.9732 7.90655 2.5
      vertex 36.9732 7.90655 0
    endloop
  endfacet
  facet normal -0.99563 -0.0933867 0
    outer loop
      vertex 39.497 9.09418 0
      vertex 39.4882 9.188 2.5
      vertex 39.4882 9.188 0
    endloop
  endfacet
  facet normal -0.99563 -0.0933867 0
    outer loop
      vertex 39.4882 9.188 2.5
      vertex 39.497 9.09418 0
      vertex 39.497 9.09418 2.5
    endloop
  endfacet
  facet normal -0.987591 -0.157047 0
    outer loop
      vertex 39.4882 9.188 0
      vertex 39.4734 9.28107 2.5
      vertex 39.4734 9.28107 0
    endloop
  endfacet
  facet normal -0.987591 -0.157047 0
    outer loop
      vertex 39.4734 9.28107 2.5
      vertex 39.4882 9.188 0
      vertex 39.4882 9.188 2.5
    endloop
  endfacet
  facet normal -0.891349 -0.453318 0
    outer loop
      vertex 39.3572 9.63867 0
      vertex 39.3145 9.72263 2.5
      vertex 39.3145 9.72263 0
    endloop
  endfacet
  facet normal -0.891349 -0.453318 0
    outer loop
      vertex 39.3145 9.72263 2.5
      vertex 39.3572 9.63867 0
      vertex 39.3572 9.63867 2.5
    endloop
  endfacet
  facet normal -0.917458 -0.397834 0
    outer loop
      vertex 39.3947 9.55219 0
      vertex 39.3572 9.63867 2.5
      vertex 39.3572 9.63867 0
    endloop
  endfacet
  facet normal -0.917458 -0.397834 0
    outer loop
      vertex 39.3572 9.63867 2.5
      vertex 39.3947 9.55219 0
      vertex 39.3947 9.55219 2.5
    endloop
  endfacet
  facet normal -0.960265 -0.279091 0
    outer loop
      vertex 39.4529 9.37303 0
      vertex 39.4266 9.46352 2.5
      vertex 39.4266 9.46352 0
    endloop
  endfacet
  facet normal -0.960265 -0.279091 0
    outer loop
      vertex 39.4266 9.46352 2.5
      vertex 39.4529 9.37303 0
      vertex 39.4529 9.37303 2.5
    endloop
  endfacet
  facet normal -0.826923 -0.562316 0
    outer loop
      vertex 39.2665 9.80374 0
      vertex 39.2135 9.88168 2.5
      vertex 39.2135 9.88168 0
    endloop
  endfacet
  facet normal -0.826923 -0.562316 0
    outer loop
      vertex 39.2135 9.88168 2.5
      vertex 39.2665 9.80374 0
      vertex 39.2665 9.80374 2.5
    endloop
  endfacet
  facet normal -0.707107 -0.707107 0
    outer loop
      vertex 39.0935 10.0268 0
      vertex 39.0268 10.0935 2.5
      vertex 39.0268 10.0935 0
    endloop
  endfacet
  facet normal -0.707107 -0.707107 0
    outer loop
      vertex 39.0268 10.0935 2.5
      vertex 39.0935 10.0268 0
      vertex 39.0935 10.0268 2.5
    endloop
  endfacet
  facet normal -0.66113 -0.750271 0
    outer loop
      vertex 38.9561 10.1558 0
      vertex 39.0268 10.0935 2.5
      vertex 38.9561 10.1558 2.5
    endloop
  endfacet
  facet normal -0.66113 -0.750271 -0
    outer loop
      vertex 39.0268 10.0935 2.5
      vertex 38.9561 10.1558 0
      vertex 39.0268 10.0935 0
    endloop
  endfacet
  facet normal -0.56202 -0.827124 0
    outer loop
      vertex 38.8037 10.2665 0
      vertex 38.8817 10.2135 2.5
      vertex 38.8037 10.2665 2.5
    endloop
  endfacet
  facet normal -0.56202 -0.827124 -0
    outer loop
      vertex 38.8817 10.2135 2.5
      vertex 38.8037 10.2665 0
      vertex 38.8817 10.2135 0
    endloop
  endfacet
  facet normal -0.397756 -0.917491 0
    outer loop
      vertex 38.5522 10.3947 0
      vertex 38.6387 10.3572 2.5
      vertex 38.5522 10.3947 2.5
    endloop
  endfacet
  facet normal -0.397756 -0.917491 -0
    outer loop
      vertex 38.6387 10.3572 2.5
      vertex 38.5522 10.3947 0
      vertex 38.6387 10.3572 0
    endloop
  endfacet
  facet normal -0.453576 -0.891218 0
    outer loop
      vertex 38.6387 10.3572 0
      vertex 38.7226 10.3145 2.5
      vertex 38.6387 10.3572 2.5
    endloop
  endfacet
  facet normal -0.453576 -0.891218 -0
    outer loop
      vertex 38.7226 10.3145 2.5
      vertex 38.6387 10.3572 0
      vertex 38.7226 10.3145 0
    endloop
  endfacet
  facet normal -0.217718 -0.976012 0
    outer loop
      vertex 38.2811 10.4734 0
      vertex 38.373 10.4529 2.5
      vertex 38.2811 10.4734 2.5
    endloop
  endfacet
  facet normal -0.217718 -0.976012 -0
    outer loop
      vertex 38.373 10.4529 2.5
      vertex 38.2811 10.4734 0
      vertex 38.373 10.4529 0
    endloop
  endfacet
  facet normal -0.279063 -0.960273 0
    outer loop
      vertex 38.373 10.4529 0
      vertex 38.4635 10.4266 2.5
      vertex 38.373 10.4529 2.5
    endloop
  endfacet
  facet normal -0.279063 -0.960273 -0
    outer loop
      vertex 38.4635 10.4266 2.5
      vertex 38.373 10.4529 0
      vertex 38.4635 10.4266 0
    endloop
  endfacet
  facet normal -0.0934065 -0.995628 0
    outer loop
      vertex 38.0942 10.497 0
      vertex 38.188 10.4882 2.5
      vertex 38.0942 10.497 2.5
    endloop
  endfacet
  facet normal -0.0934065 -0.995628 -0
    outer loop
      vertex 38.188 10.4882 2.5
      vertex 38.0942 10.497 0
      vertex 38.188 10.4882 0
    endloop
  endfacet
  facet normal -0.031831 -0.999493 0
    outer loop
      vertex 38 10.5 0
      vertex 38.0942 10.497 2.5
      vertex 38 10.5 2.5
    endloop
  endfacet
  facet normal -0.031831 -0.999493 -0
    outer loop
      vertex 38.0942 10.497 2.5
      vertex 38 10.5 0
      vertex 38.0942 10.497 0
    endloop
  endfacet
  facet normal 0.976042 -0.217582 0
    outer loop
      vertex 36.5266 9.28107 2.5
      vertex 36.5471 9.37303 0
      vertex 36.5471 9.37303 2.5
    endloop
  endfacet
  facet normal 0.976042 -0.217582 0
    outer loop
      vertex 36.5471 9.37303 0
      vertex 36.5266 9.28107 2.5
      vertex 36.5266 9.28107 0
    endloop
  endfacet
  facet normal 0.960265 -0.279091 0
    outer loop
      vertex 36.5471 9.37303 2.5
      vertex 36.5734 9.46352 0
      vertex 36.5734 9.46352 2.5
    endloop
  endfacet
  facet normal 0.960265 -0.279091 0
    outer loop
      vertex 36.5734 9.46352 0
      vertex 36.5471 9.37303 2.5
      vertex 36.5471 9.37303 0
    endloop
  endfacet
  facet normal 0.99563 -0.0933867 0
    outer loop
      vertex 36.503 9.09418 2.5
      vertex 36.5118 9.188 0
      vertex 36.5118 9.188 2.5
    endloop
  endfacet
  facet normal 0.99563 -0.0933867 0
    outer loop
      vertex 36.5118 9.188 0
      vertex 36.503 9.09418 2.5
      vertex 36.503 9.09418 0
    endloop
  endfacet
  facet normal 0.891349 -0.453318 0
    outer loop
      vertex 36.6428 9.63867 2.5
      vertex 36.6855 9.72263 0
      vertex 36.6855 9.72263 2.5
    endloop
  endfacet
  facet normal 0.891349 -0.453318 0
    outer loop
      vertex 36.6855 9.72263 0
      vertex 36.6428 9.63867 2.5
      vertex 36.6428 9.63867 0
    endloop
  endfacet
  facet normal 0.917458 -0.397834 0
    outer loop
      vertex 36.6053 9.55219 2.5
      vertex 36.6428 9.63867 0
      vertex 36.6428 9.63867 2.5
    endloop
  endfacet
  facet normal 0.917458 -0.397834 0
    outer loop
      vertex 36.6428 9.63867 0
      vertex 36.6053 9.55219 2.5
      vertex 36.6053 9.55219 0
    endloop
  endfacet
  facet normal 0.826923 -0.562316 0
    outer loop
      vertex 36.7335 9.80374 2.5
      vertex 36.7865 9.88168 0
      vertex 36.7865 9.88168 2.5
    endloop
  endfacet
  facet normal 0.826923 -0.562316 0
    outer loop
      vertex 36.7865 9.88168 0
      vertex 36.7335 9.80374 2.5
      vertex 36.7335 9.80374 0
    endloop
  endfacet
  facet normal 0.338419 -0.940996 0
    outer loop
      vertex 37.4478 10.3947 0
      vertex 37.5365 10.4266 2.5
      vertex 37.4478 10.3947 2.5
    endloop
  endfacet
  facet normal 0.338419 -0.940996 0
    outer loop
      vertex 37.5365 10.4266 2.5
      vertex 37.4478 10.3947 0
      vertex 37.5365 10.4266 0
    endloop
  endfacet
  facet normal 0.279063 -0.960273 0
    outer loop
      vertex 37.5365 10.4266 0
      vertex 37.627 10.4529 2.5
      vertex 37.5365 10.4266 2.5
    endloop
  endfacet
  facet normal 0.279063 -0.960273 0
    outer loop
      vertex 37.627 10.4529 2.5
      vertex 37.5365 10.4266 0
      vertex 37.627 10.4529 0
    endloop
  endfacet
  facet normal 0.397756 -0.917491 0
    outer loop
      vertex 37.3613 10.3572 0
      vertex 37.4478 10.3947 2.5
      vertex 37.3613 10.3572 2.5
    endloop
  endfacet
  facet normal 0.397756 -0.917491 0
    outer loop
      vertex 37.4478 10.3947 2.5
      vertex 37.3613 10.3572 0
      vertex 37.4478 10.3947 0
    endloop
  endfacet
  facet normal 0.0934065 -0.995628 0
    outer loop
      vertex 37.812 10.4882 0
      vertex 37.9058 10.497 2.5
      vertex 37.812 10.4882 2.5
    endloop
  endfacet
  facet normal 0.0934065 -0.995628 0
    outer loop
      vertex 37.9058 10.497 2.5
      vertex 37.812 10.4882 0
      vertex 37.9058 10.497 0
    endloop
  endfacet
  facet normal 0.509337 -0.860567 0
    outer loop
      vertex 37.1963 10.2665 0
      vertex 37.2774 10.3145 2.5
      vertex 37.1963 10.2665 2.5
    endloop
  endfacet
  facet normal 0.509337 -0.860567 0
    outer loop
      vertex 37.2774 10.3145 2.5
      vertex 37.1963 10.2665 0
      vertex 37.2774 10.3145 0
    endloop
  endfacet
  facet normal 0.707107 -0.707107 0
    outer loop
      vertex 36.9065 10.0268 2.5
      vertex 36.9732 10.0935 0
      vertex 36.9732 10.0935 2.5
    endloop
  endfacet
  facet normal 0.707107 -0.707107 0
    outer loop
      vertex 36.9732 10.0935 0
      vertex 36.9065 10.0268 2.5
      vertex 36.9065 10.0268 0
    endloop
  endfacet
  facet normal 0.750086 -0.661341 0
    outer loop
      vertex 36.8442 9.95614 2.5
      vertex 36.9065 10.0268 0
      vertex 36.9065 10.0268 2.5
    endloop
  endfacet
  facet normal 0.750086 -0.661341 0
    outer loop
      vertex 36.9065 10.0268 0
      vertex 36.8442 9.95614 2.5
      vertex 36.8442 9.95614 0
    endloop
  endfacet
  facet normal -0.0941429 0.995559 0
    outer loop
      vertex 38.188 7.51183 0
      vertex 38.0942 7.50296 2.5
      vertex 38.188 7.51183 2.5
    endloop
  endfacet
  facet normal -0.0941429 0.995559 0
    outer loop
      vertex 38.0942 7.50296 2.5
      vertex 38.188 7.51183 0
      vertex 38.0942 7.50296 0
    endloop
  endfacet
  facet normal -0.987591 0.157047 0
    outer loop
      vertex 39.4734 8.71893 0
      vertex 39.4882 8.812 2.5
      vertex 39.4882 8.812 0
    endloop
  endfacet
  facet normal -0.987591 0.157047 0
    outer loop
      vertex 39.4882 8.812 2.5
      vertex 39.4734 8.71893 0
      vertex 39.4734 8.71893 2.5
    endloop
  endfacet
  facet normal -0.960265 0.279091 0
    outer loop
      vertex 39.4266 8.53647 0
      vertex 39.4529 8.62696 2.5
      vertex 39.4529 8.62696 0
    endloop
  endfacet
  facet normal -0.960265 0.279091 0
    outer loop
      vertex 39.4529 8.62696 2.5
      vertex 39.4266 8.53647 0
      vertex 39.4266 8.53647 2.5
    endloop
  endfacet
  facet normal -0.397042 0.917801 0
    outer loop
      vertex 38.6387 7.64276 0
      vertex 38.5522 7.60534 2.5
      vertex 38.6387 7.64276 2.5
    endloop
  endfacet
  facet normal -0.397042 0.917801 0
    outer loop
      vertex 38.5522 7.60534 2.5
      vertex 38.6387 7.64276 0
      vertex 38.5522 7.60534 0
    endloop
  endfacet
  facet normal -0.278965 0.960301 0
    outer loop
      vertex 38.4635 7.57341 0
      vertex 38.373 7.54712 2.5
      vertex 38.4635 7.57341 2.5
    endloop
  endfacet
  facet normal -0.278965 0.960301 0
    outer loop
      vertex 38.373 7.54712 2.5
      vertex 38.4635 7.57341 0
      vertex 38.373 7.54712 0
    endloop
  endfacet
  facet normal -0.706735 0.707478 0
    outer loop
      vertex 39.0268 7.90655 0
      vertex 39.0935 7.97318 2.5
      vertex 39.0935 7.97318 0
    endloop
  endfacet
  facet normal -0.706735 0.707478 0
    outer loop
      vertex 39.0935 7.97318 2.5
      vertex 39.0268 7.90655 0
      vertex 39.0268 7.90655 2.5
    endloop
  endfacet
  facet normal -0.613235 0.789901 0
    outer loop
      vertex 38.9561 7.84423 0
      vertex 38.8817 7.78647 2.5
      vertex 38.9561 7.84423 2.5
    endloop
  endfacet
  facet normal -0.613235 0.789901 0
    outer loop
      vertex 38.8817 7.78647 2.5
      vertex 38.9561 7.84423 0
      vertex 38.8817 7.78647 0
    endloop
  endfacet
  facet normal -0.509101 0.860707 0
    outer loop
      vertex 38.8037 7.73351 0
      vertex 38.7226 7.68554 2.5
      vertex 38.8037 7.73351 2.5
    endloop
  endfacet
  facet normal -0.509101 0.860707 0
    outer loop
      vertex 38.7226 7.68554 2.5
      vertex 38.8037 7.73351 0
      vertex 38.7226 7.68554 0
    endloop
  endfacet
  facet normal -0.891349 0.453318 0
    outer loop
      vertex 39.3145 8.27737 0
      vertex 39.3572 8.36133 2.5
      vertex 39.3572 8.36133 0
    endloop
  endfacet
  facet normal -0.891349 0.453318 0
    outer loop
      vertex 39.3572 8.36133 2.5
      vertex 39.3145 8.27737 0
      vertex 39.3145 8.27737 2.5
    endloop
  endfacet
  facet normal -0.940947 0.338554 0
    outer loop
      vertex 39.3947 8.44781 0
      vertex 39.4266 8.53647 2.5
      vertex 39.4266 8.53647 0
    endloop
  endfacet
  facet normal -0.940947 0.338554 0
    outer loop
      vertex 39.4266 8.53647 2.5
      vertex 39.3947 8.44781 0
      vertex 39.3947 8.44781 2.5
    endloop
  endfacet
  facet normal -0.826923 0.562316 0
    outer loop
      vertex 39.2135 8.11832 0
      vertex 39.2665 8.19626 2.5
      vertex 39.2665 8.19626 0
    endloop
  endfacet
  facet normal -0.826923 0.562316 0
    outer loop
      vertex 39.2665 8.19626 2.5
      vertex 39.2135 8.11832 0
      vertex 39.2135 8.11832 2.5
    endloop
  endfacet
  facet normal -0.031407 0.999507 0
    outer loop
      vertex 38.0942 7.50296 0
      vertex 38 7.5 2.5
      vertex 38.0942 7.50296 2.5
    endloop
  endfacet
  facet normal -0.031407 0.999507 0
    outer loop
      vertex 38 7.5 2.5
      vertex 38.0942 7.50296 0
      vertex 38 7.5 0
    endloop
  endfacet
  facet normal 0.278965 0.960301 -0
    outer loop
      vertex 37.627 7.54712 0
      vertex 37.5365 7.57341 2.5
      vertex 37.627 7.54712 2.5
    endloop
  endfacet
  facet normal 0.278965 0.960301 0
    outer loop
      vertex 37.5365 7.57341 2.5
      vertex 37.627 7.54712 0
      vertex 37.5365 7.57341 0
    endloop
  endfacet
  facet normal 0.156377 0.987698 -0
    outer loop
      vertex 37.812 7.51183 0
      vertex 37.7189 7.52657 2.5
      vertex 37.812 7.51183 2.5
    endloop
  endfacet
  facet normal 0.156377 0.987698 0
    outer loop
      vertex 37.7189 7.52657 2.5
      vertex 37.812 7.51183 0
      vertex 37.7189 7.52657 0
    endloop
  endfacet
  facet normal 0.45425 0.890874 -0
    outer loop
      vertex 37.3613 7.64276 0
      vertex 37.2774 7.68554 2.5
      vertex 37.3613 7.64276 2.5
    endloop
  endfacet
  facet normal 0.45425 0.890874 0
    outer loop
      vertex 37.2774 7.68554 2.5
      vertex 37.3613 7.64276 0
      vertex 37.2774 7.68554 0
    endloop
  endfacet
  facet normal 0.338701 0.940894 -0
    outer loop
      vertex 37.5365 7.57341 0
      vertex 37.4478 7.60534 2.5
      vertex 37.5365 7.57341 2.5
    endloop
  endfacet
  facet normal 0.338701 0.940894 0
    outer loop
      vertex 37.4478 7.60534 2.5
      vertex 37.5365 7.57341 0
      vertex 37.4478 7.60534 0
    endloop
  endfacet
  facet normal 0.56173 0.827321 -0
    outer loop
      vertex 37.1963 7.73351 0
      vertex 37.1183 7.78647 2.5
      vertex 37.1963 7.73351 2.5
    endloop
  endfacet
  facet normal 0.56173 0.827321 0
    outer loop
      vertex 37.1183 7.78647 2.5
      vertex 37.1963 7.73351 0
      vertex 37.1183 7.78647 0
    endloop
  endfacet
  facet normal 0.940947 0.338554 0
    outer loop
      vertex 36.6053 8.44781 2.5
      vertex 36.5734 8.53647 0
      vertex 36.5734 8.53647 2.5
    endloop
  endfacet
  facet normal 0.940947 0.338554 0
    outer loop
      vertex 36.5734 8.53647 0
      vertex 36.6053 8.44781 2.5
      vertex 36.6053 8.44781 0
    endloop
  endfacet
  facet normal 0.960265 0.279091 0
    outer loop
      vertex 36.5734 8.53647 2.5
      vertex 36.5471 8.62696 0
      vertex 36.5471 8.62696 2.5
    endloop
  endfacet
  facet normal 0.960265 0.279091 0
    outer loop
      vertex 36.5471 8.62696 0
      vertex 36.5734 8.53647 2.5
      vertex 36.5734 8.53647 0
    endloop
  endfacet
  facet normal 0.917458 0.397834 0
    outer loop
      vertex 36.6428 8.36133 2.5
      vertex 36.6053 8.44781 0
      vertex 36.6053 8.44781 2.5
    endloop
  endfacet
  facet normal 0.917458 0.397834 0
    outer loop
      vertex 36.6053 8.44781 0
      vertex 36.6428 8.36133 2.5
      vertex 36.6428 8.36133 0
    endloop
  endfacet
  facet normal 0.976047 0.21756 0
    outer loop
      vertex 36.5471 8.62696 2.5
      vertex 36.5266 8.71893 0
      vertex 36.5266 8.71893 2.5
    endloop
  endfacet
  facet normal 0.976047 0.21756 0
    outer loop
      vertex 36.5266 8.71893 0
      vertex 36.5471 8.62696 2.5
      vertex 36.5471 8.62696 0
    endloop
  endfacet
  facet normal 0.987591 0.157047 0
    outer loop
      vertex 36.5266 8.71893 2.5
      vertex 36.5118 8.812 0
      vertex 36.5118 8.812 2.5
    endloop
  endfacet
  facet normal 0.987591 0.157047 0
    outer loop
      vertex 36.5118 8.812 0
      vertex 36.5266 8.71893 2.5
      vertex 36.5266 8.71893 0
    endloop
  endfacet
  facet normal 0.790448 0.612529 0
    outer loop
      vertex 36.8442 8.04386 2.5
      vertex 36.7865 8.11832 0
      vertex 36.7865 8.11832 2.5
    endloop
  endfacet
  facet normal 0.790448 0.612529 0
    outer loop
      vertex 36.7865 8.11832 0
      vertex 36.8442 8.04386 2.5
      vertex 36.8442 8.04386 0
    endloop
  endfacet
  facet normal 0.826923 0.562316 0
    outer loop
      vertex 36.7865 8.11832 2.5
      vertex 36.7335 8.19626 0
      vertex 36.7335 8.19626 2.5
    endloop
  endfacet
  facet normal 0.826923 0.562316 0
    outer loop
      vertex 36.7335 8.19626 0
      vertex 36.7865 8.11832 2.5
      vertex 36.7865 8.11832 0
    endloop
  endfacet
  facet normal 0.999493 0.0318344 0
    outer loop
      vertex 36.503 8.90581 2.5
      vertex 36.5 9 0
      vertex 36.5 9 2.5
    endloop
  endfacet
  facet normal 0.999493 0.0318344 0
    outer loop
      vertex 36.5 9 0
      vertex 36.503 8.90581 2.5
      vertex 36.503 8.90581 0
    endloop
  endfacet
  facet normal -0.976047 0.21756 0
    outer loop
      vertex 39.4529 8.62696 0
      vertex 39.4734 8.71893 2.5
      vertex 39.4734 8.71893 0
    endloop
  endfacet
  facet normal -0.976047 0.21756 0
    outer loop
      vertex 39.4734 8.71893 2.5
      vertex 39.4529 8.62696 0
      vertex 39.4529 8.62696 2.5
    endloop
  endfacet
  facet normal -0.156377 0.987698 0
    outer loop
      vertex 38.2811 7.52657 0
      vertex 38.188 7.51183 2.5
      vertex 38.2811 7.52657 2.5
    endloop
  endfacet
  facet normal -0.156377 0.987698 0
    outer loop
      vertex 38.188 7.51183 2.5
      vertex 38.2811 7.52657 0
      vertex 38.188 7.51183 0
    endloop
  endfacet
  facet normal -0.45425 0.890874 0
    outer loop
      vertex 38.7226 7.68554 0
      vertex 38.6387 7.64276 2.5
      vertex 38.7226 7.68554 2.5
    endloop
  endfacet
  facet normal -0.45425 0.890874 0
    outer loop
      vertex 38.6387 7.64276 2.5
      vertex 38.7226 7.68554 0
      vertex 38.6387 7.64276 0
    endloop
  endfacet
  facet normal -0.338701 0.940894 0
    outer loop
      vertex 38.5522 7.60534 0
      vertex 38.4635 7.57341 2.5
      vertex 38.5522 7.60534 2.5
    endloop
  endfacet
  facet normal -0.338701 0.940894 0
    outer loop
      vertex 38.4635 7.57341 2.5
      vertex 38.5522 7.60534 0
      vertex 38.4635 7.57341 0
    endloop
  endfacet
  facet normal -0.750178 0.661235 0
    outer loop
      vertex 39.0935 7.97318 0
      vertex 39.1558 8.04386 2.5
      vertex 39.1558 8.04386 0
    endloop
  endfacet
  facet normal -0.750178 0.661235 0
    outer loop
      vertex 39.1558 8.04386 2.5
      vertex 39.0935 7.97318 0
      vertex 39.0935 7.97318 2.5
    endloop
  endfacet
  facet normal -0.56173 0.827321 0
    outer loop
      vertex 38.8817 7.78647 0
      vertex 38.8037 7.73351 2.5
      vertex 38.8817 7.78647 2.5
    endloop
  endfacet
  facet normal -0.56173 0.827321 0
    outer loop
      vertex 38.8037 7.73351 2.5
      vertex 38.8817 7.78647 0
      vertex 38.8037 7.73351 0
    endloop
  endfacet
  facet normal -0.917458 0.397834 0
    outer loop
      vertex 39.3572 8.36133 0
      vertex 39.3947 8.44781 2.5
      vertex 39.3947 8.44781 0
    endloop
  endfacet
  facet normal -0.917458 0.397834 0
    outer loop
      vertex 39.3947 8.44781 2.5
      vertex 39.3572 8.36133 0
      vertex 39.3572 8.36133 2.5
    endloop
  endfacet
  facet normal 0.218223 0.975899 -0
    outer loop
      vertex 37.7189 7.52657 0
      vertex 37.627 7.54712 2.5
      vertex 37.7189 7.52657 2.5
    endloop
  endfacet
  facet normal 0.218223 0.975899 0
    outer loop
      vertex 37.627 7.54712 2.5
      vertex 37.7189 7.52657 0
      vertex 37.627 7.54712 0
    endloop
  endfacet
  facet normal 0.397042 0.917801 -0
    outer loop
      vertex 37.4478 7.60534 0
      vertex 37.3613 7.64276 2.5
      vertex 37.4478 7.60534 2.5
    endloop
  endfacet
  facet normal 0.397042 0.917801 0
    outer loop
      vertex 37.3613 7.64276 2.5
      vertex 37.4478 7.60534 0
      vertex 37.3613 7.64276 0
    endloop
  endfacet
  facet normal 0.66125 0.750166 -0
    outer loop
      vertex 37.0439 7.84423 0
      vertex 36.9732 7.90655 2.5
      vertex 37.0439 7.84423 2.5
    endloop
  endfacet
  facet normal 0.66125 0.750166 0
    outer loop
      vertex 36.9732 7.90655 2.5
      vertex 37.0439 7.84423 0
      vertex 36.9732 7.90655 0
    endloop
  endfacet
  facet normal -0.999493 0.0318344 0
    outer loop
      vertex 39.497 8.90581 0
      vertex 39.5 9 2.5
      vertex 39.5 9 0
    endloop
  endfacet
  facet normal -0.999493 0.0318344 0
    outer loop
      vertex 39.5 9 2.5
      vertex 39.497 8.90581 0
      vertex 39.497 8.90581 2.5
    endloop
  endfacet
  facet normal -0.612837 -0.790209 0
    outer loop
      vertex 38.8817 30.2135 0
      vertex 38.9561 30.1558 2.5
      vertex 38.8817 30.2135 2.5
    endloop
  endfacet
  facet normal -0.612837 -0.790209 -0
    outer loop
      vertex 38.9561 30.1558 2.5
      vertex 38.8817 30.2135 0
      vertex 38.9561 30.1558 0
    endloop
  endfacet
  facet normal 0.453576 -0.891218 0
    outer loop
      vertex 37.2774 30.3145 0
      vertex 37.3613 30.3572 2.5
      vertex 37.2774 30.3145 2.5
    endloop
  endfacet
  facet normal 0.453576 -0.891218 0
    outer loop
      vertex 37.3613 30.3572 2.5
      vertex 37.2774 30.3145 0
      vertex 37.3613 30.3572 0
    endloop
  endfacet
  facet normal 0.940996 -0.338419 0
    outer loop
      vertex 36.5734 29.4635 2.5
      vertex 36.6053 29.5522 0
      vertex 36.6053 29.5522 2.5
    endloop
  endfacet
  facet normal 0.940996 -0.338419 0
    outer loop
      vertex 36.6053 29.5522 0
      vertex 36.5734 29.4635 2.5
      vertex 36.5734 29.4635 0
    endloop
  endfacet
  facet normal -0.940996 -0.338419 0
    outer loop
      vertex 39.4266 29.4635 0
      vertex 39.3947 29.5522 2.5
      vertex 39.3947 29.5522 0
    endloop
  endfacet
  facet normal -0.940996 -0.338419 0
    outer loop
      vertex 39.3947 29.5522 2.5
      vertex 39.4266 29.4635 0
      vertex 39.4266 29.4635 2.5
    endloop
  endfacet
  facet normal -0.860567 -0.509337 0
    outer loop
      vertex 39.3145 29.7226 0
      vertex 39.2665 29.8037 2.5
      vertex 39.2665 29.8037 0
    endloop
  endfacet
  facet normal -0.860567 -0.509337 0
    outer loop
      vertex 39.2665 29.8037 2.5
      vertex 39.3145 29.7226 0
      vertex 39.3145 29.7226 2.5
    endloop
  endfacet
  facet normal -0.338419 -0.940996 0
    outer loop
      vertex 38.4635 30.4266 0
      vertex 38.5522 30.3947 2.5
      vertex 38.4635 30.4266 2.5
    endloop
  endfacet
  facet normal -0.338419 -0.940996 -0
    outer loop
      vertex 38.5522 30.3947 2.5
      vertex 38.4635 30.4266 0
      vertex 38.5522 30.3947 0
    endloop
  endfacet
  facet normal 0.995628 -0.0934065 0
    outer loop
      vertex 36.503 29.0942 2.5
      vertex 36.5118 29.188 0
      vertex 36.5118 29.188 2.5
    endloop
  endfacet
  facet normal 0.995628 -0.0934065 0
    outer loop
      vertex 36.5118 29.188 0
      vertex 36.503 29.0942 2.5
      vertex 36.503 29.0942 0
    endloop
  endfacet
  facet normal 0.790209 -0.612837 0
    outer loop
      vertex 36.7865 29.8817 2.5
      vertex 36.8442 29.9561 0
      vertex 36.8442 29.9561 2.5
    endloop
  endfacet
  facet normal 0.790209 -0.612837 0
    outer loop
      vertex 36.8442 29.9561 0
      vertex 36.7865 29.8817 2.5
      vertex 36.7865 29.8817 0
    endloop
  endfacet
  facet normal 0.217718 -0.976012 0
    outer loop
      vertex 37.627 30.4529 0
      vertex 37.7189 30.4734 2.5
      vertex 37.627 30.4529 2.5
    endloop
  endfacet
  facet normal 0.217718 -0.976012 0
    outer loop
      vertex 37.7189 30.4734 2.5
      vertex 37.627 30.4529 0
      vertex 37.7189 30.4734 0
    endloop
  endfacet
  facet normal -0.995628 0.0934065 0
    outer loop
      vertex 39.4882 28.812 0
      vertex 39.497 28.9058 2.5
      vertex 39.497 28.9058 0
    endloop
  endfacet
  facet normal -0.995628 0.0934065 0
    outer loop
      vertex 39.497 28.9058 2.5
      vertex 39.4882 28.812 0
      vertex 39.4882 28.812 2.5
    endloop
  endfacet
  facet normal -0.790209 0.612837 0
    outer loop
      vertex 39.1558 28.0439 0
      vertex 39.2135 28.1183 2.5
      vertex 39.2135 28.1183 0
    endloop
  endfacet
  facet normal -0.790209 0.612837 0
    outer loop
      vertex 39.2135 28.1183 2.5
      vertex 39.1558 28.0439 0
      vertex 39.1558 28.0439 2.5
    endloop
  endfacet
  facet normal 0.0934065 0.995628 -0
    outer loop
      vertex 37.9058 27.503 0
      vertex 37.812 27.5118 2.5
      vertex 37.9058 27.503 2.5
    endloop
  endfacet
  facet normal 0.0934065 0.995628 0
    outer loop
      vertex 37.812 27.5118 2.5
      vertex 37.9058 27.503 0
      vertex 37.812 27.5118 0
    endloop
  endfacet
  facet normal 0.612837 0.790209 -0
    outer loop
      vertex 37.1183 27.7865 0
      vertex 37.0439 27.8442 2.5
      vertex 37.1183 27.7865 2.5
    endloop
  endfacet
  facet normal 0.612837 0.790209 0
    outer loop
      vertex 37.0439 27.8442 2.5
      vertex 37.1183 27.7865 0
      vertex 37.0439 27.8442 0
    endloop
  endfacet
  facet normal -0.976012 -0.217718 0
    outer loop
      vertex 39.4734 29.2811 0
      vertex 39.4529 29.373 2.5
      vertex 39.4529 29.373 0
    endloop
  endfacet
  facet normal -0.976012 -0.217718 0
    outer loop
      vertex 39.4529 29.373 2.5
      vertex 39.4734 29.2811 0
      vertex 39.4734 29.2811 2.5
    endloop
  endfacet
  facet normal -0.750271 -0.66113 0
    outer loop
      vertex 39.1558 29.9561 0
      vertex 39.0935 30.0268 2.5
      vertex 39.0935 30.0268 0
    endloop
  endfacet
  facet normal -0.750271 -0.66113 0
    outer loop
      vertex 39.0935 30.0268 2.5
      vertex 39.1558 29.9561 0
      vertex 39.1558 29.9561 2.5
    endloop
  endfacet
  facet normal -0.790209 -0.612837 0
    outer loop
      vertex 39.2135 29.8817 0
      vertex 39.1558 29.9561 2.5
      vertex 39.1558 29.9561 0
    endloop
  endfacet
  facet normal -0.790209 -0.612837 0
    outer loop
      vertex 39.1558 29.9561 2.5
      vertex 39.2135 29.8817 0
      vertex 39.2135 29.8817 2.5
    endloop
  endfacet
  facet normal -0.509337 -0.860567 0
    outer loop
      vertex 38.7226 30.3145 0
      vertex 38.8037 30.2665 2.5
      vertex 38.7226 30.3145 2.5
    endloop
  endfacet
  facet normal -0.509337 -0.860567 -0
    outer loop
      vertex 38.8037 30.2665 2.5
      vertex 38.7226 30.3145 0
      vertex 38.8037 30.2665 0
    endloop
  endfacet
  facet normal 0.031831 -0.999493 0
    outer loop
      vertex 37.9058 30.497 0
      vertex 38 30.5 2.5
      vertex 37.9058 30.497 2.5
    endloop
  endfacet
  facet normal 0.031831 -0.999493 0
    outer loop
      vertex 38 30.5 2.5
      vertex 37.9058 30.497 0
      vertex 38 30.5 0
    endloop
  endfacet
  facet normal -0.156997 -0.987599 0
    outer loop
      vertex 38.188 30.4882 0
      vertex 38.2811 30.4734 2.5
      vertex 38.188 30.4882 2.5
    endloop
  endfacet
  facet normal -0.156997 -0.987599 -0
    outer loop
      vertex 38.2811 30.4734 2.5
      vertex 38.188 30.4882 0
      vertex 38.2811 30.4734 0
    endloop
  endfacet
  facet normal 0.987599 -0.156997 0
    outer loop
      vertex 36.5118 29.188 2.5
      vertex 36.5266 29.2811 0
      vertex 36.5266 29.2811 2.5
    endloop
  endfacet
  facet normal 0.987599 -0.156997 0
    outer loop
      vertex 36.5266 29.2811 0
      vertex 36.5118 29.188 2.5
      vertex 36.5118 29.188 0
    endloop
  endfacet
  facet normal 0.860567 -0.509337 0
    outer loop
      vertex 36.6855 29.7226 2.5
      vertex 36.7335 29.8037 0
      vertex 36.7335 29.8037 2.5
    endloop
  endfacet
  facet normal 0.860567 -0.509337 0
    outer loop
      vertex 36.7335 29.8037 0
      vertex 36.6855 29.7226 2.5
      vertex 36.6855 29.7226 0
    endloop
  endfacet
  facet normal 0.156997 -0.987599 0
    outer loop
      vertex 37.7189 30.4734 0
      vertex 37.812 30.4882 2.5
      vertex 37.7189 30.4734 2.5
    endloop
  endfacet
  facet normal 0.156997 -0.987599 0
    outer loop
      vertex 37.812 30.4882 2.5
      vertex 37.7189 30.4734 0
      vertex 37.812 30.4882 0
    endloop
  endfacet
  facet normal 0.612837 -0.790209 0
    outer loop
      vertex 37.0439 30.1558 0
      vertex 37.1183 30.2135 2.5
      vertex 37.0439 30.1558 2.5
    endloop
  endfacet
  facet normal 0.612837 -0.790209 0
    outer loop
      vertex 37.1183 30.2135 2.5
      vertex 37.0439 30.1558 0
      vertex 37.1183 30.2135 0
    endloop
  endfacet
  facet normal 0.66113 -0.750271 0
    outer loop
      vertex 36.9732 30.0935 0
      vertex 37.0439 30.1558 2.5
      vertex 36.9732 30.0935 2.5
    endloop
  endfacet
  facet normal 0.66113 -0.750271 0
    outer loop
      vertex 37.0439 30.1558 2.5
      vertex 36.9732 30.0935 0
      vertex 37.0439 30.1558 0
    endloop
  endfacet
  facet normal 0.56202 -0.827124 0
    outer loop
      vertex 37.1183 30.2135 0
      vertex 37.1963 30.2665 2.5
      vertex 37.1183 30.2135 2.5
    endloop
  endfacet
  facet normal 0.56202 -0.827124 0
    outer loop
      vertex 37.1963 30.2665 2.5
      vertex 37.1183 30.2135 0
      vertex 37.1963 30.2665 0
    endloop
  endfacet
  facet normal -0.999493 -0.031831 0
    outer loop
      vertex 39.5 29 0
      vertex 39.497 29.0942 2.5
      vertex 39.497 29.0942 0
    endloop
  endfacet
  facet normal -0.999493 -0.031831 0
    outer loop
      vertex 39.497 29.0942 2.5
      vertex 39.5 29 0
      vertex 39.5 29 2.5
    endloop
  endfacet
  facet normal -0.66113 0.750271 0
    outer loop
      vertex 39.0268 27.9065 0
      vertex 38.9561 27.8442 2.5
      vertex 39.0268 27.9065 2.5
    endloop
  endfacet
  facet normal -0.66113 0.750271 0
    outer loop
      vertex 38.9561 27.8442 2.5
      vertex 39.0268 27.9065 0
      vertex 38.9561 27.8442 0
    endloop
  endfacet
  facet normal 0.891218 0.453576 0
    outer loop
      vertex 36.6855 28.2774 2.5
      vertex 36.6428 28.3613 0
      vertex 36.6428 28.3613 2.5
    endloop
  endfacet
  facet normal 0.891218 0.453576 0
    outer loop
      vertex 36.6428 28.3613 0
      vertex 36.6855 28.2774 2.5
      vertex 36.6855 28.2774 0
    endloop
  endfacet
  facet normal 0.995628 0.0934065 0
    outer loop
      vertex 36.5118 28.812 2.5
      vertex 36.503 28.9058 0
      vertex 36.503 28.9058 2.5
    endloop
  endfacet
  facet normal 0.995628 0.0934065 0
    outer loop
      vertex 36.503 28.9058 0
      vertex 36.5118 28.812 2.5
      vertex 36.5118 28.812 0
    endloop
  endfacet
  facet normal 0.750271 0.66113 0
    outer loop
      vertex 36.9065 27.9732 2.5
      vertex 36.8442 28.0439 0
      vertex 36.8442 28.0439 2.5
    endloop
  endfacet
  facet normal 0.750271 0.66113 0
    outer loop
      vertex 36.8442 28.0439 0
      vertex 36.9065 27.9732 2.5
      vertex 36.9065 27.9732 0
    endloop
  endfacet
  facet normal 0.827124 0.56202 0
    outer loop
      vertex 36.7865 28.1183 2.5
      vertex 36.7335 28.1963 0
      vertex 36.7335 28.1963 2.5
    endloop
  endfacet
  facet normal 0.827124 0.56202 0
    outer loop
      vertex 36.7335 28.1963 0
      vertex 36.7865 28.1183 2.5
      vertex 36.7865 28.1183 0
    endloop
  endfacet
  facet normal -0.987599 -0.156997 0
    outer loop
      vertex 39.4882 29.188 0
      vertex 39.4734 29.2811 2.5
      vertex 39.4734 29.2811 0
    endloop
  endfacet
  facet normal -0.987599 -0.156997 0
    outer loop
      vertex 39.4734 29.2811 2.5
      vertex 39.4882 29.188 0
      vertex 39.4882 29.188 2.5
    endloop
  endfacet
  facet normal -0.995628 -0.0934065 0
    outer loop
      vertex 39.497 29.0942 0
      vertex 39.4882 29.188 2.5
      vertex 39.4882 29.188 0
    endloop
  endfacet
  facet normal -0.995628 -0.0934065 0
    outer loop
      vertex 39.4882 29.188 2.5
      vertex 39.497 29.0942 0
      vertex 39.497 29.0942 2.5
    endloop
  endfacet
  facet normal -0.891218 -0.453576 0
    outer loop
      vertex 39.3572 29.6387 0
      vertex 39.3145 29.7226 2.5
      vertex 39.3145 29.7226 0
    endloop
  endfacet
  facet normal -0.891218 -0.453576 0
    outer loop
      vertex 39.3145 29.7226 2.5
      vertex 39.3572 29.6387 0
      vertex 39.3572 29.6387 2.5
    endloop
  endfacet
  facet normal -0.917491 -0.397756 0
    outer loop
      vertex 39.3947 29.5522 0
      vertex 39.3572 29.6387 2.5
      vertex 39.3572 29.6387 0
    endloop
  endfacet
  facet normal -0.917491 -0.397756 0
    outer loop
      vertex 39.3572 29.6387 2.5
      vertex 39.3947 29.5522 0
      vertex 39.3947 29.5522 2.5
    endloop
  endfacet
  facet normal -0.960273 -0.279063 0
    outer loop
      vertex 39.4529 29.373 0
      vertex 39.4266 29.4635 2.5
      vertex 39.4266 29.4635 0
    endloop
  endfacet
  facet normal -0.960273 -0.279063 0
    outer loop
      vertex 39.4266 29.4635 2.5
      vertex 39.4529 29.373 0
      vertex 39.4529 29.373 2.5
    endloop
  endfacet
  facet normal -0.827124 -0.56202 0
    outer loop
      vertex 39.2665 29.8037 0
      vertex 39.2135 29.8817 2.5
      vertex 39.2135 29.8817 0
    endloop
  endfacet
  facet normal -0.827124 -0.56202 0
    outer loop
      vertex 39.2135 29.8817 2.5
      vertex 39.2665 29.8037 0
      vertex 39.2665 29.8037 2.5
    endloop
  endfacet
  facet normal -0.707107 -0.707107 0
    outer loop
      vertex 39.0935 30.0268 0
      vertex 39.0268 30.0935 2.5
      vertex 39.0268 30.0935 0
    endloop
  endfacet
  facet normal -0.707107 -0.707107 0
    outer loop
      vertex 39.0268 30.0935 2.5
      vertex 39.0935 30.0268 0
      vertex 39.0935 30.0268 2.5
    endloop
  endfacet
  facet normal -0.66113 -0.750271 0
    outer loop
      vertex 38.9561 30.1558 0
      vertex 39.0268 30.0935 2.5
      vertex 38.9561 30.1558 2.5
    endloop
  endfacet
  facet normal -0.66113 -0.750271 -0
    outer loop
      vertex 39.0268 30.0935 2.5
      vertex 38.9561 30.1558 0
      vertex 39.0268 30.0935 0
    endloop
  endfacet
  facet normal -0.56202 -0.827124 0
    outer loop
      vertex 38.8037 30.2665 0
      vertex 38.8817 30.2135 2.5
      vertex 38.8037 30.2665 2.5
    endloop
  endfacet
  facet normal -0.56202 -0.827124 -0
    outer loop
      vertex 38.8817 30.2135 2.5
      vertex 38.8037 30.2665 0
      vertex 38.8817 30.2135 0
    endloop
  endfacet
  facet normal -0.397756 -0.917491 0
    outer loop
      vertex 38.5522 30.3947 0
      vertex 38.6387 30.3572 2.5
      vertex 38.5522 30.3947 2.5
    endloop
  endfacet
  facet normal -0.397756 -0.917491 -0
    outer loop
      vertex 38.6387 30.3572 2.5
      vertex 38.5522 30.3947 0
      vertex 38.6387 30.3572 0
    endloop
  endfacet
  facet normal -0.453576 -0.891218 0
    outer loop
      vertex 38.6387 30.3572 0
      vertex 38.7226 30.3145 2.5
      vertex 38.6387 30.3572 2.5
    endloop
  endfacet
  facet normal -0.453576 -0.891218 -0
    outer loop
      vertex 38.7226 30.3145 2.5
      vertex 38.6387 30.3572 0
      vertex 38.7226 30.3145 0
    endloop
  endfacet
  facet normal -0.217718 -0.976012 0
    outer loop
      vertex 38.2811 30.4734 0
      vertex 38.373 30.4529 2.5
      vertex 38.2811 30.4734 2.5
    endloop
  endfacet
  facet normal -0.217718 -0.976012 -0
    outer loop
      vertex 38.373 30.4529 2.5
      vertex 38.2811 30.4734 0
      vertex 38.373 30.4529 0
    endloop
  endfacet
  facet normal -0.279063 -0.960273 0
    outer loop
      vertex 38.373 30.4529 0
      vertex 38.4635 30.4266 2.5
      vertex 38.373 30.4529 2.5
    endloop
  endfacet
  facet normal -0.279063 -0.960273 -0
    outer loop
      vertex 38.4635 30.4266 2.5
      vertex 38.373 30.4529 0
      vertex 38.4635 30.4266 0
    endloop
  endfacet
  facet normal -0.0934065 -0.995628 0
    outer loop
      vertex 38.0942 30.497 0
      vertex 38.188 30.4882 2.5
      vertex 38.0942 30.497 2.5
    endloop
  endfacet
  facet normal -0.0934065 -0.995628 -0
    outer loop
      vertex 38.188 30.4882 2.5
      vertex 38.0942 30.497 0
      vertex 38.188 30.4882 0
    endloop
  endfacet
  facet normal -0.031831 -0.999493 0
    outer loop
      vertex 38 30.5 0
      vertex 38.0942 30.497 2.5
      vertex 38 30.5 2.5
    endloop
  endfacet
  facet normal -0.031831 -0.999493 -0
    outer loop
      vertex 38.0942 30.497 2.5
      vertex 38 30.5 0
      vertex 38.0942 30.497 0
    endloop
  endfacet
  facet normal 0.976012 -0.217718 0
    outer loop
      vertex 36.5266 29.2811 2.5
      vertex 36.5471 29.373 0
      vertex 36.5471 29.373 2.5
    endloop
  endfacet
  facet normal 0.976012 -0.217718 0
    outer loop
      vertex 36.5471 29.373 0
      vertex 36.5266 29.2811 2.5
      vertex 36.5266 29.2811 0
    endloop
  endfacet
  facet normal 0.960273 -0.279063 0
    outer loop
      vertex 36.5471 29.373 2.5
      vertex 36.5734 29.4635 0
      vertex 36.5734 29.4635 2.5
    endloop
  endfacet
  facet normal 0.960273 -0.279063 0
    outer loop
      vertex 36.5734 29.4635 0
      vertex 36.5471 29.373 2.5
      vertex 36.5471 29.373 0
    endloop
  endfacet
  facet normal 0.999493 -0.031831 0
    outer loop
      vertex 36.5 29 2.5
      vertex 36.503 29.0942 0
      vertex 36.503 29.0942 2.5
    endloop
  endfacet
  facet normal 0.999493 -0.031831 0
    outer loop
      vertex 36.503 29.0942 0
      vertex 36.5 29 2.5
      vertex 36.5 29 0
    endloop
  endfacet
  facet normal 0.891218 -0.453576 0
    outer loop
      vertex 36.6428 29.6387 2.5
      vertex 36.6855 29.7226 0
      vertex 36.6855 29.7226 2.5
    endloop
  endfacet
  facet normal 0.891218 -0.453576 0
    outer loop
      vertex 36.6855 29.7226 0
      vertex 36.6428 29.6387 2.5
      vertex 36.6428 29.6387 0
    endloop
  endfacet
  facet normal 0.917491 -0.397756 0
    outer loop
      vertex 36.6053 29.5522 2.5
      vertex 36.6428 29.6387 0
      vertex 36.6428 29.6387 2.5
    endloop
  endfacet
  facet normal 0.917491 -0.397756 0
    outer loop
      vertex 36.6428 29.6387 0
      vertex 36.6053 29.5522 2.5
      vertex 36.6053 29.5522 0
    endloop
  endfacet
  facet normal 0.827124 -0.56202 0
    outer loop
      vertex 36.7335 29.8037 2.5
      vertex 36.7865 29.8817 0
      vertex 36.7865 29.8817 2.5
    endloop
  endfacet
  facet normal 0.827124 -0.56202 0
    outer loop
      vertex 36.7865 29.8817 0
      vertex 36.7335 29.8037 2.5
      vertex 36.7335 29.8037 0
    endloop
  endfacet
  facet normal 0.338419 -0.940996 0
    outer loop
      vertex 37.4478 30.3947 0
      vertex 37.5365 30.4266 2.5
      vertex 37.4478 30.3947 2.5
    endloop
  endfacet
  facet normal 0.338419 -0.940996 0
    outer loop
      vertex 37.5365 30.4266 2.5
      vertex 37.4478 30.3947 0
      vertex 37.5365 30.4266 0
    endloop
  endfacet
  facet normal 0.279063 -0.960273 0
    outer loop
      vertex 37.5365 30.4266 0
      vertex 37.627 30.4529 2.5
      vertex 37.5365 30.4266 2.5
    endloop
  endfacet
  facet normal 0.279063 -0.960273 0
    outer loop
      vertex 37.627 30.4529 2.5
      vertex 37.5365 30.4266 0
      vertex 37.627 30.4529 0
    endloop
  endfacet
  facet normal 0.397756 -0.917491 0
    outer loop
      vertex 37.3613 30.3572 0
      vertex 37.4478 30.3947 2.5
      vertex 37.3613 30.3572 2.5
    endloop
  endfacet
  facet normal 0.397756 -0.917491 0
    outer loop
      vertex 37.4478 30.3947 2.5
      vertex 37.3613 30.3572 0
      vertex 37.4478 30.3947 0
    endloop
  endfacet
  facet normal 0.0934065 -0.995628 0
    outer loop
      vertex 37.812 30.4882 0
      vertex 37.9058 30.497 2.5
      vertex 37.812 30.4882 2.5
    endloop
  endfacet
  facet normal 0.0934065 -0.995628 0
    outer loop
      vertex 37.9058 30.497 2.5
      vertex 37.812 30.4882 0
      vertex 37.9058 30.497 0
    endloop
  endfacet
  facet normal 0.509337 -0.860567 0
    outer loop
      vertex 37.1963 30.2665 0
      vertex 37.2774 30.3145 2.5
      vertex 37.1963 30.2665 2.5
    endloop
  endfacet
  facet normal 0.509337 -0.860567 0
    outer loop
      vertex 37.2774 30.3145 2.5
      vertex 37.1963 30.2665 0
      vertex 37.2774 30.3145 0
    endloop
  endfacet
  facet normal 0.707107 -0.707107 0
    outer loop
      vertex 36.9065 30.0268 2.5
      vertex 36.9732 30.0935 0
      vertex 36.9732 30.0935 2.5
    endloop
  endfacet
  facet normal 0.707107 -0.707107 0
    outer loop
      vertex 36.9732 30.0935 0
      vertex 36.9065 30.0268 2.5
      vertex 36.9065 30.0268 0
    endloop
  endfacet
  facet normal 0.750271 -0.66113 0
    outer loop
      vertex 36.8442 29.9561 2.5
      vertex 36.9065 30.0268 0
      vertex 36.9065 30.0268 2.5
    endloop
  endfacet
  facet normal 0.750271 -0.66113 0
    outer loop
      vertex 36.9065 30.0268 0
      vertex 36.8442 29.9561 2.5
      vertex 36.8442 29.9561 0
    endloop
  endfacet
  facet normal -0.0934065 0.995628 0
    outer loop
      vertex 38.188 27.5118 0
      vertex 38.0942 27.503 2.5
      vertex 38.188 27.5118 2.5
    endloop
  endfacet
  facet normal -0.0934065 0.995628 0
    outer loop
      vertex 38.0942 27.503 2.5
      vertex 38.188 27.5118 0
      vertex 38.0942 27.503 0
    endloop
  endfacet
  facet normal -0.987599 0.156997 0
    outer loop
      vertex 39.4734 28.7189 0
      vertex 39.4882 28.812 2.5
      vertex 39.4882 28.812 0
    endloop
  endfacet
  facet normal -0.987599 0.156997 0
    outer loop
      vertex 39.4882 28.812 2.5
      vertex 39.4734 28.7189 0
      vertex 39.4734 28.7189 2.5
    endloop
  endfacet
  facet normal -0.960273 0.279063 0
    outer loop
      vertex 39.4266 28.5365 0
      vertex 39.4529 28.627 2.5
      vertex 39.4529 28.627 0
    endloop
  endfacet
  facet normal -0.960273 0.279063 0
    outer loop
      vertex 39.4529 28.627 2.5
      vertex 39.4266 28.5365 0
      vertex 39.4266 28.5365 2.5
    endloop
  endfacet
  facet normal -0.217718 0.976012 0
    outer loop
      vertex 38.373 27.5471 0
      vertex 38.2811 27.5266 2.5
      vertex 38.373 27.5471 2.5
    endloop
  endfacet
  facet normal -0.217718 0.976012 0
    outer loop
      vertex 38.2811 27.5266 2.5
      vertex 38.373 27.5471 0
      vertex 38.2811 27.5266 0
    endloop
  endfacet
  facet normal -0.397756 0.917491 0
    outer loop
      vertex 38.6387 27.6428 0
      vertex 38.5522 27.6053 2.5
      vertex 38.6387 27.6428 2.5
    endloop
  endfacet
  facet normal -0.397756 0.917491 0
    outer loop
      vertex 38.5522 27.6053 2.5
      vertex 38.6387 27.6428 0
      vertex 38.5522 27.6053 0
    endloop
  endfacet
  facet normal -0.279063 0.960273 0
    outer loop
      vertex 38.4635 27.5734 0
      vertex 38.373 27.5471 2.5
      vertex 38.4635 27.5734 2.5
    endloop
  endfacet
  facet normal -0.279063 0.960273 0
    outer loop
      vertex 38.373 27.5471 2.5
      vertex 38.4635 27.5734 0
      vertex 38.373 27.5471 0
    endloop
  endfacet
  facet normal -0.707107 0.707107 0
    outer loop
      vertex 39.0268 27.9065 0
      vertex 39.0935 27.9732 2.5
      vertex 39.0935 27.9732 0
    endloop
  endfacet
  facet normal -0.707107 0.707107 0
    outer loop
      vertex 39.0935 27.9732 2.5
      vertex 39.0268 27.9065 0
      vertex 39.0268 27.9065 2.5
    endloop
  endfacet
  facet normal -0.612837 0.790209 0
    outer loop
      vertex 38.9561 27.8442 0
      vertex 38.8817 27.7865 2.5
      vertex 38.9561 27.8442 2.5
    endloop
  endfacet
  facet normal -0.612837 0.790209 0
    outer loop
      vertex 38.8817 27.7865 2.5
      vertex 38.9561 27.8442 0
      vertex 38.8817 27.7865 0
    endloop
  endfacet
  facet normal -0.509337 0.860567 0
    outer loop
      vertex 38.8037 27.7335 0
      vertex 38.7226 27.6855 2.5
      vertex 38.8037 27.7335 2.5
    endloop
  endfacet
  facet normal -0.509337 0.860567 0
    outer loop
      vertex 38.7226 27.6855 2.5
      vertex 38.8037 27.7335 0
      vertex 38.7226 27.6855 0
    endloop
  endfacet
  facet normal -0.891218 0.453576 0
    outer loop
      vertex 39.3145 28.2774 0
      vertex 39.3572 28.3613 2.5
      vertex 39.3572 28.3613 0
    endloop
  endfacet
  facet normal -0.891218 0.453576 0
    outer loop
      vertex 39.3572 28.3613 2.5
      vertex 39.3145 28.2774 0
      vertex 39.3145 28.2774 2.5
    endloop
  endfacet
  facet normal -0.940996 0.338419 0
    outer loop
      vertex 39.3947 28.4478 0
      vertex 39.4266 28.5365 2.5
      vertex 39.4266 28.5365 0
    endloop
  endfacet
  facet normal -0.940996 0.338419 0
    outer loop
      vertex 39.4266 28.5365 2.5
      vertex 39.3947 28.4478 0
      vertex 39.3947 28.4478 2.5
    endloop
  endfacet
  facet normal -0.827124 0.56202 0
    outer loop
      vertex 39.2135 28.1183 0
      vertex 39.2665 28.1963 2.5
      vertex 39.2665 28.1963 0
    endloop
  endfacet
  facet normal -0.827124 0.56202 0
    outer loop
      vertex 39.2665 28.1963 2.5
      vertex 39.2135 28.1183 0
      vertex 39.2135 28.1183 2.5
    endloop
  endfacet
  facet normal 0.279063 0.960273 -0
    outer loop
      vertex 37.627 27.5471 0
      vertex 37.5365 27.5734 2.5
      vertex 37.627 27.5471 2.5
    endloop
  endfacet
  facet normal 0.279063 0.960273 0
    outer loop
      vertex 37.5365 27.5734 2.5
      vertex 37.627 27.5471 0
      vertex 37.5365 27.5734 0
    endloop
  endfacet
  facet normal 0.031831 0.999493 -0
    outer loop
      vertex 38 27.5 0
      vertex 37.9058 27.503 2.5
      vertex 38 27.5 2.5
    endloop
  endfacet
  facet normal 0.031831 0.999493 0
    outer loop
      vertex 37.9058 27.503 2.5
      vertex 38 27.5 0
      vertex 37.9058 27.503 0
    endloop
  endfacet
  facet normal 0.156997 0.987599 -0
    outer loop
      vertex 37.812 27.5118 0
      vertex 37.7189 27.5266 2.5
      vertex 37.812 27.5118 2.5
    endloop
  endfacet
  facet normal 0.156997 0.987599 0
    outer loop
      vertex 37.7189 27.5266 2.5
      vertex 37.812 27.5118 0
      vertex 37.7189 27.5266 0
    endloop
  endfacet
  facet normal 0.453576 0.891218 -0
    outer loop
      vertex 37.3613 27.6428 0
      vertex 37.2774 27.6855 2.5
      vertex 37.3613 27.6428 2.5
    endloop
  endfacet
  facet normal 0.453576 0.891218 0
    outer loop
      vertex 37.2774 27.6855 2.5
      vertex 37.3613 27.6428 0
      vertex 37.2774 27.6855 0
    endloop
  endfacet
  facet normal 0.338419 0.940996 -0
    outer loop
      vertex 37.5365 27.5734 0
      vertex 37.4478 27.6053 2.5
      vertex 37.5365 27.5734 2.5
    endloop
  endfacet
  facet normal 0.338419 0.940996 0
    outer loop
      vertex 37.4478 27.6053 2.5
      vertex 37.5365 27.5734 0
      vertex 37.4478 27.6053 0
    endloop
  endfacet
  facet normal 0.56202 0.827124 -0
    outer loop
      vertex 37.1963 27.7335 0
      vertex 37.1183 27.7865 2.5
      vertex 37.1963 27.7335 2.5
    endloop
  endfacet
  facet normal 0.56202 0.827124 0
    outer loop
      vertex 37.1183 27.7865 2.5
      vertex 37.1963 27.7335 0
      vertex 37.1183 27.7865 0
    endloop
  endfacet
  facet normal 0.509337 0.860567 -0
    outer loop
      vertex 37.2774 27.6855 0
      vertex 37.1963 27.7335 2.5
      vertex 37.2774 27.6855 2.5
    endloop
  endfacet
  facet normal 0.509337 0.860567 0
    outer loop
      vertex 37.1963 27.7335 2.5
      vertex 37.2774 27.6855 0
      vertex 37.1963 27.7335 0
    endloop
  endfacet
  facet normal 0.940996 0.338419 0
    outer loop
      vertex 36.6053 28.4478 2.5
      vertex 36.5734 28.5365 0
      vertex 36.5734 28.5365 2.5
    endloop
  endfacet
  facet normal 0.940996 0.338419 0
    outer loop
      vertex 36.5734 28.5365 0
      vertex 36.6053 28.4478 2.5
      vertex 36.6053 28.4478 0
    endloop
  endfacet
  facet normal 0.960273 0.279063 0
    outer loop
      vertex 36.5734 28.5365 2.5
      vertex 36.5471 28.627 0
      vertex 36.5471 28.627 2.5
    endloop
  endfacet
  facet normal 0.960273 0.279063 0
    outer loop
      vertex 36.5471 28.627 0
      vertex 36.5734 28.5365 2.5
      vertex 36.5734 28.5365 0
    endloop
  endfacet
  facet normal 0.917491 0.397756 0
    outer loop
      vertex 36.6428 28.3613 2.5
      vertex 36.6053 28.4478 0
      vertex 36.6053 28.4478 2.5
    endloop
  endfacet
  facet normal 0.917491 0.397756 0
    outer loop
      vertex 36.6053 28.4478 0
      vertex 36.6428 28.3613 2.5
      vertex 36.6428 28.3613 0
    endloop
  endfacet
  facet normal 0.976012 0.217718 0
    outer loop
      vertex 36.5471 28.627 2.5
      vertex 36.5266 28.7189 0
      vertex 36.5266 28.7189 2.5
    endloop
  endfacet
  facet normal 0.976012 0.217718 0
    outer loop
      vertex 36.5266 28.7189 0
      vertex 36.5471 28.627 2.5
      vertex 36.5471 28.627 0
    endloop
  endfacet
  facet normal 0.987599 0.156997 0
    outer loop
      vertex 36.5266 28.7189 2.5
      vertex 36.5118 28.812 0
      vertex 36.5118 28.812 2.5
    endloop
  endfacet
  facet normal 0.987599 0.156997 0
    outer loop
      vertex 36.5118 28.812 0
      vertex 36.5266 28.7189 2.5
      vertex 36.5266 28.7189 0
    endloop
  endfacet
  facet normal 0.790209 0.612837 0
    outer loop
      vertex 36.8442 28.0439 2.5
      vertex 36.7865 28.1183 0
      vertex 36.7865 28.1183 2.5
    endloop
  endfacet
  facet normal 0.790209 0.612837 0
    outer loop
      vertex 36.7865 28.1183 0
      vertex 36.8442 28.0439 2.5
      vertex 36.8442 28.0439 0
    endloop
  endfacet
  facet normal 0.860567 0.509337 0
    outer loop
      vertex 36.7335 28.1963 2.5
      vertex 36.6855 28.2774 0
      vertex 36.6855 28.2774 2.5
    endloop
  endfacet
  facet normal 0.860567 0.509337 0
    outer loop
      vertex 36.6855 28.2774 0
      vertex 36.7335 28.1963 2.5
      vertex 36.7335 28.1963 0
    endloop
  endfacet
  facet normal 0.707107 0.707107 0
    outer loop
      vertex 36.9732 27.9065 2.5
      vertex 36.9065 27.9732 0
      vertex 36.9065 27.9732 2.5
    endloop
  endfacet
  facet normal 0.707107 0.707107 0
    outer loop
      vertex 36.9065 27.9732 0
      vertex 36.9732 27.9065 2.5
      vertex 36.9732 27.9065 0
    endloop
  endfacet
  facet normal 0.66113 0.750271 -0
    outer loop
      vertex 37.0439 27.8442 0
      vertex 36.9732 27.9065 2.5
      vertex 37.0439 27.8442 2.5
    endloop
  endfacet
  facet normal 0.66113 0.750271 0
    outer loop
      vertex 36.9732 27.9065 2.5
      vertex 37.0439 27.8442 0
      vertex 36.9732 27.9065 0
    endloop
  endfacet
  facet normal 0.999493 0.031831 0
    outer loop
      vertex 36.503 28.9058 2.5
      vertex 36.5 29 0
      vertex 36.5 29 2.5
    endloop
  endfacet
  facet normal 0.999493 0.031831 0
    outer loop
      vertex 36.5 29 0
      vertex 36.503 28.9058 2.5
      vertex 36.503 28.9058 0
    endloop
  endfacet
  facet normal -0.976012 0.217718 0
    outer loop
      vertex 39.4529 28.627 0
      vertex 39.4734 28.7189 2.5
      vertex 39.4734 28.7189 0
    endloop
  endfacet
  facet normal -0.976012 0.217718 0
    outer loop
      vertex 39.4734 28.7189 2.5
      vertex 39.4529 28.627 0
      vertex 39.4529 28.627 2.5
    endloop
  endfacet
  facet normal -0.156997 0.987599 0
    outer loop
      vertex 38.2811 27.5266 0
      vertex 38.188 27.5118 2.5
      vertex 38.2811 27.5266 2.5
    endloop
  endfacet
  facet normal -0.156997 0.987599 0
    outer loop
      vertex 38.188 27.5118 2.5
      vertex 38.2811 27.5266 0
      vertex 38.188 27.5118 0
    endloop
  endfacet
  facet normal -0.453576 0.891218 0
    outer loop
      vertex 38.7226 27.6855 0
      vertex 38.6387 27.6428 2.5
      vertex 38.7226 27.6855 2.5
    endloop
  endfacet
  facet normal -0.453576 0.891218 0
    outer loop
      vertex 38.6387 27.6428 2.5
      vertex 38.7226 27.6855 0
      vertex 38.6387 27.6428 0
    endloop
  endfacet
  facet normal -0.338419 0.940996 0
    outer loop
      vertex 38.5522 27.6053 0
      vertex 38.4635 27.5734 2.5
      vertex 38.5522 27.6053 2.5
    endloop
  endfacet
  facet normal -0.338419 0.940996 0
    outer loop
      vertex 38.4635 27.5734 2.5
      vertex 38.5522 27.6053 0
      vertex 38.4635 27.5734 0
    endloop
  endfacet
  facet normal -0.750271 0.66113 0
    outer loop
      vertex 39.0935 27.9732 0
      vertex 39.1558 28.0439 2.5
      vertex 39.1558 28.0439 0
    endloop
  endfacet
  facet normal -0.750271 0.66113 0
    outer loop
      vertex 39.1558 28.0439 2.5
      vertex 39.0935 27.9732 0
      vertex 39.0935 27.9732 2.5
    endloop
  endfacet
  facet normal -0.56202 0.827124 0
    outer loop
      vertex 38.8817 27.7865 0
      vertex 38.8037 27.7335 2.5
      vertex 38.8817 27.7865 2.5
    endloop
  endfacet
  facet normal -0.56202 0.827124 0
    outer loop
      vertex 38.8037 27.7335 2.5
      vertex 38.8817 27.7865 0
      vertex 38.8037 27.7335 0
    endloop
  endfacet
  facet normal -0.917491 0.397756 0
    outer loop
      vertex 39.3572 28.3613 0
      vertex 39.3947 28.4478 2.5
      vertex 39.3947 28.4478 0
    endloop
  endfacet
  facet normal -0.917491 0.397756 0
    outer loop
      vertex 39.3947 28.4478 2.5
      vertex 39.3572 28.3613 0
      vertex 39.3572 28.3613 2.5
    endloop
  endfacet
  facet normal -0.860567 0.509337 0
    outer loop
      vertex 39.2665 28.1963 0
      vertex 39.3145 28.2774 2.5
      vertex 39.3145 28.2774 0
    endloop
  endfacet
  facet normal -0.860567 0.509337 0
    outer loop
      vertex 39.3145 28.2774 2.5
      vertex 39.2665 28.1963 0
      vertex 39.2665 28.1963 2.5
    endloop
  endfacet
  facet normal -0.031831 0.999493 0
    outer loop
      vertex 38.0942 27.503 0
      vertex 38 27.5 2.5
      vertex 38.0942 27.503 2.5
    endloop
  endfacet
  facet normal -0.031831 0.999493 0
    outer loop
      vertex 38 27.5 2.5
      vertex 38.0942 27.503 0
      vertex 38 27.5 0
    endloop
  endfacet
  facet normal 0.217718 0.976012 -0
    outer loop
      vertex 37.7189 27.5266 0
      vertex 37.627 27.5471 2.5
      vertex 37.7189 27.5266 2.5
    endloop
  endfacet
  facet normal 0.217718 0.976012 0
    outer loop
      vertex 37.627 27.5471 2.5
      vertex 37.7189 27.5266 0
      vertex 37.627 27.5471 0
    endloop
  endfacet
  facet normal 0.397756 0.917491 -0
    outer loop
      vertex 37.4478 27.6053 0
      vertex 37.3613 27.6428 2.5
      vertex 37.4478 27.6053 2.5
    endloop
  endfacet
  facet normal 0.397756 0.917491 0
    outer loop
      vertex 37.3613 27.6428 2.5
      vertex 37.4478 27.6053 0
      vertex 37.3613 27.6428 0
    endloop
  endfacet
  facet normal -0.999493 0.031831 0
    outer loop
      vertex 39.497 28.9058 0
      vertex 39.5 29 2.5
      vertex 39.5 29 0
    endloop
  endfacet
  facet normal -0.999493 0.031831 0
    outer loop
      vertex 39.5 29 2.5
      vertex 39.497 28.9058 0
      vertex 39.497 28.9058 2.5
    endloop
  endfacet
  facet normal -0.612837 -0.790209 0
    outer loop
      vertex 58.8817 30.2135 0
      vertex 58.9561 30.1558 2.5
      vertex 58.8817 30.2135 2.5
    endloop
  endfacet
  facet normal -0.612837 -0.790209 -0
    outer loop
      vertex 58.9561 30.1558 2.5
      vertex 58.8817 30.2135 0
      vertex 58.9561 30.1558 0
    endloop
  endfacet
  facet normal 0.453576 -0.891218 0
    outer loop
      vertex 57.2774 30.3145 0
      vertex 57.3613 30.3572 2.5
      vertex 57.2774 30.3145 2.5
    endloop
  endfacet
  facet normal 0.453576 -0.891218 0
    outer loop
      vertex 57.3613 30.3572 2.5
      vertex 57.2774 30.3145 0
      vertex 57.3613 30.3572 0
    endloop
  endfacet
  facet normal 0.940996 -0.338419 0
    outer loop
      vertex 56.5734 29.4635 2.5
      vertex 56.6053 29.5522 0
      vertex 56.6053 29.5522 2.5
    endloop
  endfacet
  facet normal 0.940996 -0.338419 0
    outer loop
      vertex 56.6053 29.5522 0
      vertex 56.5734 29.4635 2.5
      vertex 56.5734 29.4635 0
    endloop
  endfacet
  facet normal -0.940996 -0.338419 0
    outer loop
      vertex 59.4266 29.4635 0
      vertex 59.3947 29.5522 2.5
      vertex 59.3947 29.5522 0
    endloop
  endfacet
  facet normal -0.940996 -0.338419 0
    outer loop
      vertex 59.3947 29.5522 2.5
      vertex 59.4266 29.4635 0
      vertex 59.4266 29.4635 2.5
    endloop
  endfacet
  facet normal -0.860567 -0.509337 0
    outer loop
      vertex 59.3145 29.7226 0
      vertex 59.2665 29.8037 2.5
      vertex 59.2665 29.8037 0
    endloop
  endfacet
  facet normal -0.860567 -0.509337 0
    outer loop
      vertex 59.2665 29.8037 2.5
      vertex 59.3145 29.7226 0
      vertex 59.3145 29.7226 2.5
    endloop
  endfacet
  facet normal -0.338419 -0.940996 0
    outer loop
      vertex 58.4635 30.4266 0
      vertex 58.5522 30.3947 2.5
      vertex 58.4635 30.4266 2.5
    endloop
  endfacet
  facet normal -0.338419 -0.940996 -0
    outer loop
      vertex 58.5522 30.3947 2.5
      vertex 58.4635 30.4266 0
      vertex 58.5522 30.3947 0
    endloop
  endfacet
  facet normal 0.790209 -0.612837 0
    outer loop
      vertex 56.7865 29.8817 2.5
      vertex 56.8442 29.9561 0
      vertex 56.8442 29.9561 2.5
    endloop
  endfacet
  facet normal 0.790209 -0.612837 0
    outer loop
      vertex 56.8442 29.9561 0
      vertex 56.7865 29.8817 2.5
      vertex 56.7865 29.8817 0
    endloop
  endfacet
  facet normal 0.217718 -0.976012 0
    outer loop
      vertex 57.627 30.4529 0
      vertex 57.7189 30.4734 2.5
      vertex 57.627 30.4529 2.5
    endloop
  endfacet
  facet normal 0.217718 -0.976012 0
    outer loop
      vertex 57.7189 30.4734 2.5
      vertex 57.627 30.4529 0
      vertex 57.7189 30.4734 0
    endloop
  endfacet
  facet normal -0.995628 0.0934065 0
    outer loop
      vertex 59.4882 28.812 0
      vertex 59.497 28.9058 2.5
      vertex 59.497 28.9058 0
    endloop
  endfacet
  facet normal -0.995628 0.0934065 0
    outer loop
      vertex 59.497 28.9058 2.5
      vertex 59.4882 28.812 0
      vertex 59.4882 28.812 2.5
    endloop
  endfacet
  facet normal -0.790209 0.612837 0
    outer loop
      vertex 59.1558 28.0439 0
      vertex 59.2135 28.1183 2.5
      vertex 59.2135 28.1183 0
    endloop
  endfacet
  facet normal -0.790209 0.612837 0
    outer loop
      vertex 59.2135 28.1183 2.5
      vertex 59.1558 28.0439 0
      vertex 59.1558 28.0439 2.5
    endloop
  endfacet
  facet normal 0.0934065 0.995628 -0
    outer loop
      vertex 57.9058 27.503 0
      vertex 57.812 27.5118 2.5
      vertex 57.9058 27.503 2.5
    endloop
  endfacet
  facet normal 0.0934065 0.995628 0
    outer loop
      vertex 57.812 27.5118 2.5
      vertex 57.9058 27.503 0
      vertex 57.812 27.5118 0
    endloop
  endfacet
  facet normal 0.612837 0.790209 -0
    outer loop
      vertex 57.1183 27.7865 0
      vertex 57.0439 27.8442 2.5
      vertex 57.1183 27.7865 2.5
    endloop
  endfacet
  facet normal 0.612837 0.790209 0
    outer loop
      vertex 57.0439 27.8442 2.5
      vertex 57.1183 27.7865 0
      vertex 57.0439 27.8442 0
    endloop
  endfacet
  facet normal -0.976012 -0.217718 0
    outer loop
      vertex 59.4734 29.2811 0
      vertex 59.4529 29.373 2.5
      vertex 59.4529 29.373 0
    endloop
  endfacet
  facet normal -0.976012 -0.217718 0
    outer loop
      vertex 59.4529 29.373 2.5
      vertex 59.4734 29.2811 0
      vertex 59.4734 29.2811 2.5
    endloop
  endfacet
  facet normal -0.750271 -0.66113 0
    outer loop
      vertex 59.1558 29.9561 0
      vertex 59.0935 30.0268 2.5
      vertex 59.0935 30.0268 0
    endloop
  endfacet
  facet normal -0.750271 -0.66113 0
    outer loop
      vertex 59.0935 30.0268 2.5
      vertex 59.1558 29.9561 0
      vertex 59.1558 29.9561 2.5
    endloop
  endfacet
  facet normal -0.790209 -0.612837 0
    outer loop
      vertex 59.2135 29.8817 0
      vertex 59.1558 29.9561 2.5
      vertex 59.1558 29.9561 0
    endloop
  endfacet
  facet normal -0.790209 -0.612837 0
    outer loop
      vertex 59.1558 29.9561 2.5
      vertex 59.2135 29.8817 0
      vertex 59.2135 29.8817 2.5
    endloop
  endfacet
  facet normal -0.509337 -0.860567 0
    outer loop
      vertex 58.7226 30.3145 0
      vertex 58.8037 30.2665 2.5
      vertex 58.7226 30.3145 2.5
    endloop
  endfacet
  facet normal -0.509337 -0.860567 -0
    outer loop
      vertex 58.8037 30.2665 2.5
      vertex 58.7226 30.3145 0
      vertex 58.8037 30.2665 0
    endloop
  endfacet
  facet normal 0.031831 -0.999493 0
    outer loop
      vertex 57.9058 30.497 0
      vertex 58 30.5 2.5
      vertex 57.9058 30.497 2.5
    endloop
  endfacet
  facet normal 0.031831 -0.999493 0
    outer loop
      vertex 58 30.5 2.5
      vertex 57.9058 30.497 0
      vertex 58 30.5 0
    endloop
  endfacet
  facet normal -0.156997 -0.987599 0
    outer loop
      vertex 58.188 30.4882 0
      vertex 58.2811 30.4734 2.5
      vertex 58.188 30.4882 2.5
    endloop
  endfacet
  facet normal -0.156997 -0.987599 -0
    outer loop
      vertex 58.2811 30.4734 2.5
      vertex 58.188 30.4882 0
      vertex 58.2811 30.4734 0
    endloop
  endfacet
  facet normal 0.999493 -0.031831 0
    outer loop
      vertex 56.5 29 2.5
      vertex 56.503 29.0942 0
      vertex 56.503 29.0942 2.5
    endloop
  endfacet
  facet normal 0.999493 -0.031831 0
    outer loop
      vertex 56.503 29.0942 0
      vertex 56.5 29 2.5
      vertex 56.5 29 0
    endloop
  endfacet
  facet normal 0.987599 -0.156997 0
    outer loop
      vertex 56.5118 29.188 2.5
      vertex 56.5266 29.2811 0
      vertex 56.5266 29.2811 2.5
    endloop
  endfacet
  facet normal 0.987599 -0.156997 0
    outer loop
      vertex 56.5266 29.2811 0
      vertex 56.5118 29.188 2.5
      vertex 56.5118 29.188 0
    endloop
  endfacet
  facet normal 0.860567 -0.509337 0
    outer loop
      vertex 56.6855 29.7226 2.5
      vertex 56.7335 29.8037 0
      vertex 56.7335 29.8037 2.5
    endloop
  endfacet
  facet normal 0.860567 -0.509337 0
    outer loop
      vertex 56.7335 29.8037 0
      vertex 56.6855 29.7226 2.5
      vertex 56.6855 29.7226 0
    endloop
  endfacet
  facet normal 0.156997 -0.987599 0
    outer loop
      vertex 57.7189 30.4734 0
      vertex 57.812 30.4882 2.5
      vertex 57.7189 30.4734 2.5
    endloop
  endfacet
  facet normal 0.156997 -0.987599 0
    outer loop
      vertex 57.812 30.4882 2.5
      vertex 57.7189 30.4734 0
      vertex 57.812 30.4882 0
    endloop
  endfacet
  facet normal 0.612837 -0.790209 0
    outer loop
      vertex 57.0439 30.1558 0
      vertex 57.1183 30.2135 2.5
      vertex 57.0439 30.1558 2.5
    endloop
  endfacet
  facet normal 0.612837 -0.790209 0
    outer loop
      vertex 57.1183 30.2135 2.5
      vertex 57.0439 30.1558 0
      vertex 57.1183 30.2135 0
    endloop
  endfacet
  facet normal 0.66113 -0.750271 0
    outer loop
      vertex 56.9732 30.0935 0
      vertex 57.0439 30.1558 2.5
      vertex 56.9732 30.0935 2.5
    endloop
  endfacet
  facet normal 0.66113 -0.750271 0
    outer loop
      vertex 57.0439 30.1558 2.5
      vertex 56.9732 30.0935 0
      vertex 57.0439 30.1558 0
    endloop
  endfacet
  facet normal 0.56202 -0.827124 0
    outer loop
      vertex 57.1183 30.2135 0
      vertex 57.1963 30.2665 2.5
      vertex 57.1183 30.2135 2.5
    endloop
  endfacet
  facet normal 0.56202 -0.827124 0
    outer loop
      vertex 57.1963 30.2665 2.5
      vertex 57.1183 30.2135 0
      vertex 57.1963 30.2665 0
    endloop
  endfacet
  facet normal -0.999493 -0.031831 0
    outer loop
      vertex 59.5 29 0
      vertex 59.497 29.0942 2.5
      vertex 59.497 29.0942 0
    endloop
  endfacet
  facet normal -0.999493 -0.031831 0
    outer loop
      vertex 59.497 29.0942 2.5
      vertex 59.5 29 0
      vertex 59.5 29 2.5
    endloop
  endfacet
  facet normal -0.217718 0.976012 0
    outer loop
      vertex 58.373 27.5471 0
      vertex 58.2811 27.5266 2.5
      vertex 58.373 27.5471 2.5
    endloop
  endfacet
  facet normal -0.217718 0.976012 0
    outer loop
      vertex 58.2811 27.5266 2.5
      vertex 58.373 27.5471 0
      vertex 58.2811 27.5266 0
    endloop
  endfacet
  facet normal -0.66113 0.750271 0
    outer loop
      vertex 59.0268 27.9065 0
      vertex 58.9561 27.8442 2.5
      vertex 59.0268 27.9065 2.5
    endloop
  endfacet
  facet normal -0.66113 0.750271 0
    outer loop
      vertex 58.9561 27.8442 2.5
      vertex 59.0268 27.9065 0
      vertex 58.9561 27.8442 0
    endloop
  endfacet
  facet normal -0.860567 0.509337 0
    outer loop
      vertex 59.2665 28.1963 0
      vertex 59.3145 28.2774 2.5
      vertex 59.3145 28.2774 0
    endloop
  endfacet
  facet normal -0.860567 0.509337 0
    outer loop
      vertex 59.3145 28.2774 2.5
      vertex 59.2665 28.1963 0
      vertex 59.2665 28.1963 2.5
    endloop
  endfacet
  facet normal 0.031831 0.999493 -0
    outer loop
      vertex 58 27.5 0
      vertex 57.9058 27.503 2.5
      vertex 58 27.5 2.5
    endloop
  endfacet
  facet normal 0.031831 0.999493 0
    outer loop
      vertex 57.9058 27.503 2.5
      vertex 58 27.5 0
      vertex 57.9058 27.503 0
    endloop
  endfacet
  facet normal 0.995628 0.0934065 0
    outer loop
      vertex 56.5118 28.812 2.5
      vertex 56.503 28.9058 0
      vertex 56.503 28.9058 2.5
    endloop
  endfacet
  facet normal 0.995628 0.0934065 0
    outer loop
      vertex 56.503 28.9058 0
      vertex 56.5118 28.812 2.5
      vertex 56.5118 28.812 0
    endloop
  endfacet
  facet normal 0.891218 0.453576 0
    outer loop
      vertex 56.6855 28.2774 2.5
      vertex 56.6428 28.3613 0
      vertex 56.6428 28.3613 2.5
    endloop
  endfacet
  facet normal 0.891218 0.453576 0
    outer loop
      vertex 56.6428 28.3613 0
      vertex 56.6855 28.2774 2.5
      vertex 56.6855 28.2774 0
    endloop
  endfacet
  facet normal 0.750271 0.66113 0
    outer loop
      vertex 56.9065 27.9732 2.5
      vertex 56.8442 28.0439 0
      vertex 56.8442 28.0439 2.5
    endloop
  endfacet
  facet normal 0.750271 0.66113 0
    outer loop
      vertex 56.8442 28.0439 0
      vertex 56.9065 27.9732 2.5
      vertex 56.9065 27.9732 0
    endloop
  endfacet
  facet normal 0.827124 0.56202 0
    outer loop
      vertex 56.7865 28.1183 2.5
      vertex 56.7335 28.1963 0
      vertex 56.7335 28.1963 2.5
    endloop
  endfacet
  facet normal 0.827124 0.56202 0
    outer loop
      vertex 56.7335 28.1963 0
      vertex 56.7865 28.1183 2.5
      vertex 56.7865 28.1183 0
    endloop
  endfacet
  facet normal -0.995628 -0.0934065 0
    outer loop
      vertex 59.497 29.0942 0
      vertex 59.4882 29.188 2.5
      vertex 59.4882 29.188 0
    endloop
  endfacet
  facet normal -0.995628 -0.0934065 0
    outer loop
      vertex 59.4882 29.188 2.5
      vertex 59.497 29.0942 0
      vertex 59.497 29.0942 2.5
    endloop
  endfacet
  facet normal -0.987599 -0.156997 0
    outer loop
      vertex 59.4882 29.188 0
      vertex 59.4734 29.2811 2.5
      vertex 59.4734 29.2811 0
    endloop
  endfacet
  facet normal -0.987599 -0.156997 0
    outer loop
      vertex 59.4734 29.2811 2.5
      vertex 59.4882 29.188 0
      vertex 59.4882 29.188 2.5
    endloop
  endfacet
  facet normal -0.891218 -0.453576 0
    outer loop
      vertex 59.3572 29.6387 0
      vertex 59.3145 29.7226 2.5
      vertex 59.3145 29.7226 0
    endloop
  endfacet
  facet normal -0.891218 -0.453576 0
    outer loop
      vertex 59.3145 29.7226 2.5
      vertex 59.3572 29.6387 0
      vertex 59.3572 29.6387 2.5
    endloop
  endfacet
  facet normal -0.917491 -0.397756 0
    outer loop
      vertex 59.3947 29.5522 0
      vertex 59.3572 29.6387 2.5
      vertex 59.3572 29.6387 0
    endloop
  endfacet
  facet normal -0.917491 -0.397756 0
    outer loop
      vertex 59.3572 29.6387 2.5
      vertex 59.3947 29.5522 0
      vertex 59.3947 29.5522 2.5
    endloop
  endfacet
  facet normal -0.960273 -0.279063 0
    outer loop
      vertex 59.4529 29.373 0
      vertex 59.4266 29.4635 2.5
      vertex 59.4266 29.4635 0
    endloop
  endfacet
  facet normal -0.960273 -0.279063 0
    outer loop
      vertex 59.4266 29.4635 2.5
      vertex 59.4529 29.373 0
      vertex 59.4529 29.373 2.5
    endloop
  endfacet
  facet normal -0.827124 -0.56202 0
    outer loop
      vertex 59.2665 29.8037 0
      vertex 59.2135 29.8817 2.5
      vertex 59.2135 29.8817 0
    endloop
  endfacet
  facet normal -0.827124 -0.56202 0
    outer loop
      vertex 59.2135 29.8817 2.5
      vertex 59.2665 29.8037 0
      vertex 59.2665 29.8037 2.5
    endloop
  endfacet
  facet normal -0.707107 -0.707107 0
    outer loop
      vertex 59.0935 30.0268 0
      vertex 59.0268 30.0935 2.5
      vertex 59.0268 30.0935 0
    endloop
  endfacet
  facet normal -0.707107 -0.707107 0
    outer loop
      vertex 59.0268 30.0935 2.5
      vertex 59.0935 30.0268 0
      vertex 59.0935 30.0268 2.5
    endloop
  endfacet
  facet normal -0.66113 -0.750271 0
    outer loop
      vertex 58.9561 30.1558 0
      vertex 59.0268 30.0935 2.5
      vertex 58.9561 30.1558 2.5
    endloop
  endfacet
  facet normal -0.66113 -0.750271 -0
    outer loop
      vertex 59.0268 30.0935 2.5
      vertex 58.9561 30.1558 0
      vertex 59.0268 30.0935 0
    endloop
  endfacet
  facet normal -0.56202 -0.827124 0
    outer loop
      vertex 58.8037 30.2665 0
      vertex 58.8817 30.2135 2.5
      vertex 58.8037 30.2665 2.5
    endloop
  endfacet
  facet normal -0.56202 -0.827124 -0
    outer loop
      vertex 58.8817 30.2135 2.5
      vertex 58.8037 30.2665 0
      vertex 58.8817 30.2135 0
    endloop
  endfacet
  facet normal -0.397756 -0.917491 0
    outer loop
      vertex 58.5522 30.3947 0
      vertex 58.6387 30.3572 2.5
      vertex 58.5522 30.3947 2.5
    endloop
  endfacet
  facet normal -0.397756 -0.917491 -0
    outer loop
      vertex 58.6387 30.3572 2.5
      vertex 58.5522 30.3947 0
      vertex 58.6387 30.3572 0
    endloop
  endfacet
  facet normal -0.453576 -0.891218 0
    outer loop
      vertex 58.6387 30.3572 0
      vertex 58.7226 30.3145 2.5
      vertex 58.6387 30.3572 2.5
    endloop
  endfacet
  facet normal -0.453576 -0.891218 -0
    outer loop
      vertex 58.7226 30.3145 2.5
      vertex 58.6387 30.3572 0
      vertex 58.7226 30.3145 0
    endloop
  endfacet
  facet normal -0.217718 -0.976012 0
    outer loop
      vertex 58.2811 30.4734 0
      vertex 58.373 30.4529 2.5
      vertex 58.2811 30.4734 2.5
    endloop
  endfacet
  facet normal -0.217718 -0.976012 -0
    outer loop
      vertex 58.373 30.4529 2.5
      vertex 58.2811 30.4734 0
      vertex 58.373 30.4529 0
    endloop
  endfacet
  facet normal -0.279063 -0.960273 0
    outer loop
      vertex 58.373 30.4529 0
      vertex 58.4635 30.4266 2.5
      vertex 58.373 30.4529 2.5
    endloop
  endfacet
  facet normal -0.279063 -0.960273 -0
    outer loop
      vertex 58.4635 30.4266 2.5
      vertex 58.373 30.4529 0
      vertex 58.4635 30.4266 0
    endloop
  endfacet
  facet normal -0.0934065 -0.995628 0
    outer loop
      vertex 58.0942 30.497 0
      vertex 58.188 30.4882 2.5
      vertex 58.0942 30.497 2.5
    endloop
  endfacet
  facet normal -0.0934065 -0.995628 -0
    outer loop
      vertex 58.188 30.4882 2.5
      vertex 58.0942 30.497 0
      vertex 58.188 30.4882 0
    endloop
  endfacet
  facet normal -0.031831 -0.999493 0
    outer loop
      vertex 58 30.5 0
      vertex 58.0942 30.497 2.5
      vertex 58 30.5 2.5
    endloop
  endfacet
  facet normal -0.031831 -0.999493 -0
    outer loop
      vertex 58.0942 30.497 2.5
      vertex 58 30.5 0
      vertex 58.0942 30.497 0
    endloop
  endfacet
  facet normal 0.976012 -0.217718 0
    outer loop
      vertex 56.5266 29.2811 2.5
      vertex 56.5471 29.373 0
      vertex 56.5471 29.373 2.5
    endloop
  endfacet
  facet normal 0.976012 -0.217718 0
    outer loop
      vertex 56.5471 29.373 0
      vertex 56.5266 29.2811 2.5
      vertex 56.5266 29.2811 0
    endloop
  endfacet
  facet normal 0.960273 -0.279063 0
    outer loop
      vertex 56.5471 29.373 2.5
      vertex 56.5734 29.4635 0
      vertex 56.5734 29.4635 2.5
    endloop
  endfacet
  facet normal 0.960273 -0.279063 0
    outer loop
      vertex 56.5734 29.4635 0
      vertex 56.5471 29.373 2.5
      vertex 56.5471 29.373 0
    endloop
  endfacet
  facet normal 0.995628 -0.0934065 0
    outer loop
      vertex 56.503 29.0942 2.5
      vertex 56.5118 29.188 0
      vertex 56.5118 29.188 2.5
    endloop
  endfacet
  facet normal 0.995628 -0.0934065 0
    outer loop
      vertex 56.5118 29.188 0
      vertex 56.503 29.0942 2.5
      vertex 56.503 29.0942 0
    endloop
  endfacet
  facet normal 0.891218 -0.453576 0
    outer loop
      vertex 56.6428 29.6387 2.5
      vertex 56.6855 29.7226 0
      vertex 56.6855 29.7226 2.5
    endloop
  endfacet
  facet normal 0.891218 -0.453576 0
    outer loop
      vertex 56.6855 29.7226 0
      vertex 56.6428 29.6387 2.5
      vertex 56.6428 29.6387 0
    endloop
  endfacet
  facet normal 0.917491 -0.397756 0
    outer loop
      vertex 56.6053 29.5522 2.5
      vertex 56.6428 29.6387 0
      vertex 56.6428 29.6387 2.5
    endloop
  endfacet
  facet normal 0.917491 -0.397756 0
    outer loop
      vertex 56.6428 29.6387 0
      vertex 56.6053 29.5522 2.5
      vertex 56.6053 29.5522 0
    endloop
  endfacet
  facet normal 0.827124 -0.56202 0
    outer loop
      vertex 56.7335 29.8037 2.5
      vertex 56.7865 29.8817 0
      vertex 56.7865 29.8817 2.5
    endloop
  endfacet
  facet normal 0.827124 -0.56202 0
    outer loop
      vertex 56.7865 29.8817 0
      vertex 56.7335 29.8037 2.5
      vertex 56.7335 29.8037 0
    endloop
  endfacet
  facet normal 0.338419 -0.940996 0
    outer loop
      vertex 57.4478 30.3947 0
      vertex 57.5365 30.4266 2.5
      vertex 57.4478 30.3947 2.5
    endloop
  endfacet
  facet normal 0.338419 -0.940996 0
    outer loop
      vertex 57.5365 30.4266 2.5
      vertex 57.4478 30.3947 0
      vertex 57.5365 30.4266 0
    endloop
  endfacet
  facet normal 0.279063 -0.960273 0
    outer loop
      vertex 57.5365 30.4266 0
      vertex 57.627 30.4529 2.5
      vertex 57.5365 30.4266 2.5
    endloop
  endfacet
  facet normal 0.279063 -0.960273 0
    outer loop
      vertex 57.627 30.4529 2.5
      vertex 57.5365 30.4266 0
      vertex 57.627 30.4529 0
    endloop
  endfacet
  facet normal 0.397756 -0.917491 0
    outer loop
      vertex 57.3613 30.3572 0
      vertex 57.4478 30.3947 2.5
      vertex 57.3613 30.3572 2.5
    endloop
  endfacet
  facet normal 0.397756 -0.917491 0
    outer loop
      vertex 57.4478 30.3947 2.5
      vertex 57.3613 30.3572 0
      vertex 57.4478 30.3947 0
    endloop
  endfacet
  facet normal 0.0934065 -0.995628 0
    outer loop
      vertex 57.812 30.4882 0
      vertex 57.9058 30.497 2.5
      vertex 57.812 30.4882 2.5
    endloop
  endfacet
  facet normal 0.0934065 -0.995628 0
    outer loop
      vertex 57.9058 30.497 2.5
      vertex 57.812 30.4882 0
      vertex 57.9058 30.497 0
    endloop
  endfacet
  facet normal 0.509337 -0.860567 0
    outer loop
      vertex 57.1963 30.2665 0
      vertex 57.2774 30.3145 2.5
      vertex 57.1963 30.2665 2.5
    endloop
  endfacet
  facet normal 0.509337 -0.860567 0
    outer loop
      vertex 57.2774 30.3145 2.5
      vertex 57.1963 30.2665 0
      vertex 57.2774 30.3145 0
    endloop
  endfacet
  facet normal 0.707107 -0.707107 0
    outer loop
      vertex 56.9065 30.0268 2.5
      vertex 56.9732 30.0935 0
      vertex 56.9732 30.0935 2.5
    endloop
  endfacet
  facet normal 0.707107 -0.707107 0
    outer loop
      vertex 56.9732 30.0935 0
      vertex 56.9065 30.0268 2.5
      vertex 56.9065 30.0268 0
    endloop
  endfacet
  facet normal 0.750271 -0.66113 0
    outer loop
      vertex 56.8442 29.9561 2.5
      vertex 56.9065 30.0268 0
      vertex 56.9065 30.0268 2.5
    endloop
  endfacet
  facet normal 0.750271 -0.66113 0
    outer loop
      vertex 56.9065 30.0268 0
      vertex 56.8442 29.9561 2.5
      vertex 56.8442 29.9561 0
    endloop
  endfacet
  facet normal -0.0934065 0.995628 0
    outer loop
      vertex 58.188 27.5118 0
      vertex 58.0942 27.503 2.5
      vertex 58.188 27.5118 2.5
    endloop
  endfacet
  facet normal -0.0934065 0.995628 0
    outer loop
      vertex 58.0942 27.503 2.5
      vertex 58.188 27.5118 0
      vertex 58.0942 27.503 0
    endloop
  endfacet
  facet normal -0.987599 0.156997 0
    outer loop
      vertex 59.4734 28.7189 0
      vertex 59.4882 28.812 2.5
      vertex 59.4882 28.812 0
    endloop
  endfacet
  facet normal -0.987599 0.156997 0
    outer loop
      vertex 59.4882 28.812 2.5
      vertex 59.4734 28.7189 0
      vertex 59.4734 28.7189 2.5
    endloop
  endfacet
  facet normal -0.960273 0.279063 0
    outer loop
      vertex 59.4266 28.5365 0
      vertex 59.4529 28.627 2.5
      vertex 59.4529 28.627 0
    endloop
  endfacet
  facet normal -0.960273 0.279063 0
    outer loop
      vertex 59.4529 28.627 2.5
      vertex 59.4266 28.5365 0
      vertex 59.4266 28.5365 2.5
    endloop
  endfacet
  facet normal -0.397756 0.917491 0
    outer loop
      vertex 58.6387 27.6428 0
      vertex 58.5522 27.6053 2.5
      vertex 58.6387 27.6428 2.5
    endloop
  endfacet
  facet normal -0.397756 0.917491 0
    outer loop
      vertex 58.5522 27.6053 2.5
      vertex 58.6387 27.6428 0
      vertex 58.5522 27.6053 0
    endloop
  endfacet
  facet normal -0.279063 0.960273 0
    outer loop
      vertex 58.4635 27.5734 0
      vertex 58.373 27.5471 2.5
      vertex 58.4635 27.5734 2.5
    endloop
  endfacet
  facet normal -0.279063 0.960273 0
    outer loop
      vertex 58.373 27.5471 2.5
      vertex 58.4635 27.5734 0
      vertex 58.373 27.5471 0
    endloop
  endfacet
  facet normal -0.707107 0.707107 0
    outer loop
      vertex 59.0268 27.9065 0
      vertex 59.0935 27.9732 2.5
      vertex 59.0935 27.9732 0
    endloop
  endfacet
  facet normal -0.707107 0.707107 0
    outer loop
      vertex 59.0935 27.9732 2.5
      vertex 59.0268 27.9065 0
      vertex 59.0268 27.9065 2.5
    endloop
  endfacet
  facet normal -0.612837 0.790209 0
    outer loop
      vertex 58.9561 27.8442 0
      vertex 58.8817 27.7865 2.5
      vertex 58.9561 27.8442 2.5
    endloop
  endfacet
  facet normal -0.612837 0.790209 0
    outer loop
      vertex 58.8817 27.7865 2.5
      vertex 58.9561 27.8442 0
      vertex 58.8817 27.7865 0
    endloop
  endfacet
  facet normal -0.509337 0.860567 0
    outer loop
      vertex 58.8037 27.7335 0
      vertex 58.7226 27.6855 2.5
      vertex 58.8037 27.7335 2.5
    endloop
  endfacet
  facet normal -0.509337 0.860567 0
    outer loop
      vertex 58.7226 27.6855 2.5
      vertex 58.8037 27.7335 0
      vertex 58.7226 27.6855 0
    endloop
  endfacet
  facet normal -0.891218 0.453576 0
    outer loop
      vertex 59.3145 28.2774 0
      vertex 59.3572 28.3613 2.5
      vertex 59.3572 28.3613 0
    endloop
  endfacet
  facet normal -0.891218 0.453576 0
    outer loop
      vertex 59.3572 28.3613 2.5
      vertex 59.3145 28.2774 0
      vertex 59.3145 28.2774 2.5
    endloop
  endfacet
  facet normal -0.940996 0.338419 0
    outer loop
      vertex 59.3947 28.4478 0
      vertex 59.4266 28.5365 2.5
      vertex 59.4266 28.5365 0
    endloop
  endfacet
  facet normal -0.940996 0.338419 0
    outer loop
      vertex 59.4266 28.5365 2.5
      vertex 59.3947 28.4478 0
      vertex 59.3947 28.4478 2.5
    endloop
  endfacet
  facet normal -0.827124 0.56202 0
    outer loop
      vertex 59.2135 28.1183 0
      vertex 59.2665 28.1963 2.5
      vertex 59.2665 28.1963 0
    endloop
  endfacet
  facet normal -0.827124 0.56202 0
    outer loop
      vertex 59.2665 28.1963 2.5
      vertex 59.2135 28.1183 0
      vertex 59.2135 28.1183 2.5
    endloop
  endfacet
  facet normal -0.031831 0.999493 0
    outer loop
      vertex 58.0942 27.503 0
      vertex 58 27.5 2.5
      vertex 58.0942 27.503 2.5
    endloop
  endfacet
  facet normal -0.031831 0.999493 0
    outer loop
      vertex 58 27.5 2.5
      vertex 58.0942 27.503 0
      vertex 58 27.5 0
    endloop
  endfacet
  facet normal 0.279063 0.960273 -0
    outer loop
      vertex 57.627 27.5471 0
      vertex 57.5365 27.5734 2.5
      vertex 57.627 27.5471 2.5
    endloop
  endfacet
  facet normal 0.279063 0.960273 0
    outer loop
      vertex 57.5365 27.5734 2.5
      vertex 57.627 27.5471 0
      vertex 57.5365 27.5734 0
    endloop
  endfacet
  facet normal 0.156997 0.987599 -0
    outer loop
      vertex 57.812 27.5118 0
      vertex 57.7189 27.5266 2.5
      vertex 57.812 27.5118 2.5
    endloop
  endfacet
  facet normal 0.156997 0.987599 0
    outer loop
      vertex 57.7189 27.5266 2.5
      vertex 57.812 27.5118 0
      vertex 57.7189 27.5266 0
    endloop
  endfacet
  facet normal 0.453576 0.891218 -0
    outer loop
      vertex 57.3613 27.6428 0
      vertex 57.2774 27.6855 2.5
      vertex 57.3613 27.6428 2.5
    endloop
  endfacet
  facet normal 0.453576 0.891218 0
    outer loop
      vertex 57.2774 27.6855 2.5
      vertex 57.3613 27.6428 0
      vertex 57.2774 27.6855 0
    endloop
  endfacet
  facet normal 0.338419 0.940996 -0
    outer loop
      vertex 57.5365 27.5734 0
      vertex 57.4478 27.6053 2.5
      vertex 57.5365 27.5734 2.5
    endloop
  endfacet
  facet normal 0.338419 0.940996 0
    outer loop
      vertex 57.4478 27.6053 2.5
      vertex 57.5365 27.5734 0
      vertex 57.4478 27.6053 0
    endloop
  endfacet
  facet normal 0.56202 0.827124 -0
    outer loop
      vertex 57.1963 27.7335 0
      vertex 57.1183 27.7865 2.5
      vertex 57.1963 27.7335 2.5
    endloop
  endfacet
  facet normal 0.56202 0.827124 0
    outer loop
      vertex 57.1183 27.7865 2.5
      vertex 57.1963 27.7335 0
      vertex 57.1183 27.7865 0
    endloop
  endfacet
  facet normal 0.509337 0.860567 -0
    outer loop
      vertex 57.2774 27.6855 0
      vertex 57.1963 27.7335 2.5
      vertex 57.2774 27.6855 2.5
    endloop
  endfacet
  facet normal 0.509337 0.860567 0
    outer loop
      vertex 57.1963 27.7335 2.5
      vertex 57.2774 27.6855 0
      vertex 57.1963 27.7335 0
    endloop
  endfacet
  facet normal 0.940996 0.338419 0
    outer loop
      vertex 56.6053 28.4478 2.5
      vertex 56.5734 28.5365 0
      vertex 56.5734 28.5365 2.5
    endloop
  endfacet
  facet normal 0.940996 0.338419 0
    outer loop
      vertex 56.5734 28.5365 0
      vertex 56.6053 28.4478 2.5
      vertex 56.6053 28.4478 0
    endloop
  endfacet
  facet normal 0.960273 0.279063 0
    outer loop
      vertex 56.5734 28.5365 2.5
      vertex 56.5471 28.627 0
      vertex 56.5471 28.627 2.5
    endloop
  endfacet
  facet normal 0.960273 0.279063 0
    outer loop
      vertex 56.5471 28.627 0
      vertex 56.5734 28.5365 2.5
      vertex 56.5734 28.5365 0
    endloop
  endfacet
  facet normal 0.917491 0.397756 0
    outer loop
      vertex 56.6428 28.3613 2.5
      vertex 56.6053 28.4478 0
      vertex 56.6053 28.4478 2.5
    endloop
  endfacet
  facet normal 0.917491 0.397756 0
    outer loop
      vertex 56.6053 28.4478 0
      vertex 56.6428 28.3613 2.5
      vertex 56.6428 28.3613 0
    endloop
  endfacet
  facet normal 0.976012 0.217718 0
    outer loop
      vertex 56.5471 28.627 2.5
      vertex 56.5266 28.7189 0
      vertex 56.5266 28.7189 2.5
    endloop
  endfacet
  facet normal 0.976012 0.217718 0
    outer loop
      vertex 56.5266 28.7189 0
      vertex 56.5471 28.627 2.5
      vertex 56.5471 28.627 0
    endloop
  endfacet
  facet normal 0.987599 0.156997 0
    outer loop
      vertex 56.5266 28.7189 2.5
      vertex 56.5118 28.812 0
      vertex 56.5118 28.812 2.5
    endloop
  endfacet
  facet normal 0.987599 0.156997 0
    outer loop
      vertex 56.5118 28.812 0
      vertex 56.5266 28.7189 2.5
      vertex 56.5266 28.7189 0
    endloop
  endfacet
  facet normal 0.790209 0.612837 0
    outer loop
      vertex 56.8442 28.0439 2.5
      vertex 56.7865 28.1183 0
      vertex 56.7865 28.1183 2.5
    endloop
  endfacet
  facet normal 0.790209 0.612837 0
    outer loop
      vertex 56.7865 28.1183 0
      vertex 56.8442 28.0439 2.5
      vertex 56.8442 28.0439 0
    endloop
  endfacet
  facet normal 0.860567 0.509337 0
    outer loop
      vertex 56.7335 28.1963 2.5
      vertex 56.6855 28.2774 0
      vertex 56.6855 28.2774 2.5
    endloop
  endfacet
  facet normal 0.860567 0.509337 0
    outer loop
      vertex 56.6855 28.2774 0
      vertex 56.7335 28.1963 2.5
      vertex 56.7335 28.1963 0
    endloop
  endfacet
  facet normal 0.707107 0.707107 0
    outer loop
      vertex 56.9732 27.9065 2.5
      vertex 56.9065 27.9732 0
      vertex 56.9065 27.9732 2.5
    endloop
  endfacet
  facet normal 0.707107 0.707107 0
    outer loop
      vertex 56.9065 27.9732 0
      vertex 56.9732 27.9065 2.5
      vertex 56.9732 27.9065 0
    endloop
  endfacet
  facet normal 0.999493 0.031831 0
    outer loop
      vertex 56.503 28.9058 2.5
      vertex 56.5 29 0
      vertex 56.5 29 2.5
    endloop
  endfacet
  facet normal 0.999493 0.031831 0
    outer loop
      vertex 56.5 29 0
      vertex 56.503 28.9058 2.5
      vertex 56.503 28.9058 0
    endloop
  endfacet
  facet normal -0.976012 0.217718 0
    outer loop
      vertex 59.4529 28.627 0
      vertex 59.4734 28.7189 2.5
      vertex 59.4734 28.7189 0
    endloop
  endfacet
  facet normal -0.976012 0.217718 0
    outer loop
      vertex 59.4734 28.7189 2.5
      vertex 59.4529 28.627 0
      vertex 59.4529 28.627 2.5
    endloop
  endfacet
  facet normal -0.156997 0.987599 0
    outer loop
      vertex 58.2811 27.5266 0
      vertex 58.188 27.5118 2.5
      vertex 58.2811 27.5266 2.5
    endloop
  endfacet
  facet normal -0.156997 0.987599 0
    outer loop
      vertex 58.188 27.5118 2.5
      vertex 58.2811 27.5266 0
      vertex 58.188 27.5118 0
    endloop
  endfacet
  facet normal -0.453576 0.891218 0
    outer loop
      vertex 58.7226 27.6855 0
      vertex 58.6387 27.6428 2.5
      vertex 58.7226 27.6855 2.5
    endloop
  endfacet
  facet normal -0.453576 0.891218 0
    outer loop
      vertex 58.6387 27.6428 2.5
      vertex 58.7226 27.6855 0
      vertex 58.6387 27.6428 0
    endloop
  endfacet
  facet normal -0.338419 0.940996 0
    outer loop
      vertex 58.5522 27.6053 0
      vertex 58.4635 27.5734 2.5
      vertex 58.5522 27.6053 2.5
    endloop
  endfacet
  facet normal -0.338419 0.940996 0
    outer loop
      vertex 58.4635 27.5734 2.5
      vertex 58.5522 27.6053 0
      vertex 58.4635 27.5734 0
    endloop
  endfacet
  facet normal -0.750271 0.66113 0
    outer loop
      vertex 59.0935 27.9732 0
      vertex 59.1558 28.0439 2.5
      vertex 59.1558 28.0439 0
    endloop
  endfacet
  facet normal -0.750271 0.66113 0
    outer loop
      vertex 59.1558 28.0439 2.5
      vertex 59.0935 27.9732 0
      vertex 59.0935 27.9732 2.5
    endloop
  endfacet
  facet normal -0.56202 0.827124 0
    outer loop
      vertex 58.8817 27.7865 0
      vertex 58.8037 27.7335 2.5
      vertex 58.8817 27.7865 2.5
    endloop
  endfacet
  facet normal -0.56202 0.827124 0
    outer loop
      vertex 58.8037 27.7335 2.5
      vertex 58.8817 27.7865 0
      vertex 58.8037 27.7335 0
    endloop
  endfacet
  facet normal -0.917491 0.397756 0
    outer loop
      vertex 59.3572 28.3613 0
      vertex 59.3947 28.4478 2.5
      vertex 59.3947 28.4478 0
    endloop
  endfacet
  facet normal -0.917491 0.397756 0
    outer loop
      vertex 59.3947 28.4478 2.5
      vertex 59.3572 28.3613 0
      vertex 59.3572 28.3613 2.5
    endloop
  endfacet
  facet normal 0.217718 0.976012 -0
    outer loop
      vertex 57.7189 27.5266 0
      vertex 57.627 27.5471 2.5
      vertex 57.7189 27.5266 2.5
    endloop
  endfacet
  facet normal 0.217718 0.976012 0
    outer loop
      vertex 57.627 27.5471 2.5
      vertex 57.7189 27.5266 0
      vertex 57.627 27.5471 0
    endloop
  endfacet
  facet normal 0.397756 0.917491 -0
    outer loop
      vertex 57.4478 27.6053 0
      vertex 57.3613 27.6428 2.5
      vertex 57.4478 27.6053 2.5
    endloop
  endfacet
  facet normal 0.397756 0.917491 0
    outer loop
      vertex 57.3613 27.6428 2.5
      vertex 57.4478 27.6053 0
      vertex 57.3613 27.6428 0
    endloop
  endfacet
  facet normal 0.66113 0.750271 -0
    outer loop
      vertex 57.0439 27.8442 0
      vertex 56.9732 27.9065 2.5
      vertex 57.0439 27.8442 2.5
    endloop
  endfacet
  facet normal 0.66113 0.750271 0
    outer loop
      vertex 56.9732 27.9065 2.5
      vertex 57.0439 27.8442 0
      vertex 56.9732 27.9065 0
    endloop
  endfacet
  facet normal -0.999493 0.031831 0
    outer loop
      vertex 59.497 28.9058 0
      vertex 59.5 29 2.5
      vertex 59.5 29 0
    endloop
  endfacet
  facet normal -0.999493 0.031831 0
    outer loop
      vertex 59.5 29 2.5
      vertex 59.497 28.9058 0
      vertex 59.497 28.9058 2.5
    endloop
  endfacet
  facet normal -0.661474 -0.749968 0
    outer loop
      vertex 59.5936 10.9263 2.5
      vertex 59.7114 10.8224 5
      vertex 59.5936 10.9263 5
    endloop
  endfacet
  facet normal -0.661474 -0.749968 -0
    outer loop
      vertex 59.7114 10.8224 5
      vertex 59.5936 10.9263 2.5
      vertex 59.7114 10.8224 2.5
    endloop
  endfacet
  facet normal 0.396839 -0.917888 0
    outer loop
      vertex 56.9356 11.2621 2.5
      vertex 57.0797 11.3244 5
      vertex 56.9356 11.2621 5
    endloop
  endfacet
  facet normal 0.396839 -0.917888 0
    outer loop
      vertex 57.0797 11.3244 5
      vertex 56.9356 11.2621 2.5
      vertex 57.0797 11.3244 2.5
    endloop
  endfacet
  facet normal 0.917878 -0.396862 0
    outer loop
      vertex 55.6756 9.92031 5
      vertex 55.7379 10.0644 2.5
      vertex 55.7379 10.0644 5
    endloop
  endfacet
  facet normal 0.917878 -0.396862 0
    outer loop
      vertex 55.7379 10.0644 2.5
      vertex 55.6756 9.92031 5
      vertex 55.6756 9.92031 2.5
    endloop
  endfacet
  facet normal -0.91759 -0.397527 0
    outer loop
      vertex 60.2621 10.0644 2.5
      vertex 60.29 10 4.58959
      vertex 60.2621 10.0644 5
    endloop
  endfacet
  facet normal -0.917878 -0.396862 2.43608e-05
    outer loop
      vertex 60.3244 9.92031 2.5
      vertex 60.29 10 4.58959
      vertex 60.2621 10.0644 2.5
    endloop
  endfacet
  facet normal -0.918111 -0.396323 0
    outer loop
      vertex 60.29 10 4.58959
      vertex 60.3244 9.92031 2.5
      vertex 60.3244 9.92031 4.61517
    endloop
  endfacet
  facet normal -0.91759 -0.397527 0
    outer loop
      vertex 60.2621 10.0644 5
      vertex 60.29 10 4.58959
      vertex 60.29 10 5
    endloop
  endfacet
  facet normal -0.891093 -0.453821 0
    outer loop
      vertex 60.2621 10.0644 2.5
      vertex 60.1908 10.2044 5
      vertex 60.1908 10.2044 2.5
    endloop
  endfacet
  facet normal -0.891093 -0.453821 0
    outer loop
      vertex 60.1908 10.2044 5
      vertex 60.2621 10.0644 2.5
      vertex 60.2621 10.0644 5
    endloop
  endfacet
  facet normal -0.396839 -0.917888 0
    outer loop
      vertex 58.9203 11.3244 2.5
      vertex 59.0644 11.2621 5
      vertex 58.9203 11.3244 5
    endloop
  endfacet
  facet normal -0.396839 -0.917888 -0
    outer loop
      vertex 59.0644 11.2621 5
      vertex 58.9203 11.3244 2.5
      vertex 59.0644 11.2621 2.5
    endloop
  endfacet
  facet normal 0.749968 -0.661474 0
    outer loop
      vertex 56.0737 10.5936 5
      vertex 56.1776 10.7114 2.5
      vertex 56.1776 10.7114 5
    endloop
  endfacet
  facet normal 0.749968 -0.661474 0
    outer loop
      vertex 56.1776 10.7114 2.5
      vertex 56.0737 10.5936 5
      vertex 56.0737 10.5936 2.5
    endloop
  endfacet
  facet normal 0.217875 -0.975977 0
    outer loop
      vertex 57.3783 11.4215 2.5
      vertex 57.5315 11.4557 5
      vertex 57.3783 11.4215 5
    endloop
  endfacet
  facet normal 0.217875 -0.975977 0
    outer loop
      vertex 57.5315 11.4557 5
      vertex 57.3783 11.4215 2.5
      vertex 57.5315 11.4557 2.5
    endloop
  endfacet
  facet normal -0.999513 0.031199 0
    outer loop
      vertex 60.4951 8.84302 4.72659
      vertex 60.5 9 2.5
      vertex 60.4951 8.84302 2.5
    endloop
  endfacet
  facet normal -0.999513 0.031199 0
    outer loop
      vertex 60.5 9 2.5
      vertex 60.4951 8.84302 4.72659
      vertex 60.5 9 4.72955
    endloop
  endfacet
  facet normal -0.749996 0.661443 0
    outer loop
      vertex 59.8224 7.28863 4.08672
      vertex 59.9263 7.40644 4.23146
      vertex 59.9263 7.40644 2.5
    endloop
  endfacet
  facet normal -0.749996 0.661443 0
    outer loop
      vertex 59.8224 7.28863 4.08672
      vertex 59.9263 7.40644 2.5
      vertex 59.8224 7.28863 2.5
    endloop
  endfacet
  facet normal -0.756798 0.653551 0.0113058
    outer loop
      vertex 59.9263 7.40644 4.23146
      vertex 59.8224 7.28863 4.08672
      vertex 59.8371 7.30523 4.11113
    endloop
  endfacet
  facet normal 0.661331 0.750094 -0
    outer loop
      vertex 56.4064 7.07372 2.5
      vertex 56.2886 7.17758 5
      vertex 56.4064 7.07372 5
    endloop
  endfacet
  facet normal 0.661331 0.750094 0
    outer loop
      vertex 56.2886 7.17758 5
      vertex 56.4064 7.07372 2.5
      vertex 56.2886 7.17758 2.5
    endloop
  endfacet
  facet normal -0.975998 -0.21778 0
    outer loop
      vertex 60.4557 9.46845 2.5
      vertex 60.4215 9.62172 4.68247
      vertex 60.4215 9.62172 2.5
    endloop
  endfacet
  facet normal -0.975998 -0.21778 0
    outer loop
      vertex 60.4215 9.62172 4.68247
      vertex 60.4557 9.46845 2.5
      vertex 60.4557 9.46845 4.70301
    endloop
  endfacet
  facet normal -0.827021 -0.562171 0
    outer loop
      vertex 60.1108 10.3396 2.5
      vertex 60.0225 10.4695 5
      vertex 60.0225 10.4695 2.5
    endloop
  endfacet
  facet normal -0.827021 -0.562171 0
    outer loop
      vertex 60.0225 10.4695 5
      vertex 60.1108 10.3396 2.5
      vertex 60.1108 10.3396 5
    endloop
  endfacet
  facet normal -0.707107 -0.707107 0
    outer loop
      vertex 59.8224 10.7114 2.5
      vertex 59.7114 10.8224 5
      vertex 59.7114 10.8224 2.5
    endloop
  endfacet
  facet normal -0.707107 -0.707107 0
    outer loop
      vertex 59.7114 10.8224 5
      vertex 59.8224 10.7114 2.5
      vertex 59.8224 10.7114 5
    endloop
  endfacet
  facet normal -0.562171 -0.827021 0
    outer loop
      vertex 59.3396 11.1108 2.5
      vertex 59.4695 11.0225 5
      vertex 59.3396 11.1108 5
    endloop
  endfacet
  facet normal -0.562171 -0.827021 -0
    outer loop
      vertex 59.4695 11.0225 5
      vertex 59.3396 11.1108 2.5
      vertex 59.4695 11.0225 2.5
    endloop
  endfacet
  facet normal -0.509244 -0.860622 0
    outer loop
      vertex 59.2044 11.1908 2.5
      vertex 59.3396 11.1108 5
      vertex 59.2044 11.1908 5
    endloop
  endfacet
  facet normal -0.509244 -0.860622 -0
    outer loop
      vertex 59.3396 11.1108 5
      vertex 59.2044 11.1908 2.5
      vertex 59.3396 11.1108 2.5
    endloop
  endfacet
  facet normal -0.031195 -0.999513 0
    outer loop
      vertex 58 11.5 2.5
      vertex 58.157 11.4951 5
      vertex 58 11.5 5
    endloop
  endfacet
  facet normal -0.031195 -0.999513 -0
    outer loop
      vertex 58.157 11.4951 5
      vertex 58 11.5 2.5
      vertex 58.157 11.4951 2.5
    endloop
  endfacet
  facet normal -0.338674 -0.940904 0
    outer loop
      vertex 58.7725 11.3776 2.5
      vertex 58.9203 11.3244 5
      vertex 58.7725 11.3776 5
    endloop
  endfacet
  facet normal -0.338674 -0.940904 -0
    outer loop
      vertex 58.9203 11.3244 5
      vertex 58.7725 11.3776 2.5
      vertex 58.9203 11.3244 2.5
    endloop
  endfacet
  facet normal -0.217875 -0.975977 0
    outer loop
      vertex 58.4685 11.4557 2.5
      vertex 58.6217 11.4215 5
      vertex 58.4685 11.4557 5
    endloop
  endfacet
  facet normal -0.217875 -0.975977 -0
    outer loop
      vertex 58.6217 11.4215 5
      vertex 58.4685 11.4557 2.5
      vertex 58.6217 11.4215 2.5
    endloop
  endfacet
  facet normal 0 0 1
    outer loop
      vertex 59.5 9 2.5
      vertex 60.5 9 2.5
      vertex 60.4951 9.15698 2.5
    endloop
  endfacet
  facet normal 0 0 1
    outer loop
      vertex 59.497 9.09418 2.5
      vertex 60.4951 9.15698 2.5
      vertex 60.4803 9.31333 2.5
    endloop
  endfacet
  facet normal 0 0 1
    outer loop
      vertex 60.5 9 2.5
      vertex 59.5 9 2.5
      vertex 60.4951 8.84302 2.5
    endloop
  endfacet
  facet normal 0 0 1
    outer loop
      vertex 59.4882 9.188 2.5
      vertex 60.4803 9.31333 2.5
      vertex 60.4557 9.46845 2.5
    endloop
  endfacet
  facet normal -0 0 1
    outer loop
      vertex 59.497 8.90581 2.5
      vertex 60.4951 8.84302 2.5
      vertex 59.5 9 2.5
    endloop
  endfacet
  facet normal 0 0 1
    outer loop
      vertex 59.4734 9.28107 2.5
      vertex 60.4557 9.46845 2.5
      vertex 60.4215 9.62172 2.5
    endloop
  endfacet
  facet normal 0 0 1
    outer loop
      vertex 60.4951 8.84302 2.5
      vertex 59.497 8.90581 2.5
      vertex 60.4803 8.68667 2.5
    endloop
  endfacet
  facet normal 0 0 1
    outer loop
      vertex 59.4529 9.37303 2.5
      vertex 60.4215 9.62172 2.5
      vertex 60.3776 9.77254 2.5
    endloop
  endfacet
  facet normal -0 0 1
    outer loop
      vertex 59.4882 8.812 2.5
      vertex 60.4803 8.68667 2.5
      vertex 59.497 8.90581 2.5
    endloop
  endfacet
  facet normal 0 0 1
    outer loop
      vertex 59.4266 9.46352 2.5
      vertex 60.3776 9.77254 2.5
      vertex 60.3244 9.92031 2.5
    endloop
  endfacet
  facet normal 0 0 1
    outer loop
      vertex 60.4803 8.68667 2.5
      vertex 59.4882 8.812 2.5
      vertex 60.4557 8.53155 2.5
    endloop
  endfacet
  facet normal 0 0 1
    outer loop
      vertex 59.3947 9.55219 2.5
      vertex 60.3244 9.92031 2.5
      vertex 60.2621 10.0644 2.5
    endloop
  endfacet
  facet normal -0 0 1
    outer loop
      vertex 59.4734 8.71893 2.5
      vertex 60.4557 8.53155 2.5
      vertex 59.4882 8.812 2.5
    endloop
  endfacet
  facet normal 0 0 1
    outer loop
      vertex 59.3572 9.63867 2.5
      vertex 60.2621 10.0644 2.5
      vertex 60.1908 10.2044 2.5
    endloop
  endfacet
  facet normal 0 0 1
    outer loop
      vertex 60.4557 8.53155 2.5
      vertex 59.4734 8.71893 2.5
      vertex 60.4215 8.37827 2.5
    endloop
  endfacet
  facet normal 0 0 1
    outer loop
      vertex 59.3145 9.72263 2.5
      vertex 60.1908 10.2044 2.5
      vertex 60.1108 10.3396 2.5
    endloop
  endfacet
  facet normal -0 0 1
    outer loop
      vertex 59.4529 8.62696 2.5
      vertex 60.4215 8.37827 2.5
      vertex 59.4734 8.71893 2.5
    endloop
  endfacet
  facet normal 0 0 1
    outer loop
      vertex 59.2665 9.80374 2.5
      vertex 60.1108 10.3396 2.5
      vertex 60.0225 10.4695 2.5
    endloop
  endfacet
  facet normal 0 0 1
    outer loop
      vertex 60.4215 8.37827 2.5
      vertex 59.4529 8.62696 2.5
      vertex 60.3776 8.22746 2.5
    endloop
  endfacet
  facet normal 0 0 1
    outer loop
      vertex 59.2135 9.88168 2.5
      vertex 60.0225 10.4695 2.5
      vertex 59.9263 10.5936 2.5
    endloop
  endfacet
  facet normal -0 0 1
    outer loop
      vertex 59.4266 8.53647 2.5
      vertex 60.3776 8.22746 2.5
      vertex 59.4529 8.62696 2.5
    endloop
  endfacet
  facet normal 0 0 1
    outer loop
      vertex 59.1558 9.95614 2.5
      vertex 59.9263 10.5936 2.5
      vertex 59.8224 10.7114 2.5
    endloop
  endfacet
  facet normal 0 0 1
    outer loop
      vertex 60.3776 8.22746 2.5
      vertex 59.4266 8.53647 2.5
      vertex 60.3244 8.07969 2.5
    endloop
  endfacet
  facet normal 0 0 1
    outer loop
      vertex 59.0935 10.0268 2.5
      vertex 59.8224 10.7114 2.5
      vertex 59.7114 10.8224 2.5
    endloop
  endfacet
  facet normal -0 0 1
    outer loop
      vertex 59.3947 8.44781 2.5
      vertex 60.3244 8.07969 2.5
      vertex 59.4266 8.53647 2.5
    endloop
  endfacet
  facet normal 0 0 1
    outer loop
      vertex 59.0268 10.0935 2.5
      vertex 59.7114 10.8224 2.5
      vertex 59.5936 10.9263 2.5
    endloop
  endfacet
  facet normal 0 0 1
    outer loop
      vertex 60.3244 8.07969 2.5
      vertex 59.3947 8.44781 2.5
      vertex 60.2621 7.93555 2.5
    endloop
  endfacet
  facet normal -0 0 1
    outer loop
      vertex 59.3572 8.36133 2.5
      vertex 60.2621 7.93555 2.5
      vertex 59.3947 8.44781 2.5
    endloop
  endfacet
  facet normal 0 0 1
    outer loop
      vertex 60.4951 9.15698 2.5
      vertex 59.497 9.09418 2.5
      vertex 59.5 9 2.5
    endloop
  endfacet
  facet normal 0 0 1
    outer loop
      vertex 60.4803 9.31333 2.5
      vertex 59.4882 9.188 2.5
      vertex 59.497 9.09418 2.5
    endloop
  endfacet
  facet normal 0 0 1
    outer loop
      vertex 60.4557 9.46845 2.5
      vertex 59.4734 9.28107 2.5
      vertex 59.4882 9.188 2.5
    endloop
  endfacet
  facet normal 0 0 1
    outer loop
      vertex 58.9561 10.1558 2.5
      vertex 59.5936 10.9263 2.5
      vertex 59.4695 11.0225 2.5
    endloop
  endfacet
  facet normal 0 0 1
    outer loop
      vertex 60.4215 9.62172 2.5
      vertex 59.4529 9.37303 2.5
      vertex 59.4734 9.28107 2.5
    endloop
  endfacet
  facet normal 0 0 1
    outer loop
      vertex 60.3776 9.77254 2.5
      vertex 59.4266 9.46352 2.5
      vertex 59.4529 9.37303 2.5
    endloop
  endfacet
  facet normal 0 0 1
    outer loop
      vertex 60.3244 9.92031 2.5
      vertex 59.3947 9.55219 2.5
      vertex 59.4266 9.46352 2.5
    endloop
  endfacet
  facet normal 0 0 1
    outer loop
      vertex 60.2621 10.0644 2.5
      vertex 59.3572 9.63867 2.5
      vertex 59.3947 9.55219 2.5
    endloop
  endfacet
  facet normal 0 0 1
    outer loop
      vertex 58.8817 10.2135 2.5
      vertex 59.4695 11.0225 2.5
      vertex 59.3396 11.1108 2.5
    endloop
  endfacet
  facet normal 0 0 1
    outer loop
      vertex 60.1908 10.2044 2.5
      vertex 59.3145 9.72263 2.5
      vertex 59.3572 9.63867 2.5
    endloop
  endfacet
  facet normal 0 0 1
    outer loop
      vertex 60.1108 10.3396 2.5
      vertex 59.2665 9.80374 2.5
      vertex 59.3145 9.72263 2.5
    endloop
  endfacet
  facet normal 0 0 1
    outer loop
      vertex 60.0225 10.4695 2.5
      vertex 59.2135 9.88168 2.5
      vertex 59.2665 9.80374 2.5
    endloop
  endfacet
  facet normal 0 0 1
    outer loop
      vertex 58.8037 10.2665 2.5
      vertex 59.3396 11.1108 2.5
      vertex 59.2044 11.1908 2.5
    endloop
  endfacet
  facet normal 0 0 1
    outer loop
      vertex 59.9263 10.5936 2.5
      vertex 59.1558 9.95614 2.5
      vertex 59.2135 9.88168 2.5
    endloop
  endfacet
  facet normal 0 0 1
    outer loop
      vertex 59.8224 10.7114 2.5
      vertex 59.0935 10.0268 2.5
      vertex 59.1558 9.95614 2.5
    endloop
  endfacet
  facet normal 0 0 1
    outer loop
      vertex 58.7226 10.3145 2.5
      vertex 59.2044 11.1908 2.5
      vertex 59.0644 11.2621 2.5
    endloop
  endfacet
  facet normal 0 0 1
    outer loop
      vertex 59.7114 10.8224 2.5
      vertex 59.0268 10.0935 2.5
      vertex 59.0935 10.0268 2.5
    endloop
  endfacet
  facet normal 0 0 1
    outer loop
      vertex 59.5936 10.9263 2.5
      vertex 58.9561 10.1558 2.5
      vertex 59.0268 10.0935 2.5
    endloop
  endfacet
  facet normal 0 0 1
    outer loop
      vertex 58.6387 10.3572 2.5
      vertex 59.0644 11.2621 2.5
      vertex 58.9203 11.3244 2.5
    endloop
  endfacet
  facet normal 0 0 1
    outer loop
      vertex 59.4695 11.0225 2.5
      vertex 58.8817 10.2135 2.5
      vertex 58.9561 10.1558 2.5
    endloop
  endfacet
  facet normal 0 0 1
    outer loop
      vertex 59.3396 11.1108 2.5
      vertex 58.8037 10.2665 2.5
      vertex 58.8817 10.2135 2.5
    endloop
  endfacet
  facet normal 0 0 1
    outer loop
      vertex 58.5522 10.3947 2.5
      vertex 58.9203 11.3244 2.5
      vertex 58.7725 11.3776 2.5
    endloop
  endfacet
  facet normal 0 0 1
    outer loop
      vertex 59.2044 11.1908 2.5
      vertex 58.7226 10.3145 2.5
      vertex 58.8037 10.2665 2.5
    endloop
  endfacet
  facet normal 0 0 1
    outer loop
      vertex 59.0644 11.2621 2.5
      vertex 58.6387 10.3572 2.5
      vertex 58.7226 10.3145 2.5
    endloop
  endfacet
  facet normal 0 0 1
    outer loop
      vertex 58.4635 10.4266 2.5
      vertex 58.7725 11.3776 2.5
      vertex 58.6217 11.4215 2.5
    endloop
  endfacet
  facet normal 0 0 1
    outer loop
      vertex 58.9203 11.3244 2.5
      vertex 58.5522 10.3947 2.5
      vertex 58.6387 10.3572 2.5
    endloop
  endfacet
  facet normal 0 0 1
    outer loop
      vertex 58.373 10.4529 2.5
      vertex 58.6217 11.4215 2.5
      vertex 58.4685 11.4557 2.5
    endloop
  endfacet
  facet normal 0 0 1
    outer loop
      vertex 58.7725 11.3776 2.5
      vertex 58.4635 10.4266 2.5
      vertex 58.5522 10.3947 2.5
    endloop
  endfacet
  facet normal 0 0 1
    outer loop
      vertex 58.6217 11.4215 2.5
      vertex 58.373 10.4529 2.5
      vertex 58.4635 10.4266 2.5
    endloop
  endfacet
  facet normal 0 0 1
    outer loop
      vertex 58.2811 10.4734 2.5
      vertex 58.4685 11.4557 2.5
      vertex 58.3133 11.4803 2.5
    endloop
  endfacet
  facet normal 0 0 1
    outer loop
      vertex 58.4685 11.4557 2.5
      vertex 58.2811 10.4734 2.5
      vertex 58.373 10.4529 2.5
    endloop
  endfacet
  facet normal 0 0 1
    outer loop
      vertex 58.3133 11.4803 2.5
      vertex 58.188 10.4882 2.5
      vertex 58.2811 10.4734 2.5
    endloop
  endfacet
  facet normal 0 0 1
    outer loop
      vertex 58.157 11.4951 2.5
      vertex 58.188 10.4882 2.5
      vertex 58.3133 11.4803 2.5
    endloop
  endfacet
  facet normal 0 0 1
    outer loop
      vertex 58.157 11.4951 2.5
      vertex 58.0942 10.497 2.5
      vertex 58.188 10.4882 2.5
    endloop
  endfacet
  facet normal 0 0 1
    outer loop
      vertex 58 11.5 2.5
      vertex 58.0942 10.497 2.5
      vertex 58.157 11.4951 2.5
    endloop
  endfacet
  facet normal 0 0 1
    outer loop
      vertex 58 11.5 2.5
      vertex 58 10.5 2.5
      vertex 58.0942 10.497 2.5
    endloop
  endfacet
  facet normal 0 0 1
    outer loop
      vertex 58 11.5 2.5
      vertex 57.9058 10.497 2.5
      vertex 58 10.5 2.5
    endloop
  endfacet
  facet normal -0 0 1
    outer loop
      vertex 57.843 11.4951 2.5
      vertex 57.9058 10.497 2.5
      vertex 58 11.5 2.5
    endloop
  endfacet
  facet normal 0 0 1
    outer loop
      vertex 57.843 11.4951 2.5
      vertex 57.812 10.4882 2.5
      vertex 57.9058 10.497 2.5
    endloop
  endfacet
  facet normal -0 0 1
    outer loop
      vertex 57.6867 11.4803 2.5
      vertex 57.812 10.4882 2.5
      vertex 57.843 11.4951 2.5
    endloop
  endfacet
  facet normal 0 0 1
    outer loop
      vertex 57.812 10.4882 2.5
      vertex 57.6867 11.4803 2.5
      vertex 57.7189 10.4734 2.5
    endloop
  endfacet
  facet normal -0 0 1
    outer loop
      vertex 57.5315 11.4557 2.5
      vertex 57.7189 10.4734 2.5
      vertex 57.6867 11.4803 2.5
    endloop
  endfacet
  facet normal 0 0 1
    outer loop
      vertex 57.7189 10.4734 2.5
      vertex 57.5315 11.4557 2.5
      vertex 57.627 10.4529 2.5
    endloop
  endfacet
  facet normal -0 0 1
    outer loop
      vertex 57.3783 11.4215 2.5
      vertex 57.627 10.4529 2.5
      vertex 57.5315 11.4557 2.5
    endloop
  endfacet
  facet normal 0 0 1
    outer loop
      vertex 57.627 10.4529 2.5
      vertex 57.3783 11.4215 2.5
      vertex 57.5365 10.4266 2.5
    endloop
  endfacet
  facet normal -0 0 1
    outer loop
      vertex 57.2275 11.3776 2.5
      vertex 57.5365 10.4266 2.5
      vertex 57.3783 11.4215 2.5
    endloop
  endfacet
  facet normal 0 0 1
    outer loop
      vertex 57.5365 10.4266 2.5
      vertex 57.2275 11.3776 2.5
      vertex 57.4478 10.3947 2.5
    endloop
  endfacet
  facet normal -0 0 1
    outer loop
      vertex 57.0797 11.3244 2.5
      vertex 57.4478 10.3947 2.5
      vertex 57.2275 11.3776 2.5
    endloop
  endfacet
  facet normal 0 0 1
    outer loop
      vertex 57.4478 10.3947 2.5
      vertex 57.0797 11.3244 2.5
      vertex 57.3613 10.3572 2.5
    endloop
  endfacet
  facet normal -0 0 1
    outer loop
      vertex 56.9356 11.2621 2.5
      vertex 57.3613 10.3572 2.5
      vertex 57.0797 11.3244 2.5
    endloop
  endfacet
  facet normal 0 0 1
    outer loop
      vertex 57.3613 10.3572 2.5
      vertex 56.9356 11.2621 2.5
      vertex 57.2774 10.3145 2.5
    endloop
  endfacet
  facet normal -0 0 1
    outer loop
      vertex 56.7956 11.1908 2.5
      vertex 57.2774 10.3145 2.5
      vertex 56.9356 11.2621 2.5
    endloop
  endfacet
  facet normal 0 0 1
    outer loop
      vertex 57.2774 10.3145 2.5
      vertex 56.7956 11.1908 2.5
      vertex 57.1963 10.2665 2.5
    endloop
  endfacet
  facet normal -0 0 1
    outer loop
      vertex 56.6604 11.1108 2.5
      vertex 57.1963 10.2665 2.5
      vertex 56.7956 11.1908 2.5
    endloop
  endfacet
  facet normal 0 0 1
    outer loop
      vertex 57.1963 10.2665 2.5
      vertex 56.6604 11.1108 2.5
      vertex 57.1183 10.2135 2.5
    endloop
  endfacet
  facet normal -0 0 1
    outer loop
      vertex 56.5305 11.0225 2.5
      vertex 57.1183 10.2135 2.5
      vertex 56.6604 11.1108 2.5
    endloop
  endfacet
  facet normal 0 0 1
    outer loop
      vertex 57.1183 10.2135 2.5
      vertex 56.5305 11.0225 2.5
      vertex 57.0439 10.1558 2.5
    endloop
  endfacet
  facet normal -0 0 1
    outer loop
      vertex 56.4064 10.9263 2.5
      vertex 57.0439 10.1558 2.5
      vertex 56.5305 11.0225 2.5
    endloop
  endfacet
  facet normal 0 0 1
    outer loop
      vertex 57.0439 10.1558 2.5
      vertex 56.4064 10.9263 2.5
      vertex 56.9732 10.0935 2.5
    endloop
  endfacet
  facet normal -0 0 1
    outer loop
      vertex 56.2886 10.8224 2.5
      vertex 56.9732 10.0935 2.5
      vertex 56.4064 10.9263 2.5
    endloop
  endfacet
  facet normal 0 0 1
    outer loop
      vertex 56.9732 10.0935 2.5
      vertex 56.2886 10.8224 2.5
      vertex 56.9065 10.0268 2.5
    endloop
  endfacet
  facet normal -0 0 1
    outer loop
      vertex 56.1776 10.7114 2.5
      vertex 56.9065 10.0268 2.5
      vertex 56.2886 10.8224 2.5
    endloop
  endfacet
  facet normal 0 0 1
    outer loop
      vertex 56.9065 10.0268 2.5
      vertex 56.1776 10.7114 2.5
      vertex 56.8442 9.95614 2.5
    endloop
  endfacet
  facet normal -0 0 1
    outer loop
      vertex 56.0737 10.5936 2.5
      vertex 56.8442 9.95614 2.5
      vertex 56.1776 10.7114 2.5
    endloop
  endfacet
  facet normal 0 0 1
    outer loop
      vertex 56.8442 9.95614 2.5
      vertex 56.0737 10.5936 2.5
      vertex 56.7865 9.88168 2.5
    endloop
  endfacet
  facet normal -0 0 1
    outer loop
      vertex 55.9775 10.4695 2.5
      vertex 56.7865 9.88168 2.5
      vertex 56.0737 10.5936 2.5
    endloop
  endfacet
  facet normal 0 0 1
    outer loop
      vertex 56.7865 9.88168 2.5
      vertex 55.9775 10.4695 2.5
      vertex 56.7335 9.80374 2.5
    endloop
  endfacet
  facet normal -0 0 1
    outer loop
      vertex 55.8892 10.3396 2.5
      vertex 56.7335 9.80374 2.5
      vertex 55.9775 10.4695 2.5
    endloop
  endfacet
  facet normal 0 0 1
    outer loop
      vertex 56.7335 9.80374 2.5
      vertex 55.8892 10.3396 2.5
      vertex 56.6855 9.72263 2.5
    endloop
  endfacet
  facet normal -0 0 1
    outer loop
      vertex 55.8092 10.2044 2.5
      vertex 56.6855 9.72263 2.5
      vertex 55.8892 10.3396 2.5
    endloop
  endfacet
  facet normal 0 0 1
    outer loop
      vertex 56.6855 9.72263 2.5
      vertex 55.8092 10.2044 2.5
      vertex 56.6428 9.63867 2.5
    endloop
  endfacet
  facet normal -0 0 1
    outer loop
      vertex 55.7379 10.0644 2.5
      vertex 56.6428 9.63867 2.5
      vertex 55.8092 10.2044 2.5
    endloop
  endfacet
  facet normal 0 0 1
    outer loop
      vertex 60.2621 7.93555 2.5
      vertex 59.3572 8.36133 2.5
      vertex 60.1908 7.79562 2.5
    endloop
  endfacet
  facet normal -0 0 1
    outer loop
      vertex 59.3145 8.27737 2.5
      vertex 60.1908 7.79562 2.5
      vertex 59.3572 8.36133 2.5
    endloop
  endfacet
  facet normal 0 0 1
    outer loop
      vertex 60.1908 7.79562 2.5
      vertex 59.3145 8.27737 2.5
      vertex 60.1108 7.66043 2.5
    endloop
  endfacet
  facet normal -0 0 1
    outer loop
      vertex 59.2665 8.19626 2.5
      vertex 60.1108 7.66043 2.5
      vertex 59.3145 8.27737 2.5
    endloop
  endfacet
  facet normal 0 0 1
    outer loop
      vertex 60.1108 7.66043 2.5
      vertex 59.2665 8.19626 2.5
      vertex 60.0225 7.53054 2.5
    endloop
  endfacet
  facet normal -0 0 1
    outer loop
      vertex 59.2135 8.11832 2.5
      vertex 60.0225 7.53054 2.5
      vertex 59.2665 8.19626 2.5
    endloop
  endfacet
  facet normal 0 0 1
    outer loop
      vertex 60.0225 7.53054 2.5
      vertex 59.2135 8.11832 2.5
      vertex 59.9263 7.40644 2.5
    endloop
  endfacet
  facet normal -0 0 1
    outer loop
      vertex 59.1558 8.04386 2.5
      vertex 59.9263 7.40644 2.5
      vertex 59.2135 8.11832 2.5
    endloop
  endfacet
  facet normal 0 0 1
    outer loop
      vertex 59.9263 7.40644 2.5
      vertex 59.1558 8.04386 2.5
      vertex 59.8224 7.28863 2.5
    endloop
  endfacet
  facet normal -0 0 1
    outer loop
      vertex 59.0935 7.97318 2.5
      vertex 59.8224 7.28863 2.5
      vertex 59.1558 8.04386 2.5
    endloop
  endfacet
  facet normal 0 0 1
    outer loop
      vertex 59.8224 7.28863 2.5
      vertex 59.0935 7.97318 2.5
      vertex 59.7114 7.17758 2.5
    endloop
  endfacet
  facet normal -0 0 1
    outer loop
      vertex 59.0268 7.90655 2.5
      vertex 59.7114 7.17758 2.5
      vertex 59.0935 7.97318 2.5
    endloop
  endfacet
  facet normal 0 0 1
    outer loop
      vertex 59.7114 7.17758 2.5
      vertex 59.0268 7.90655 2.5
      vertex 59.5936 7.07372 2.5
    endloop
  endfacet
  facet normal -0 0 1
    outer loop
      vertex 58.9561 7.84423 2.5
      vertex 59.5936 7.07372 2.5
      vertex 59.0268 7.90655 2.5
    endloop
  endfacet
  facet normal 0 0 1
    outer loop
      vertex 59.5936 7.07372 2.5
      vertex 58.9561 7.84423 2.5
      vertex 59.4695 6.97746 2.5
    endloop
  endfacet
  facet normal -0 0 1
    outer loop
      vertex 58.8817 7.78647 2.5
      vertex 59.4695 6.97746 2.5
      vertex 58.9561 7.84423 2.5
    endloop
  endfacet
  facet normal 0 0 1
    outer loop
      vertex 59.4695 6.97746 2.5
      vertex 58.8817 7.78647 2.5
      vertex 59.3396 6.88918 2.5
    endloop
  endfacet
  facet normal -0 0 1
    outer loop
      vertex 58.8037 7.73351 2.5
      vertex 59.3396 6.88918 2.5
      vertex 58.8817 7.78647 2.5
    endloop
  endfacet
  facet normal 0 0 1
    outer loop
      vertex 59.3396 6.88918 2.5
      vertex 58.8037 7.73351 2.5
      vertex 59.2044 6.80923 2.5
    endloop
  endfacet
  facet normal -0 0 1
    outer loop
      vertex 58.7226 7.68554 2.5
      vertex 59.2044 6.80923 2.5
      vertex 58.8037 7.73351 2.5
    endloop
  endfacet
  facet normal 0 0 1
    outer loop
      vertex 59.2044 6.80923 2.5
      vertex 58.7226 7.68554 2.5
      vertex 59.0644 6.73793 2.5
    endloop
  endfacet
  facet normal -0 0 1
    outer loop
      vertex 58.6387 7.64276 2.5
      vertex 59.0644 6.73793 2.5
      vertex 58.7226 7.68554 2.5
    endloop
  endfacet
  facet normal 0 0 1
    outer loop
      vertex 59.0644 6.73793 2.5
      vertex 58.6387 7.64276 2.5
      vertex 58.9203 6.67556 2.5
    endloop
  endfacet
  facet normal -0 0 1
    outer loop
      vertex 58.5522 7.60534 2.5
      vertex 58.9203 6.67556 2.5
      vertex 58.6387 7.64276 2.5
    endloop
  endfacet
  facet normal 0 0 1
    outer loop
      vertex 58.9203 6.67556 2.5
      vertex 58.5522 7.60534 2.5
      vertex 58.7725 6.62236 2.5
    endloop
  endfacet
  facet normal -0 0 1
    outer loop
      vertex 58.4635 7.57341 2.5
      vertex 58.7725 6.62236 2.5
      vertex 58.5522 7.60534 2.5
    endloop
  endfacet
  facet normal 0 0 1
    outer loop
      vertex 58.7725 6.62236 2.5
      vertex 58.4635 7.57341 2.5
      vertex 58.6217 6.57854 2.5
    endloop
  endfacet
  facet normal -0 0 1
    outer loop
      vertex 58.373 7.54712 2.5
      vertex 58.6217 6.57854 2.5
      vertex 58.4635 7.57341 2.5
    endloop
  endfacet
  facet normal 0 0 1
    outer loop
      vertex 58.6217 6.57854 2.5
      vertex 58.373 7.54712 2.5
      vertex 58.4685 6.54428 2.5
    endloop
  endfacet
  facet normal -0 0 1
    outer loop
      vertex 58.2811 7.52657 2.5
      vertex 58.4685 6.54428 2.5
      vertex 58.373 7.54712 2.5
    endloop
  endfacet
  facet normal 0 0 1
    outer loop
      vertex 58.4685 6.54428 2.5
      vertex 58.2811 7.52657 2.5
      vertex 58.3133 6.51971 2.5
    endloop
  endfacet
  facet normal -0 0 1
    outer loop
      vertex 58.188 7.51183 2.5
      vertex 58.3133 6.51971 2.5
      vertex 58.2811 7.52657 2.5
    endloop
  endfacet
  facet normal 0 0 1
    outer loop
      vertex 58.188 7.51183 2.5
      vertex 58.157 6.50493 2.5
      vertex 58.3133 6.51971 2.5
    endloop
  endfacet
  facet normal -0 0 1
    outer loop
      vertex 58.0942 7.50296 2.5
      vertex 58.157 6.50493 2.5
      vertex 58.188 7.51183 2.5
    endloop
  endfacet
  facet normal -0 0 1
    outer loop
      vertex 58 7.5 2.5
      vertex 58.157 6.50493 2.5
      vertex 58.0942 7.50296 2.5
    endloop
  endfacet
  facet normal 0 0 1
    outer loop
      vertex 58 7.5 2.5
      vertex 58 6.5 2.5
      vertex 58.157 6.50493 2.5
    endloop
  endfacet
  facet normal 0 0 1
    outer loop
      vertex 57.9058 7.50296 2.5
      vertex 58 6.5 2.5
      vertex 58 7.5 2.5
    endloop
  endfacet
  facet normal 0 0 1
    outer loop
      vertex 57.9058 7.50296 2.5
      vertex 57.843 6.50493 2.5
      vertex 58 6.5 2.5
    endloop
  endfacet
  facet normal 0 0 1
    outer loop
      vertex 57.812 7.51183 2.5
      vertex 57.843 6.50493 2.5
      vertex 57.9058 7.50296 2.5
    endloop
  endfacet
  facet normal 0 0 1
    outer loop
      vertex 57.6867 6.51971 2.5
      vertex 57.812 7.51183 2.5
      vertex 57.7189 7.52657 2.5
    endloop
  endfacet
  facet normal 0 0 1
    outer loop
      vertex 57.812 7.51183 2.5
      vertex 57.6867 6.51971 2.5
      vertex 57.843 6.50493 2.5
    endloop
  endfacet
  facet normal 0 0 1
    outer loop
      vertex 57.5315 6.54428 2.5
      vertex 57.7189 7.52657 2.5
      vertex 57.627 7.54712 2.5
    endloop
  endfacet
  facet normal 0 0 1
    outer loop
      vertex 57.3783 6.57854 2.5
      vertex 57.627 7.54712 2.5
      vertex 57.5365 7.57341 2.5
    endloop
  endfacet
  facet normal 0 0 1
    outer loop
      vertex 57.7189 7.52657 2.5
      vertex 57.5315 6.54428 2.5
      vertex 57.6867 6.51971 2.5
    endloop
  endfacet
  facet normal 0 0 1
    outer loop
      vertex 57.2275 6.62236 2.5
      vertex 57.5365 7.57341 2.5
      vertex 57.4478 7.60534 2.5
    endloop
  endfacet
  facet normal 0 0 1
    outer loop
      vertex 57.627 7.54712 2.5
      vertex 57.3783 6.57854 2.5
      vertex 57.5315 6.54428 2.5
    endloop
  endfacet
  facet normal 0 0 1
    outer loop
      vertex 57.0797 6.67556 2.5
      vertex 57.4478 7.60534 2.5
      vertex 57.3613 7.64276 2.5
    endloop
  endfacet
  facet normal 0 0 1
    outer loop
      vertex 56.9356 6.73793 2.5
      vertex 57.3613 7.64276 2.5
      vertex 57.2774 7.68554 2.5
    endloop
  endfacet
  facet normal 0 0 1
    outer loop
      vertex 57.5365 7.57341 2.5
      vertex 57.2275 6.62236 2.5
      vertex 57.3783 6.57854 2.5
    endloop
  endfacet
  facet normal 0 0 1
    outer loop
      vertex 56.7956 6.80923 2.5
      vertex 57.2774 7.68554 2.5
      vertex 57.1963 7.73351 2.5
    endloop
  endfacet
  facet normal 0 0 1
    outer loop
      vertex 56.6604 6.88918 2.5
      vertex 57.1963 7.73351 2.5
      vertex 57.1183 7.78647 2.5
    endloop
  endfacet
  facet normal 0 0 1
    outer loop
      vertex 57.4478 7.60534 2.5
      vertex 57.0797 6.67556 2.5
      vertex 57.2275 6.62236 2.5
    endloop
  endfacet
  facet normal 0 0 1
    outer loop
      vertex 56.5305 6.97746 2.5
      vertex 57.1183 7.78647 2.5
      vertex 57.0439 7.84423 2.5
    endloop
  endfacet
  facet normal 0 0 1
    outer loop
      vertex 56.4064 7.07372 2.5
      vertex 57.0439 7.84423 2.5
      vertex 56.9732 7.90655 2.5
    endloop
  endfacet
  facet normal 0 0 1
    outer loop
      vertex 57.3613 7.64276 2.5
      vertex 56.9356 6.73793 2.5
      vertex 57.0797 6.67556 2.5
    endloop
  endfacet
  facet normal 0 0 1
    outer loop
      vertex 56.2886 7.17758 2.5
      vertex 56.9732 7.90655 2.5
      vertex 56.9065 7.97318 2.5
    endloop
  endfacet
  facet normal 0 0 1
    outer loop
      vertex 56.1776 7.28863 2.5
      vertex 56.9065 7.97318 2.5
      vertex 56.8442 8.04386 2.5
    endloop
  endfacet
  facet normal 0 0 1
    outer loop
      vertex 57.2774 7.68554 2.5
      vertex 56.7956 6.80923 2.5
      vertex 56.9356 6.73793 2.5
    endloop
  endfacet
  facet normal 0 0 1
    outer loop
      vertex 56.0737 7.40644 2.5
      vertex 56.8442 8.04386 2.5
      vertex 56.7865 8.11832 2.5
    endloop
  endfacet
  facet normal 0 0 1
    outer loop
      vertex 55.9775 7.53054 2.5
      vertex 56.7865 8.11832 2.5
      vertex 56.7335 8.19626 2.5
    endloop
  endfacet
  facet normal 0 0 1
    outer loop
      vertex 55.8892 7.66043 2.5
      vertex 56.7335 8.19626 2.5
      vertex 56.6855 8.27737 2.5
    endloop
  endfacet
  facet normal 0 0 1
    outer loop
      vertex 57.1963 7.73351 2.5
      vertex 56.6604 6.88918 2.5
      vertex 56.7956 6.80923 2.5
    endloop
  endfacet
  facet normal 0 0 1
    outer loop
      vertex 55.8092 7.79562 2.5
      vertex 56.6855 8.27737 2.5
      vertex 56.6428 8.36133 2.5
    endloop
  endfacet
  facet normal 0 0 1
    outer loop
      vertex 55.7379 7.93555 2.5
      vertex 56.6428 8.36133 2.5
      vertex 56.6053 8.44781 2.5
    endloop
  endfacet
  facet normal 0 0 1
    outer loop
      vertex 55.6756 8.07969 2.5
      vertex 56.6053 8.44781 2.5
      vertex 56.5734 8.53647 2.5
    endloop
  endfacet
  facet normal 0 0 1
    outer loop
      vertex 55.6224 8.22746 2.5
      vertex 56.5734 8.53647 2.5
      vertex 56.5471 8.62696 2.5
    endloop
  endfacet
  facet normal 0 0 1
    outer loop
      vertex 57.1183 7.78647 2.5
      vertex 56.5305 6.97746 2.5
      vertex 56.6604 6.88918 2.5
    endloop
  endfacet
  facet normal 0 0 1
    outer loop
      vertex 55.5785 8.37827 2.5
      vertex 56.5471 8.62696 2.5
      vertex 56.5266 8.71893 2.5
    endloop
  endfacet
  facet normal 0 0 1
    outer loop
      vertex 55.5443 8.53155 2.5
      vertex 56.5266 8.71893 2.5
      vertex 56.5118 8.812 2.5
    endloop
  endfacet
  facet normal 0 0 1
    outer loop
      vertex 55.5197 8.68667 2.5
      vertex 56.5118 8.812 2.5
      vertex 56.503 8.90581 2.5
    endloop
  endfacet
  facet normal 0 0 1
    outer loop
      vertex 55.5049 8.84302 2.5
      vertex 56.503 8.90581 2.5
      vertex 56.5 9 2.5
    endloop
  endfacet
  facet normal 0 0 1
    outer loop
      vertex 56.6428 9.63867 2.5
      vertex 55.7379 10.0644 2.5
      vertex 56.6053 9.55219 2.5
    endloop
  endfacet
  facet normal 0 0 1
    outer loop
      vertex 57.0439 7.84423 2.5
      vertex 56.4064 7.07372 2.5
      vertex 56.5305 6.97746 2.5
    endloop
  endfacet
  facet normal -0 0 1
    outer loop
      vertex 55.6756 9.92031 2.5
      vertex 56.6053 9.55219 2.5
      vertex 55.7379 10.0644 2.5
    endloop
  endfacet
  facet normal 0 0 1
    outer loop
      vertex 56.9732 7.90655 2.5
      vertex 56.2886 7.17758 2.5
      vertex 56.4064 7.07372 2.5
    endloop
  endfacet
  facet normal 0 0 1
    outer loop
      vertex 56.6053 9.55219 2.5
      vertex 55.6756 9.92031 2.5
      vertex 56.5734 9.46352 2.5
    endloop
  endfacet
  facet normal 0 0 1
    outer loop
      vertex 56.9065 7.97318 2.5
      vertex 56.1776 7.28863 2.5
      vertex 56.2886 7.17758 2.5
    endloop
  endfacet
  facet normal -0 0 1
    outer loop
      vertex 55.6224 9.77254 2.5
      vertex 56.5734 9.46352 2.5
      vertex 55.6756 9.92031 2.5
    endloop
  endfacet
  facet normal 0 0 1
    outer loop
      vertex 56.8442 8.04386 2.5
      vertex 56.0737 7.40644 2.5
      vertex 56.1776 7.28863 2.5
    endloop
  endfacet
  facet normal 0 0 1
    outer loop
      vertex 56.5734 9.46352 2.5
      vertex 55.6224 9.77254 2.5
      vertex 56.5471 9.37303 2.5
    endloop
  endfacet
  facet normal 0 0 1
    outer loop
      vertex 56.7865 8.11832 2.5
      vertex 55.9775 7.53054 2.5
      vertex 56.0737 7.40644 2.5
    endloop
  endfacet
  facet normal -0 0 1
    outer loop
      vertex 55.5785 9.62172 2.5
      vertex 56.5471 9.37303 2.5
      vertex 55.6224 9.77254 2.5
    endloop
  endfacet
  facet normal 0 0 1
    outer loop
      vertex 56.7335 8.19626 2.5
      vertex 55.8892 7.66043 2.5
      vertex 55.9775 7.53054 2.5
    endloop
  endfacet
  facet normal 0 0 1
    outer loop
      vertex 56.5471 9.37303 2.5
      vertex 55.5785 9.62172 2.5
      vertex 56.5266 9.28107 2.5
    endloop
  endfacet
  facet normal 0 0 1
    outer loop
      vertex 56.6855 8.27737 2.5
      vertex 55.8092 7.79562 2.5
      vertex 55.8892 7.66043 2.5
    endloop
  endfacet
  facet normal -0 0 1
    outer loop
      vertex 55.5443 9.46845 2.5
      vertex 56.5266 9.28107 2.5
      vertex 55.5785 9.62172 2.5
    endloop
  endfacet
  facet normal 0 0 1
    outer loop
      vertex 56.6428 8.36133 2.5
      vertex 55.7379 7.93555 2.5
      vertex 55.8092 7.79562 2.5
    endloop
  endfacet
  facet normal 0 0 1
    outer loop
      vertex 56.5266 9.28107 2.5
      vertex 55.5443 9.46845 2.5
      vertex 56.5118 9.188 2.5
    endloop
  endfacet
  facet normal 0 0 1
    outer loop
      vertex 56.6053 8.44781 2.5
      vertex 55.6756 8.07969 2.5
      vertex 55.7379 7.93555 2.5
    endloop
  endfacet
  facet normal -0 0 1
    outer loop
      vertex 55.5197 9.31333 2.5
      vertex 56.5118 9.188 2.5
      vertex 55.5443 9.46845 2.5
    endloop
  endfacet
  facet normal 0 0 1
    outer loop
      vertex 56.5734 8.53647 2.5
      vertex 55.6224 8.22746 2.5
      vertex 55.6756 8.07969 2.5
    endloop
  endfacet
  facet normal 0 0 1
    outer loop
      vertex 56.5118 9.188 2.5
      vertex 55.5197 9.31333 2.5
      vertex 56.503 9.09418 2.5
    endloop
  endfacet
  facet normal 0 0 1
    outer loop
      vertex 56.5471 8.62696 2.5
      vertex 55.5785 8.37827 2.5
      vertex 55.6224 8.22746 2.5
    endloop
  endfacet
  facet normal -0 0 1
    outer loop
      vertex 55.5049 9.15698 2.5
      vertex 56.503 9.09418 2.5
      vertex 55.5197 9.31333 2.5
    endloop
  endfacet
  facet normal 0 0 1
    outer loop
      vertex 56.5266 8.71893 2.5
      vertex 55.5443 8.53155 2.5
      vertex 55.5785 8.37827 2.5
    endloop
  endfacet
  facet normal 0 0 1
    outer loop
      vertex 56.503 9.09418 2.5
      vertex 55.5049 9.15698 2.5
      vertex 56.5 9 2.5
    endloop
  endfacet
  facet normal 0 0 1
    outer loop
      vertex 56.5118 8.812 2.5
      vertex 55.5197 8.68667 2.5
      vertex 55.5443 8.53155 2.5
    endloop
  endfacet
  facet normal 0 0 1
    outer loop
      vertex 55.5 9 2.5
      vertex 56.5 9 2.5
      vertex 55.5049 9.15698 2.5
    endloop
  endfacet
  facet normal 0 0 1
    outer loop
      vertex 56.503 8.90581 2.5
      vertex 55.5049 8.84302 2.5
      vertex 55.5197 8.68667 2.5
    endloop
  endfacet
  facet normal 0 0 1
    outer loop
      vertex 56.5 9 2.5
      vertex 55.5 9 2.5
      vertex 55.5049 8.84302 2.5
    endloop
  endfacet
  facet normal 0.940882 -0.338735 0
    outer loop
      vertex 55.6224 9.77254 5
      vertex 55.6756 9.92031 2.5
      vertex 55.6756 9.92031 5
    endloop
  endfacet
  facet normal 0.940882 -0.338735 0
    outer loop
      vertex 55.6756 9.92031 2.5
      vertex 55.6224 9.77254 5
      vertex 55.6224 9.77254 2.5
    endloop
  endfacet
  facet normal 0.975998 -0.21778 0
    outer loop
      vertex 55.5443 9.46845 5
      vertex 55.5785 9.62172 2.5
      vertex 55.5785 9.62172 5
    endloop
  endfacet
  facet normal 0.975998 -0.21778 0
    outer loop
      vertex 55.5785 9.62172 2.5
      vertex 55.5443 9.46845 5
      vertex 55.5443 9.46845 2.5
    endloop
  endfacet
  facet normal 0.860622 -0.509244 0
    outer loop
      vertex 55.8092 10.2044 5
      vertex 55.8892 10.3396 2.5
      vertex 55.8892 10.3396 5
    endloop
  endfacet
  facet normal 0.860622 -0.509244 0
    outer loop
      vertex 55.8892 10.3396 2.5
      vertex 55.8092 10.2044 5
      vertex 55.8092 10.2044 2.5
    endloop
  endfacet
  facet normal 0.827021 -0.562171 0
    outer loop
      vertex 55.8892 10.3396 5
      vertex 55.9775 10.4695 2.5
      vertex 55.9775 10.4695 5
    endloop
  endfacet
  facet normal 0.827021 -0.562171 0
    outer loop
      vertex 55.9775 10.4695 2.5
      vertex 55.8892 10.3396 5
      vertex 55.8892 10.3396 2.5
    endloop
  endfacet
  facet normal 0.156551 -0.98767 0
    outer loop
      vertex 57.5315 11.4557 2.5
      vertex 57.6867 11.4803 5
      vertex 57.5315 11.4557 5
    endloop
  endfacet
  facet normal 0.156551 -0.98767 0
    outer loop
      vertex 57.6867 11.4803 5
      vertex 57.5315 11.4557 2.5
      vertex 57.6867 11.4803 2.5
    endloop
  endfacet
  facet normal 0.562171 -0.827021 0
    outer loop
      vertex 56.5305 11.0225 2.5
      vertex 56.6604 11.1108 5
      vertex 56.5305 11.0225 5
    endloop
  endfacet
  facet normal 0.562171 -0.827021 0
    outer loop
      vertex 56.6604 11.1108 5
      vertex 56.5305 11.0225 2.5
      vertex 56.6604 11.1108 2.5
    endloop
  endfacet
  facet normal 0.453821 -0.891093 0
    outer loop
      vertex 56.7956 11.1908 2.5
      vertex 56.9356 11.2621 5
      vertex 56.7956 11.1908 5
    endloop
  endfacet
  facet normal 0.453821 -0.891093 0
    outer loop
      vertex 56.9356 11.2621 5
      vertex 56.7956 11.1908 2.5
      vertex 56.9356 11.2621 2.5
    endloop
  endfacet
  facet normal 0.707107 -0.707107 0
    outer loop
      vertex 56.1776 10.7114 5
      vertex 56.2886 10.8224 2.5
      vertex 56.2886 10.8224 5
    endloop
  endfacet
  facet normal 0.707107 -0.707107 0
    outer loop
      vertex 56.2886 10.8224 2.5
      vertex 56.1776 10.7114 5
      vertex 56.1776 10.7114 2.5
    endloop
  endfacet
  facet normal -0.940882 0.338735 0
    outer loop
      vertex 60.3244 8.07969 4.61517
      vertex 60.3776 8.22746 2.5
      vertex 60.3244 8.07969 2.5
    endloop
  endfacet
  facet normal -0.940882 0.338735 0
    outer loop
      vertex 60.3776 8.22746 2.5
      vertex 60.3244 8.07969 4.61517
      vertex 60.3776 8.22746 4.65462
    endloop
  endfacet
  facet normal -0.218239 0.975895 0
    outer loop
      vertex 58.6217 6.57854 2.5
      vertex 58.4685 6.54428 5
      vertex 58.6217 6.57854 5
    endloop
  endfacet
  facet normal -0.218239 0.975895 0
    outer loop
      vertex 58.4685 6.54428 5
      vertex 58.6217 6.57854 2.5
      vertex 58.4685 6.54428 2.5
    endloop
  endfacet
  facet normal -0.453821 0.891093 0
    outer loop
      vertex 59.2044 6.80923 2.5
      vertex 59.0644 6.73793 5
      vertex 59.2044 6.80923 5
    endloop
  endfacet
  facet normal -0.453821 0.891093 0
    outer loop
      vertex 59.0644 6.73793 5
      vertex 59.2044 6.80923 2.5
      vertex 59.0644 6.73793 2.5
    endloop
  endfacet
  facet normal -0.860606 0.509272 0
    outer loop
      vertex 60.1108 7.66043 4.43689
      vertex 60.1908 7.79562 2.5
      vertex 60.1108 7.66043 2.5
    endloop
  endfacet
  facet normal -0.860606 0.509272 0
    outer loop
      vertex 60.1908 7.79562 2.5
      vertex 60.1108 7.66043 4.43689
      vertex 60.1908 7.79562 4.50937
    endloop
  endfacet
  facet normal 0.0313858 0.999507 -0
    outer loop
      vertex 58 6.5 2.5
      vertex 57.843 6.50493 5
      vertex 58 6.5 5
    endloop
  endfacet
  facet normal 0.0313858 0.999507 0
    outer loop
      vertex 57.843 6.50493 5
      vertex 58 6.5 2.5
      vertex 57.843 6.50493 2.5
    endloop
  endfacet
  facet normal 0.338674 0.940904 -0
    outer loop
      vertex 57.2275 6.62236 2.5
      vertex 57.0797 6.67556 5
      vertex 57.2275 6.62236 5
    endloop
  endfacet
  facet normal 0.338674 0.940904 0
    outer loop
      vertex 57.0797 6.67556 5
      vertex 57.2275 6.62236 2.5
      vertex 57.0797 6.67556 2.5
    endloop
  endfacet
  facet normal 0.509008 0.860762 -0
    outer loop
      vertex 56.7956 6.80923 2.5
      vertex 56.6604 6.88918 5
      vertex 56.7956 6.80923 5
    endloop
  endfacet
  facet normal 0.509008 0.860762 0
    outer loop
      vertex 56.6604 6.88918 5
      vertex 56.7956 6.80923 2.5
      vertex 56.6604 6.88918 2.5
    endloop
  endfacet
  facet normal 0.891001 0.454001 0
    outer loop
      vertex 55.8092 7.79562 5
      vertex 55.7379 7.93555 2.5
      vertex 55.7379 7.93555 5
    endloop
  endfacet
  facet normal 0.891001 0.454001 0
    outer loop
      vertex 55.7379 7.93555 2.5
      vertex 55.8092 7.79562 5
      vertex 55.8092 7.79562 2.5
    endloop
  endfacet
  facet normal -0.99555 -0.0942382 0
    outer loop
      vertex 60.4951 9.15698 2.5
      vertex 60.4803 9.31333 4.71774
      vertex 60.4803 9.31333 2.5
    endloop
  endfacet
  facet normal -0.99555 -0.0942382 0
    outer loop
      vertex 60.4803 9.31333 4.71774
      vertex 60.4951 9.15698 2.5
      vertex 60.4951 9.15698 4.72659
    endloop
  endfacet
  facet normal -0.987657 -0.15663 0
    outer loop
      vertex 60.4803 9.31333 2.5
      vertex 60.4557 9.46845 4.70301
      vertex 60.4557 9.46845 2.5
    endloop
  endfacet
  facet normal -0.987657 -0.15663 0
    outer loop
      vertex 60.4557 9.46845 4.70301
      vertex 60.4803 9.31333 2.5
      vertex 60.4803 9.31333 4.71774
    endloop
  endfacet
  facet normal -0.940882 -0.338735 0
    outer loop
      vertex 60.3776 9.77254 2.5
      vertex 60.3244 9.92031 4.61517
      vertex 60.3244 9.92031 2.5
    endloop
  endfacet
  facet normal -0.940882 -0.338735 0
    outer loop
      vertex 60.3244 9.92031 4.61517
      vertex 60.3776 9.77254 2.5
      vertex 60.3776 9.77254 4.65462
    endloop
  endfacet
  facet normal -0.960152 -0.279477 0
    outer loop
      vertex 60.4215 9.62172 2.5
      vertex 60.3776 9.77254 4.65462
      vertex 60.3776 9.77254 2.5
    endloop
  endfacet
  facet normal -0.959727 -0.280933 0.000110568
    outer loop
      vertex 60.3776 9.77254 4.65462
      vertex 60.4215 9.62172 2.5
      vertex 60.3889 9.73394 4.66293
    endloop
  endfacet
  facet normal -0.9603 -0.278968 0
    outer loop
      vertex 60.3889 9.73394 4.66293
      vertex 60.4215 9.62172 2.5
      vertex 60.4215 9.62172 4.68247
    endloop
  endfacet
  facet normal -0.860622 -0.509244 0
    outer loop
      vertex 60.1908 10.2044 2.5
      vertex 60.1108 10.3396 5
      vertex 60.1108 10.3396 2.5
    endloop
  endfacet
  facet normal -0.860622 -0.509244 0
    outer loop
      vertex 60.1108 10.3396 5
      vertex 60.1908 10.2044 2.5
      vertex 60.1908 10.2044 5
    endloop
  endfacet
  facet normal -0.749968 -0.661474 0
    outer loop
      vertex 59.9263 10.5936 2.5
      vertex 59.8224 10.7114 5
      vertex 59.8224 10.7114 2.5
    endloop
  endfacet
  facet normal -0.749968 -0.661474 0
    outer loop
      vertex 59.8224 10.7114 5
      vertex 59.9263 10.5936 2.5
      vertex 59.9263 10.5936 5
    endloop
  endfacet
  facet normal -0.790346 -0.612661 0
    outer loop
      vertex 60.0225 10.4695 2.5
      vertex 59.9263 10.5936 5
      vertex 59.9263 10.5936 2.5
    endloop
  endfacet
  facet normal -0.790346 -0.612661 0
    outer loop
      vertex 59.9263 10.5936 5
      vertex 60.0225 10.4695 2.5
      vertex 60.0225 10.4695 5
    endloop
  endfacet
  facet normal -0.612661 -0.790346 0
    outer loop
      vertex 59.4695 11.0225 2.5
      vertex 59.5936 10.9263 5
      vertex 59.4695 11.0225 5
    endloop
  endfacet
  facet normal -0.612661 -0.790346 -0
    outer loop
      vertex 59.5936 10.9263 5
      vertex 59.4695 11.0225 2.5
      vertex 59.5936 10.9263 2.5
    endloop
  endfacet
  facet normal 0.031195 -0.999513 0
    outer loop
      vertex 57.843 11.4951 2.5
      vertex 58 11.5 5
      vertex 57.843 11.4951 5
    endloop
  endfacet
  facet normal 0.031195 -0.999513 0
    outer loop
      vertex 58 11.5 5
      vertex 57.843 11.4951 2.5
      vertex 58 11.5 2.5
    endloop
  endfacet
  facet normal -0.453821 -0.891093 0
    outer loop
      vertex 59.0644 11.2621 2.5
      vertex 59.2044 11.1908 5
      vertex 59.0644 11.2621 5
    endloop
  endfacet
  facet normal -0.453821 -0.891093 -0
    outer loop
      vertex 59.2044 11.1908 5
      vertex 59.0644 11.2621 2.5
      vertex 59.2044 11.1908 2.5
    endloop
  endfacet
  facet normal -0.156551 -0.98767 0
    outer loop
      vertex 58.3133 11.4803 2.5
      vertex 58.4685 11.4557 5
      vertex 58.3133 11.4803 5
    endloop
  endfacet
  facet normal -0.156551 -0.98767 -0
    outer loop
      vertex 58.4685 11.4557 5
      vertex 58.3133 11.4803 2.5
      vertex 58.4685 11.4557 2.5
    endloop
  endfacet
  facet normal -0.094268 -0.995547 0
    outer loop
      vertex 58.157 11.4951 2.5
      vertex 58.3133 11.4803 5
      vertex 58.157 11.4951 5
    endloop
  endfacet
  facet normal -0.094268 -0.995547 -0
    outer loop
      vertex 58.3133 11.4803 5
      vertex 58.157 11.4951 2.5
      vertex 58.3133 11.4803 2.5
    endloop
  endfacet
  facet normal -0.279511 -0.960142 0
    outer loop
      vertex 58.6217 11.4215 2.5
      vertex 58.7725 11.3776 5
      vertex 58.6217 11.4215 5
    endloop
  endfacet
  facet normal -0.279511 -0.960142 -0
    outer loop
      vertex 58.7725 11.3776 5
      vertex 58.6217 11.4215 2.5
      vertex 58.7725 11.3776 2.5
    endloop
  endfacet
  facet normal 0.999513 0.031199 0
    outer loop
      vertex 55.5049 8.84302 5
      vertex 55.5 9 2.5
      vertex 55.5 9 5
    endloop
  endfacet
  facet normal 0.999513 0.031199 0
    outer loop
      vertex 55.5 9 2.5
      vertex 55.5049 8.84302 5
      vertex 55.5049 8.84302 2.5
    endloop
  endfacet
  facet normal 0.987657 -0.15663 0
    outer loop
      vertex 55.5197 9.31333 5
      vertex 55.5443 9.46845 2.5
      vertex 55.5443 9.46845 5
    endloop
  endfacet
  facet normal 0.987657 -0.15663 0
    outer loop
      vertex 55.5443 9.46845 2.5
      vertex 55.5197 9.31333 5
      vertex 55.5197 9.31333 2.5
    endloop
  endfacet
  facet normal 0.99555 -0.0942382 0
    outer loop
      vertex 55.5049 9.15698 5
      vertex 55.5197 9.31333 2.5
      vertex 55.5197 9.31333 5
    endloop
  endfacet
  facet normal 0.99555 -0.0942382 0
    outer loop
      vertex 55.5197 9.31333 2.5
      vertex 55.5049 9.15698 5
      vertex 55.5049 9.15698 2.5
    endloop
  endfacet
  facet normal 0.960152 -0.279477 0
    outer loop
      vertex 55.5785 9.62172 5
      vertex 55.6224 9.77254 2.5
      vertex 55.6224 9.77254 5
    endloop
  endfacet
  facet normal 0.960152 -0.279477 0
    outer loop
      vertex 55.6224 9.77254 2.5
      vertex 55.5785 9.62172 5
      vertex 55.5785 9.62172 2.5
    endloop
  endfacet
  facet normal 0.891093 -0.453821 0
    outer loop
      vertex 55.7379 10.0644 5
      vertex 55.8092 10.2044 2.5
      vertex 55.8092 10.2044 5
    endloop
  endfacet
  facet normal 0.891093 -0.453821 0
    outer loop
      vertex 55.8092 10.2044 2.5
      vertex 55.7379 10.0644 5
      vertex 55.7379 10.0644 2.5
    endloop
  endfacet
  facet normal 0.790346 -0.612661 0
    outer loop
      vertex 55.9775 10.4695 5
      vertex 56.0737 10.5936 2.5
      vertex 56.0737 10.5936 5
    endloop
  endfacet
  facet normal 0.790346 -0.612661 0
    outer loop
      vertex 56.0737 10.5936 2.5
      vertex 55.9775 10.4695 5
      vertex 55.9775 10.4695 2.5
    endloop
  endfacet
  facet normal 0.279511 -0.960142 0
    outer loop
      vertex 57.2275 11.3776 2.5
      vertex 57.3783 11.4215 5
      vertex 57.2275 11.3776 5
    endloop
  endfacet
  facet normal 0.279511 -0.960142 0
    outer loop
      vertex 57.3783 11.4215 5
      vertex 57.2275 11.3776 2.5
      vertex 57.3783 11.4215 2.5
    endloop
  endfacet
  facet normal 0.338674 -0.940904 0
    outer loop
      vertex 57.0797 11.3244 2.5
      vertex 57.2275 11.3776 5
      vertex 57.0797 11.3244 5
    endloop
  endfacet
  facet normal 0.338674 -0.940904 0
    outer loop
      vertex 57.2275 11.3776 5
      vertex 57.0797 11.3244 2.5
      vertex 57.2275 11.3776 2.5
    endloop
  endfacet
  facet normal 0.094268 -0.995547 0
    outer loop
      vertex 57.6867 11.4803 2.5
      vertex 57.843 11.4951 5
      vertex 57.6867 11.4803 5
    endloop
  endfacet
  facet normal 0.094268 -0.995547 0
    outer loop
      vertex 57.843 11.4951 5
      vertex 57.6867 11.4803 2.5
      vertex 57.843 11.4951 2.5
    endloop
  endfacet
  facet normal 0.509244 -0.860622 0
    outer loop
      vertex 56.6604 11.1108 2.5
      vertex 56.7956 11.1908 5
      vertex 56.6604 11.1108 5
    endloop
  endfacet
  facet normal 0.509244 -0.860622 0
    outer loop
      vertex 56.7956 11.1908 5
      vertex 56.6604 11.1108 2.5
      vertex 56.7956 11.1908 2.5
    endloop
  endfacet
  facet normal 0.661474 -0.749968 0
    outer loop
      vertex 56.2886 10.8224 2.5
      vertex 56.4064 10.9263 5
      vertex 56.2886 10.8224 5
    endloop
  endfacet
  facet normal 0.661474 -0.749968 0
    outer loop
      vertex 56.4064 10.9263 5
      vertex 56.2886 10.8224 2.5
      vertex 56.4064 10.9263 2.5
    endloop
  endfacet
  facet normal 0.612661 -0.790346 0
    outer loop
      vertex 56.4064 10.9263 2.5
      vertex 56.5305 11.0225 5
      vertex 56.4064 10.9263 5
    endloop
  endfacet
  facet normal 0.612661 -0.790346 0
    outer loop
      vertex 56.5305 11.0225 5
      vertex 56.4064 10.9263 2.5
      vertex 56.5305 11.0225 2.5
    endloop
  endfacet
  facet normal -0.999513 -0.031199 0
    outer loop
      vertex 60.5 9 2.5
      vertex 60.4951 9.15698 4.72659
      vertex 60.4951 9.15698 2.5
    endloop
  endfacet
  facet normal -0.999513 -0.031199 0
    outer loop
      vertex 60.4951 9.15698 4.72659
      vertex 60.5 9 2.5
      vertex 60.5 9 4.72955
    endloop
  endfacet
  facet normal -0.987657 0.15663 0
    outer loop
      vertex 60.4557 8.53155 4.70301
      vertex 60.4803 8.68667 2.5
      vertex 60.4557 8.53155 2.5
    endloop
  endfacet
  facet normal -0.987657 0.15663 0
    outer loop
      vertex 60.4803 8.68667 2.5
      vertex 60.4557 8.53155 4.70301
      vertex 60.4803 8.68667 4.71774
    endloop
  endfacet
  facet normal -0.0941418 0.995559 0
    outer loop
      vertex 58.3133 6.51971 2.5
      vertex 58.157 6.50493 5
      vertex 58.3133 6.51971 5
    endloop
  endfacet
  facet normal -0.0941418 0.995559 0
    outer loop
      vertex 58.157 6.50493 5
      vertex 58.3133 6.51971 2.5
      vertex 58.157 6.50493 2.5
    endloop
  endfacet
  facet normal -0.156365 0.987699 0
    outer loop
      vertex 58.4685 6.54428 2.5
      vertex 58.3133 6.51971 5
      vertex 58.4685 6.54428 5
    endloop
  endfacet
  facet normal -0.156365 0.987699 0
    outer loop
      vertex 58.3133 6.51971 5
      vertex 58.4685 6.54428 2.5
      vertex 58.3133 6.51971 2.5
    endloop
  endfacet
  facet normal -0.397214 0.917726 0
    outer loop
      vertex 59.0644 6.73793 2.5
      vertex 58.9203 6.67556 5
      vertex 59.0644 6.73793 5
    endloop
  endfacet
  facet normal -0.397214 0.917726 0
    outer loop
      vertex 58.9203 6.67556 5
      vertex 59.0644 6.73793 2.5
      vertex 58.9203 6.67556 2.5
    endloop
  endfacet
  facet normal -0.279041 0.960279 0
    outer loop
      vertex 58.7725 6.62236 2.5
      vertex 58.6217 6.57854 5
      vertex 58.7725 6.62236 5
    endloop
  endfacet
  facet normal -0.279041 0.960279 0
    outer loop
      vertex 58.6217 6.57854 5
      vertex 58.7725 6.62236 2.5
      vertex 58.6217 6.57854 2.5
    endloop
  endfacet
  facet normal -0.607365 0.79442 -0.00213414
    outer loop
      vertex 59.5936 7.07372 3.6014
      vertex 59.5384 7.03095 3.39017
      vertex 59.5861 7.06793 3.58057
    endloop
  endfacet
  facet normal -0.612482 0.790484 0
    outer loop
      vertex 59.5936 7.07372 2.5
      vertex 59.5384 7.03095 3.39017
      vertex 59.5936 7.07372 3.6014
    endloop
  endfacet
  facet normal -0.612787 0.790248 -3.02592e-05
    outer loop
      vertex 59.5384 7.03095 3.39017
      vertex 59.5936 7.07372 2.5
      vertex 59.5096 7.00861 3.19603
    endloop
  endfacet
  facet normal -0.613059 0.790037 -8.27293e-05
    outer loop
      vertex 59.5096 7.00861 3.19603
      vertex 59.5936 7.07372 2.5
      vertex 59.5 7.00114 3
    endloop
  endfacet
  facet normal -0.613259 0.789882 0
    outer loop
      vertex 59.5 7.00114 3
      vertex 59.4695 6.97746 5
      vertex 59.5 7.00114 5
    endloop
  endfacet
  facet normal -0.613259 0.789882 0
    outer loop
      vertex 59.5 7.00114 3
      vertex 59.4695 6.97746 2.5
      vertex 59.4695 6.97746 5
    endloop
  endfacet
  facet normal -0.6129 0.790161 -3.51211e-05
    outer loop
      vertex 59.4695 6.97746 2.5
      vertex 59.5 7.00114 3
      vertex 59.5936 7.07372 2.5
    endloop
  endfacet
  facet normal -0.707266 0.706948 0
    outer loop
      vertex 59.7114 7.17758 3.89039
      vertex 59.8224 7.28863 4.08672
      vertex 59.8224 7.28863 2.5
    endloop
  endfacet
  facet normal -0.707266 0.706948 0
    outer loop
      vertex 59.7114 7.17758 3.89039
      vertex 59.8224 7.28863 2.5
      vertex 59.7114 7.17758 2.5
    endloop
  endfacet
  facet normal -0.702257 0.711902 -0.0056344
    outer loop
      vertex 59.8224 7.28863 4.08672
      vertex 59.7114 7.17758 3.89039
      vertex 59.7361 7.20236 3.94278
    endloop
  endfacet
  facet normal -0.509008 0.860762 0
    outer loop
      vertex 59.3396 6.88918 2.5
      vertex 59.2044 6.80923 5
      vertex 59.3396 6.88918 5
    endloop
  endfacet
  facet normal -0.509008 0.860762 0
    outer loop
      vertex 59.2044 6.80923 5
      vertex 59.3396 6.88918 2.5
      vertex 59.2044 6.80923 2.5
    endloop
  endfacet
  facet normal -0.89081 0.454375 0
    outer loop
      vertex 60.2621 7.93555 2.5
      vertex 60.2312 7.87497 4.54602
      vertex 60.2621 7.93555 4.56891
    endloop
  endfacet
  facet normal -0.891001 0.454001 0
    outer loop
      vertex 60.1908 7.79562 4.50937
      vertex 60.2621 7.93555 2.5
      vertex 60.1908 7.79562 2.5
    endloop
  endfacet
  facet normal -0.891142 0.453724 -2.4275e-05
    outer loop
      vertex 60.2621 7.93555 2.5
      vertex 60.1908 7.79562 4.50937
      vertex 60.2312 7.87497 4.54602
    endloop
  endfacet
  facet normal -0.827001 0.5622 0
    outer loop
      vertex 60.0225 7.53054 4.34443
      vertex 60.1108 7.66043 4.43689
      vertex 60.1108 7.66043 2.5
    endloop
  endfacet
  facet normal -0.827001 0.5622 0
    outer loop
      vertex 60.0225 7.53054 4.34443
      vertex 60.1108 7.66043 2.5
      vertex 60.0225 7.53054 2.5
    endloop
  endfacet
  facet normal -0.82986 0.557904 0.00876601
    outer loop
      vertex 60.1108 7.66043 4.43689
      vertex 60.0225 7.53054 4.34443
      vertex 60.0858 7.6236 4.4142
    endloop
  endfacet
  facet normal -0.0313858 0.999507 0
    outer loop
      vertex 58.157 6.50493 2.5
      vertex 58 6.5 5
      vertex 58.157 6.50493 5
    endloop
  endfacet
  facet normal -0.0313858 0.999507 0
    outer loop
      vertex 58 6.5 5
      vertex 58.157 6.50493 2.5
      vertex 58 6.5 2.5
    endloop
  endfacet
  facet normal 0.156365 0.987699 -0
    outer loop
      vertex 57.6867 6.51971 2.5
      vertex 57.5315 6.54428 5
      vertex 57.6867 6.51971 5
    endloop
  endfacet
  facet normal 0.156365 0.987699 0
    outer loop
      vertex 57.5315 6.54428 5
      vertex 57.6867 6.51971 2.5
      vertex 57.5315 6.54428 2.5
    endloop
  endfacet
  facet normal 0.279041 0.960279 -0
    outer loop
      vertex 57.3783 6.57854 2.5
      vertex 57.2275 6.62236 5
      vertex 57.3783 6.57854 5
    endloop
  endfacet
  facet normal 0.279041 0.960279 0
    outer loop
      vertex 57.2275 6.62236 5
      vertex 57.3783 6.57854 2.5
      vertex 57.2275 6.62236 2.5
    endloop
  endfacet
  facet normal 0.453821 0.891093 -0
    outer loop
      vertex 56.9356 6.73793 2.5
      vertex 56.7956 6.80923 5
      vertex 56.9356 6.73793 5
    endloop
  endfacet
  facet normal 0.453821 0.891093 0
    outer loop
      vertex 56.7956 6.80923 5
      vertex 56.9356 6.73793 2.5
      vertex 56.7956 6.80923 2.5
    endloop
  endfacet
  facet normal 0.562084 0.82708 -0
    outer loop
      vertex 56.6604 6.88918 2.5
      vertex 56.5305 6.97746 5
      vertex 56.6604 6.88918 5
    endloop
  endfacet
  facet normal 0.562084 0.82708 0
    outer loop
      vertex 56.5305 6.97746 5
      vertex 56.6604 6.88918 2.5
      vertex 56.5305 6.97746 2.5
    endloop
  endfacet
  facet normal 0.960147 0.279494 0
    outer loop
      vertex 55.6224 8.22746 5
      vertex 55.5785 8.37827 2.5
      vertex 55.5785 8.37827 5
    endloop
  endfacet
  facet normal 0.960147 0.279494 0
    outer loop
      vertex 55.5785 8.37827 2.5
      vertex 55.6224 8.22746 5
      vertex 55.6224 8.22746 2.5
    endloop
  endfacet
  facet normal 0.917929 0.396746 0
    outer loop
      vertex 55.7379 7.93555 5
      vertex 55.6756 8.07969 2.5
      vertex 55.6756 8.07969 5
    endloop
  endfacet
  facet normal 0.917929 0.396746 0
    outer loop
      vertex 55.6756 8.07969 2.5
      vertex 55.7379 7.93555 5
      vertex 55.7379 7.93555 2.5
    endloop
  endfacet
  facet normal 0.976001 0.217766 0
    outer loop
      vertex 55.5785 8.37827 5
      vertex 55.5443 8.53155 2.5
      vertex 55.5443 8.53155 5
    endloop
  endfacet
  facet normal 0.976001 0.217766 0
    outer loop
      vertex 55.5443 8.53155 2.5
      vertex 55.5785 8.37827 5
      vertex 55.5785 8.37827 2.5
    endloop
  endfacet
  facet normal 0.99555 0.0942382 0
    outer loop
      vertex 55.5197 8.68667 5
      vertex 55.5049 8.84302 2.5
      vertex 55.5049 8.84302 5
    endloop
  endfacet
  facet normal 0.99555 0.0942382 0
    outer loop
      vertex 55.5049 8.84302 2.5
      vertex 55.5197 8.68667 5
      vertex 55.5197 8.68667 2.5
    endloop
  endfacet
  facet normal 0.860606 0.509272 0
    outer loop
      vertex 55.8892 7.66043 5
      vertex 55.8092 7.79562 2.5
      vertex 55.8092 7.79562 5
    endloop
  endfacet
  facet normal 0.860606 0.509272 0
    outer loop
      vertex 55.8092 7.79562 2.5
      vertex 55.8892 7.66043 5
      vertex 55.8892 7.66043 2.5
    endloop
  endfacet
  facet normal 0.707266 0.706948 0
    outer loop
      vertex 56.2886 7.17758 5
      vertex 56.1776 7.28863 2.5
      vertex 56.1776 7.28863 5
    endloop
  endfacet
  facet normal 0.707266 0.706948 0
    outer loop
      vertex 56.1776 7.28863 2.5
      vertex 56.2886 7.17758 5
      vertex 56.2886 7.17758 2.5
    endloop
  endfacet
  facet normal 0.790346 0.612661 0
    outer loop
      vertex 56.0737 7.40644 5
      vertex 55.9775 7.53054 2.5
      vertex 55.9775 7.53054 5
    endloop
  endfacet
  facet normal 0.790346 0.612661 0
    outer loop
      vertex 55.9775 7.53054 2.5
      vertex 56.0737 7.40644 5
      vertex 56.0737 7.40644 2.5
    endloop
  endfacet
  facet normal 0.999513 -0.031199 0
    outer loop
      vertex 55.5 9 5
      vertex 55.5049 9.15698 2.5
      vertex 55.5049 9.15698 5
    endloop
  endfacet
  facet normal 0.999513 -0.031199 0
    outer loop
      vertex 55.5049 9.15698 2.5
      vertex 55.5 9 5
      vertex 55.5 9 2.5
    endloop
  endfacet
  facet normal -0.99555 0.0942382 0
    outer loop
      vertex 60.4803 8.68667 4.71774
      vertex 60.4951 8.84302 2.5
      vertex 60.4803 8.68667 2.5
    endloop
  endfacet
  facet normal -0.99555 0.0942382 0
    outer loop
      vertex 60.4951 8.84302 2.5
      vertex 60.4803 8.68667 4.71774
      vertex 60.4951 8.84302 4.72659
    endloop
  endfacet
  facet normal -0.960294 0.278991 0
    outer loop
      vertex 60.4215 8.37827 2.5
      vertex 60.3889 8.26606 4.66293
      vertex 60.4215 8.37827 4.68247
    endloop
  endfacet
  facet normal -0.960147 0.279494 0
    outer loop
      vertex 60.3776 8.22746 4.65462
      vertex 60.4215 8.37827 2.5
      vertex 60.3776 8.22746 2.5
    endloop
  endfacet
  facet normal -0.959727 0.280933 0.000109283
    outer loop
      vertex 60.4215 8.37827 2.5
      vertex 60.3776 8.22746 4.65462
      vertex 60.3889 8.26606 4.66293
    endloop
  endfacet
  facet normal -0.338674 0.940904 0
    outer loop
      vertex 58.9203 6.67556 2.5
      vertex 58.7725 6.62236 5
      vertex 58.9203 6.67556 5
    endloop
  endfacet
  facet normal -0.338674 0.940904 0
    outer loop
      vertex 58.7725 6.62236 5
      vertex 58.9203 6.67556 2.5
      vertex 58.7725 6.62236 2.5
    endloop
  endfacet
  facet normal -0.658006 0.753009 -0.00240307
    outer loop
      vertex 59.7114 7.17758 3.89039
      vertex 59.5936 7.07372 3.6014
      vertex 59.6522 7.12545 3.76537
    endloop
  endfacet
  facet normal -0.661331 0.750094 0
    outer loop
      vertex 59.7114 7.17758 2.5
      vertex 59.5936 7.07372 3.6014
      vertex 59.7114 7.17758 3.89039
    endloop
  endfacet
  facet normal -0.661331 0.750094 0
    outer loop
      vertex 59.5936 7.07372 3.6014
      vertex 59.7114 7.17758 2.5
      vertex 59.5936 7.07372 2.5
    endloop
  endfacet
  facet normal -0.562084 0.82708 0
    outer loop
      vertex 59.4695 6.97746 2.5
      vertex 59.3396 6.88918 5
      vertex 59.4695 6.97746 5
    endloop
  endfacet
  facet normal -0.562084 0.82708 0
    outer loop
      vertex 59.3396 6.88918 5
      vertex 59.4695 6.97746 2.5
      vertex 59.3396 6.88918 2.5
    endloop
  endfacet
  facet normal -0.917929 0.396746 0
    outer loop
      vertex 60.2621 7.93555 4.56891
      vertex 60.3244 8.07969 2.5
      vertex 60.2621 7.93555 2.5
    endloop
  endfacet
  facet normal -0.917929 0.396746 0
    outer loop
      vertex 60.3244 8.07969 2.5
      vertex 60.2621 7.93555 4.56891
      vertex 60.3244 8.07969 4.61517
    endloop
  endfacet
  facet normal -0.790346 0.612661 0
    outer loop
      vertex 59.9263 7.40644 4.23146
      vertex 60.0225 7.53054 4.34443
      vertex 60.0225 7.53054 2.5
    endloop
  endfacet
  facet normal -0.790346 0.612661 0
    outer loop
      vertex 59.9263 7.40644 4.23146
      vertex 60.0225 7.53054 2.5
      vertex 59.9263 7.40644 2.5
    endloop
  endfacet
  facet normal -0.792771 0.609495 0.00554333
    outer loop
      vertex 60.0225 7.53054 4.34443
      vertex 59.9263 7.40644 4.23146
      vertex 59.954 7.44213 4.26878
    endloop
  endfacet
  facet normal 0.0941418 0.995559 -0
    outer loop
      vertex 57.843 6.50493 2.5
      vertex 57.6867 6.51971 5
      vertex 57.843 6.50493 5
    endloop
  endfacet
  facet normal 0.0941418 0.995559 0
    outer loop
      vertex 57.6867 6.51971 5
      vertex 57.843 6.50493 2.5
      vertex 57.6867 6.51971 2.5
    endloop
  endfacet
  facet normal 0.218239 0.975895 -0
    outer loop
      vertex 57.5315 6.54428 2.5
      vertex 57.3783 6.57854 5
      vertex 57.5315 6.54428 5
    endloop
  endfacet
  facet normal 0.218239 0.975895 0
    outer loop
      vertex 57.3783 6.57854 5
      vertex 57.5315 6.54428 2.5
      vertex 57.3783 6.57854 2.5
    endloop
  endfacet
  facet normal 0.397214 0.917726 -0
    outer loop
      vertex 57.0797 6.67556 2.5
      vertex 56.9356 6.73793 5
      vertex 57.0797 6.67556 5
    endloop
  endfacet
  facet normal 0.397214 0.917726 0
    outer loop
      vertex 56.9356 6.73793 5
      vertex 57.0797 6.67556 2.5
      vertex 56.9356 6.73793 2.5
    endloop
  endfacet
  facet normal 0.6129 0.790161 -0
    outer loop
      vertex 56.5305 6.97746 2.5
      vertex 56.4064 7.07372 5
      vertex 56.5305 6.97746 5
    endloop
  endfacet
  facet normal 0.6129 0.790161 0
    outer loop
      vertex 56.4064 7.07372 5
      vertex 56.5305 6.97746 2.5
      vertex 56.4064 7.07372 2.5
    endloop
  endfacet
  facet normal 0.940882 0.338735 0
    outer loop
      vertex 55.6756 8.07969 5
      vertex 55.6224 8.22746 2.5
      vertex 55.6224 8.22746 5
    endloop
  endfacet
  facet normal 0.940882 0.338735 0
    outer loop
      vertex 55.6224 8.22746 2.5
      vertex 55.6756 8.07969 5
      vertex 55.6756 8.07969 2.5
    endloop
  endfacet
  facet normal 0.987657 0.15663 0
    outer loop
      vertex 55.5443 8.53155 5
      vertex 55.5197 8.68667 2.5
      vertex 55.5197 8.68667 5
    endloop
  endfacet
  facet normal 0.987657 0.15663 0
    outer loop
      vertex 55.5197 8.68667 2.5
      vertex 55.5443 8.53155 5
      vertex 55.5443 8.53155 2.5
    endloop
  endfacet
  facet normal 0.827001 0.5622 0
    outer loop
      vertex 55.9775 7.53054 5
      vertex 55.8892 7.66043 2.5
      vertex 55.8892 7.66043 5
    endloop
  endfacet
  facet normal 0.827001 0.5622 0
    outer loop
      vertex 55.8892 7.66043 2.5
      vertex 55.9775 7.53054 5
      vertex 55.9775 7.53054 2.5
    endloop
  endfacet
  facet normal 0.749996 0.661443 0
    outer loop
      vertex 56.1776 7.28863 5
      vertex 56.0737 7.40644 2.5
      vertex 56.0737 7.40644 5
    endloop
  endfacet
  facet normal 0.749996 0.661443 0
    outer loop
      vertex 56.0737 7.40644 2.5
      vertex 56.1776 7.28863 5
      vertex 56.1776 7.28863 2.5
    endloop
  endfacet
  facet normal -0.976001 0.217766 0
    outer loop
      vertex 60.4215 8.37827 4.68247
      vertex 60.4557 8.53155 2.5
      vertex 60.4215 8.37827 2.5
    endloop
  endfacet
  facet normal -0.976001 0.217766 0
    outer loop
      vertex 60.4557 8.53155 2.5
      vertex 60.4215 8.37827 4.68247
      vertex 60.4557 8.53155 4.70301
    endloop
  endfacet
  facet normal -0.661474 -0.749968 0
    outer loop
      vertex 39.5936 10.9263 2.5
      vertex 39.7114 10.8224 5
      vertex 39.5936 10.9263 5
    endloop
  endfacet
  facet normal -0.661474 -0.749968 -0
    outer loop
      vertex 39.7114 10.8224 5
      vertex 39.5936 10.9263 2.5
      vertex 39.7114 10.8224 2.5
    endloop
  endfacet
  facet normal 0.396839 -0.917888 0
    outer loop
      vertex 36.9356 11.2621 2.5
      vertex 37.0797 11.3244 5
      vertex 36.9356 11.2621 5
    endloop
  endfacet
  facet normal 0.396839 -0.917888 0
    outer loop
      vertex 37.0797 11.3244 5
      vertex 36.9356 11.2621 2.5
      vertex 37.0797 11.3244 2.5
    endloop
  endfacet
  facet normal 0.91759 -0.397527 0
    outer loop
      vertex 35.71 10 4.58958
      vertex 35.7379 10.0644 5
      vertex 35.71 10 5
    endloop
  endfacet
  facet normal 0.91759 -0.397527 0
    outer loop
      vertex 35.7379 10.0644 5
      vertex 35.71 10 4.58958
      vertex 35.7379 10.0644 2.5
    endloop
  endfacet
  facet normal 0.918111 -0.396323 0
    outer loop
      vertex 35.6756 9.92031 2.5
      vertex 35.71 10 4.58958
      vertex 35.6756 9.92031 4.61515
    endloop
  endfacet
  facet normal 0.917878 -0.396862 2.43609e-05
    outer loop
      vertex 35.71 10 4.58958
      vertex 35.6756 9.92031 2.5
      vertex 35.7379 10.0644 2.5
    endloop
  endfacet
  facet normal -0.917929 0.396746 0
    outer loop
      vertex 40.2621 7.93555 2.5
      vertex 40.3244 8.07969 5
      vertex 40.3244 8.07969 2.5
    endloop
  endfacet
  facet normal -0.917929 0.396746 0
    outer loop
      vertex 40.3244 8.07969 5
      vertex 40.2621 7.93555 2.5
      vertex 40.2621 7.93555 5
    endloop
  endfacet
  facet normal 0.397214 0.917726 -0
    outer loop
      vertex 37.0797 6.67556 2.5
      vertex 36.9356 6.73793 5
      vertex 37.0797 6.67556 5
    endloop
  endfacet
  facet normal 0.397214 0.917726 0
    outer loop
      vertex 36.9356 6.73793 5
      vertex 37.0797 6.67556 2.5
      vertex 36.9356 6.73793 2.5
    endloop
  endfacet
  facet normal -0.917878 -0.396862 0
    outer loop
      vertex 40.3244 9.92031 2.5
      vertex 40.2621 10.0644 5
      vertex 40.2621 10.0644 2.5
    endloop
  endfacet
  facet normal -0.917878 -0.396862 0
    outer loop
      vertex 40.2621 10.0644 5
      vertex 40.3244 9.92031 2.5
      vertex 40.3244 9.92031 5
    endloop
  endfacet
  facet normal -0.891093 -0.453821 0
    outer loop
      vertex 40.2621 10.0644 2.5
      vertex 40.1908 10.2044 5
      vertex 40.1908 10.2044 2.5
    endloop
  endfacet
  facet normal -0.891093 -0.453821 0
    outer loop
      vertex 40.1908 10.2044 5
      vertex 40.2621 10.0644 2.5
      vertex 40.2621 10.0644 5
    endloop
  endfacet
  facet normal -0.396839 -0.917888 0
    outer loop
      vertex 38.9203 11.3244 2.5
      vertex 39.0644 11.2621 5
      vertex 38.9203 11.3244 5
    endloop
  endfacet
  facet normal -0.396839 -0.917888 -0
    outer loop
      vertex 39.0644 11.2621 5
      vertex 38.9203 11.3244 2.5
      vertex 39.0644 11.2621 2.5
    endloop
  endfacet
  facet normal 0.749968 -0.661474 0
    outer loop
      vertex 36.0737 10.5936 5
      vertex 36.1776 10.7114 2.5
      vertex 36.1776 10.7114 5
    endloop
  endfacet
  facet normal 0.749968 -0.661474 0
    outer loop
      vertex 36.1776 10.7114 2.5
      vertex 36.0737 10.5936 5
      vertex 36.0737 10.5936 2.5
    endloop
  endfacet
  facet normal 0.217875 -0.975977 0
    outer loop
      vertex 37.3783 11.4215 2.5
      vertex 37.5315 11.4557 5
      vertex 37.3783 11.4215 5
    endloop
  endfacet
  facet normal 0.217875 -0.975977 0
    outer loop
      vertex 37.5315 11.4557 5
      vertex 37.3783 11.4215 2.5
      vertex 37.5315 11.4557 2.5
    endloop
  endfacet
  facet normal -0.999513 0.031199 0
    outer loop
      vertex 40.4951 8.84302 2.5
      vertex 40.5 9 5
      vertex 40.5 9 2.5
    endloop
  endfacet
  facet normal -0.999513 0.031199 0
    outer loop
      vertex 40.5 9 5
      vertex 40.4951 8.84302 2.5
      vertex 40.4951 8.84302 5
    endloop
  endfacet
  facet normal -0.749996 0.661443 0
    outer loop
      vertex 39.8224 7.28863 2.5
      vertex 39.9263 7.40644 5
      vertex 39.9263 7.40644 2.5
    endloop
  endfacet
  facet normal -0.749996 0.661443 0
    outer loop
      vertex 39.9263 7.40644 5
      vertex 39.8224 7.28863 2.5
      vertex 39.8224 7.28863 5
    endloop
  endfacet
  facet normal 0.662038 0.749471 0.000512142
    outer loop
      vertex 36.4064 7.07372 3.60136
      vertex 36.2886 7.17758 3.89036
      vertex 36.3477 7.12546 3.76537
    endloop
  endfacet
  facet normal 0.661331 0.750094 0
    outer loop
      vertex 36.2886 7.17758 2.5
      vertex 36.4064 7.07372 3.60136
      vertex 36.4064 7.07372 2.5
    endloop
  endfacet
  facet normal 0.661331 0.750094 0
    outer loop
      vertex 36.4064 7.07372 3.60136
      vertex 36.2886 7.17758 2.5
      vertex 36.2886 7.17758 3.89036
    endloop
  endfacet
  facet normal -0.975998 -0.21778 0
    outer loop
      vertex 40.4557 9.46845 2.5
      vertex 40.4215 9.62172 5
      vertex 40.4215 9.62172 2.5
    endloop
  endfacet
  facet normal -0.975998 -0.21778 0
    outer loop
      vertex 40.4215 9.62172 5
      vertex 40.4557 9.46845 2.5
      vertex 40.4557 9.46845 5
    endloop
  endfacet
  facet normal -0.827021 -0.562171 0
    outer loop
      vertex 40.1108 10.3396 2.5
      vertex 40.0225 10.4695 5
      vertex 40.0225 10.4695 2.5
    endloop
  endfacet
  facet normal -0.827021 -0.562171 0
    outer loop
      vertex 40.0225 10.4695 5
      vertex 40.1108 10.3396 2.5
      vertex 40.1108 10.3396 5
    endloop
  endfacet
  facet normal -0.707107 -0.707107 0
    outer loop
      vertex 39.8224 10.7114 2.5
      vertex 39.7114 10.8224 5
      vertex 39.7114 10.8224 2.5
    endloop
  endfacet
  facet normal -0.707107 -0.707107 0
    outer loop
      vertex 39.7114 10.8224 5
      vertex 39.8224 10.7114 2.5
      vertex 39.8224 10.7114 5
    endloop
  endfacet
  facet normal -0.562171 -0.827021 0
    outer loop
      vertex 39.3396 11.1108 2.5
      vertex 39.4695 11.0225 5
      vertex 39.3396 11.1108 5
    endloop
  endfacet
  facet normal -0.562171 -0.827021 -0
    outer loop
      vertex 39.4695 11.0225 5
      vertex 39.3396 11.1108 2.5
      vertex 39.4695 11.0225 2.5
    endloop
  endfacet
  facet normal -0.509244 -0.860622 0
    outer loop
      vertex 39.2044 11.1908 2.5
      vertex 39.3396 11.1108 5
      vertex 39.2044 11.1908 5
    endloop
  endfacet
  facet normal -0.509244 -0.860622 -0
    outer loop
      vertex 39.3396 11.1108 5
      vertex 39.2044 11.1908 2.5
      vertex 39.3396 11.1108 2.5
    endloop
  endfacet
  facet normal -0.031195 -0.999513 0
    outer loop
      vertex 38 11.5 2.5
      vertex 38.157 11.4951 5
      vertex 38 11.5 5
    endloop
  endfacet
  facet normal -0.031195 -0.999513 -0
    outer loop
      vertex 38.157 11.4951 5
      vertex 38 11.5 2.5
      vertex 38.157 11.4951 2.5
    endloop
  endfacet
  facet normal -0.338674 -0.940904 0
    outer loop
      vertex 38.7725 11.3776 2.5
      vertex 38.9203 11.3244 5
      vertex 38.7725 11.3776 5
    endloop
  endfacet
  facet normal -0.338674 -0.940904 -0
    outer loop
      vertex 38.9203 11.3244 5
      vertex 38.7725 11.3776 2.5
      vertex 38.9203 11.3244 2.5
    endloop
  endfacet
  facet normal -0.217875 -0.975977 0
    outer loop
      vertex 38.4685 11.4557 2.5
      vertex 38.6217 11.4215 5
      vertex 38.4685 11.4557 5
    endloop
  endfacet
  facet normal -0.217875 -0.975977 -0
    outer loop
      vertex 38.6217 11.4215 5
      vertex 38.4685 11.4557 2.5
      vertex 38.6217 11.4215 2.5
    endloop
  endfacet
  facet normal 0 0 1
    outer loop
      vertex 39.5 9 2.5
      vertex 40.5 9 2.5
      vertex 40.4951 9.15698 2.5
    endloop
  endfacet
  facet normal 0 0 1
    outer loop
      vertex 39.497 9.09418 2.5
      vertex 40.4951 9.15698 2.5
      vertex 40.4803 9.31333 2.5
    endloop
  endfacet
  facet normal 0 0 1
    outer loop
      vertex 40.5 9 2.5
      vertex 39.5 9 2.5
      vertex 40.4951 8.84302 2.5
    endloop
  endfacet
  facet normal 0 0 1
    outer loop
      vertex 39.4882 9.188 2.5
      vertex 40.4803 9.31333 2.5
      vertex 40.4557 9.46845 2.5
    endloop
  endfacet
  facet normal -0 0 1
    outer loop
      vertex 39.497 8.90581 2.5
      vertex 40.4951 8.84302 2.5
      vertex 39.5 9 2.5
    endloop
  endfacet
  facet normal 0 0 1
    outer loop
      vertex 39.4734 9.28107 2.5
      vertex 40.4557 9.46845 2.5
      vertex 40.4215 9.62172 2.5
    endloop
  endfacet
  facet normal 0 0 1
    outer loop
      vertex 40.4951 8.84302 2.5
      vertex 39.497 8.90581 2.5
      vertex 40.4803 8.68667 2.5
    endloop
  endfacet
  facet normal 0 0 1
    outer loop
      vertex 39.4529 9.37303 2.5
      vertex 40.4215 9.62172 2.5
      vertex 40.3776 9.77254 2.5
    endloop
  endfacet
  facet normal -0 0 1
    outer loop
      vertex 39.4882 8.812 2.5
      vertex 40.4803 8.68667 2.5
      vertex 39.497 8.90581 2.5
    endloop
  endfacet
  facet normal 0 0 1
    outer loop
      vertex 39.4266 9.46352 2.5
      vertex 40.3776 9.77254 2.5
      vertex 40.3244 9.92031 2.5
    endloop
  endfacet
  facet normal 0 0 1
    outer loop
      vertex 40.4803 8.68667 2.5
      vertex 39.4882 8.812 2.5
      vertex 40.4557 8.53155 2.5
    endloop
  endfacet
  facet normal 0 0 1
    outer loop
      vertex 39.3947 9.55219 2.5
      vertex 40.3244 9.92031 2.5
      vertex 40.2621 10.0644 2.5
    endloop
  endfacet
  facet normal -0 0 1
    outer loop
      vertex 39.4734 8.71893 2.5
      vertex 40.4557 8.53155 2.5
      vertex 39.4882 8.812 2.5
    endloop
  endfacet
  facet normal 0 0 1
    outer loop
      vertex 39.3572 9.63867 2.5
      vertex 40.2621 10.0644 2.5
      vertex 40.1908 10.2044 2.5
    endloop
  endfacet
  facet normal 0 0 1
    outer loop
      vertex 40.4557 8.53155 2.5
      vertex 39.4734 8.71893 2.5
      vertex 40.4215 8.37827 2.5
    endloop
  endfacet
  facet normal 0 0 1
    outer loop
      vertex 39.3145 9.72263 2.5
      vertex 40.1908 10.2044 2.5
      vertex 40.1108 10.3396 2.5
    endloop
  endfacet
  facet normal -0 0 1
    outer loop
      vertex 39.4529 8.62696 2.5
      vertex 40.4215 8.37827 2.5
      vertex 39.4734 8.71893 2.5
    endloop
  endfacet
  facet normal 0 0 1
    outer loop
      vertex 39.2665 9.80374 2.5
      vertex 40.1108 10.3396 2.5
      vertex 40.0225 10.4695 2.5
    endloop
  endfacet
  facet normal 0 0 1
    outer loop
      vertex 40.4215 8.37827 2.5
      vertex 39.4529 8.62696 2.5
      vertex 40.3776 8.22746 2.5
    endloop
  endfacet
  facet normal 0 0 1
    outer loop
      vertex 39.2135 9.88168 2.5
      vertex 40.0225 10.4695 2.5
      vertex 39.9263 10.5936 2.5
    endloop
  endfacet
  facet normal -0 0 1
    outer loop
      vertex 39.4266 8.53647 2.5
      vertex 40.3776 8.22746 2.5
      vertex 39.4529 8.62696 2.5
    endloop
  endfacet
  facet normal 0 0 1
    outer loop
      vertex 39.1558 9.95614 2.5
      vertex 39.9263 10.5936 2.5
      vertex 39.8224 10.7114 2.5
    endloop
  endfacet
  facet normal 0 0 1
    outer loop
      vertex 40.3776 8.22746 2.5
      vertex 39.4266 8.53647 2.5
      vertex 40.3244 8.07969 2.5
    endloop
  endfacet
  facet normal 0 0 1
    outer loop
      vertex 39.0935 10.0268 2.5
      vertex 39.8224 10.7114 2.5
      vertex 39.7114 10.8224 2.5
    endloop
  endfacet
  facet normal -0 0 1
    outer loop
      vertex 39.3947 8.44781 2.5
      vertex 40.3244 8.07969 2.5
      vertex 39.4266 8.53647 2.5
    endloop
  endfacet
  facet normal 0 0 1
    outer loop
      vertex 39.0268 10.0935 2.5
      vertex 39.7114 10.8224 2.5
      vertex 39.5936 10.9263 2.5
    endloop
  endfacet
  facet normal 0 0 1
    outer loop
      vertex 40.3244 8.07969 2.5
      vertex 39.3947 8.44781 2.5
      vertex 40.2621 7.93555 2.5
    endloop
  endfacet
  facet normal -0 0 1
    outer loop
      vertex 39.3572 8.36133 2.5
      vertex 40.2621 7.93555 2.5
      vertex 39.3947 8.44781 2.5
    endloop
  endfacet
  facet normal 0 0 1
    outer loop
      vertex 40.4951 9.15698 2.5
      vertex 39.497 9.09418 2.5
      vertex 39.5 9 2.5
    endloop
  endfacet
  facet normal 0 0 1
    outer loop
      vertex 40.4803 9.31333 2.5
      vertex 39.4882 9.188 2.5
      vertex 39.497 9.09418 2.5
    endloop
  endfacet
  facet normal 0 0 1
    outer loop
      vertex 40.4557 9.46845 2.5
      vertex 39.4734 9.28107 2.5
      vertex 39.4882 9.188 2.5
    endloop
  endfacet
  facet normal 0 0 1
    outer loop
      vertex 38.9561 10.1558 2.5
      vertex 39.5936 10.9263 2.5
      vertex 39.4695 11.0225 2.5
    endloop
  endfacet
  facet normal 0 0 1
    outer loop
      vertex 40.4215 9.62172 2.5
      vertex 39.4529 9.37303 2.5
      vertex 39.4734 9.28107 2.5
    endloop
  endfacet
  facet normal 0 0 1
    outer loop
      vertex 40.3776 9.77254 2.5
      vertex 39.4266 9.46352 2.5
      vertex 39.4529 9.37303 2.5
    endloop
  endfacet
  facet normal 0 0 1
    outer loop
      vertex 40.3244 9.92031 2.5
      vertex 39.3947 9.55219 2.5
      vertex 39.4266 9.46352 2.5
    endloop
  endfacet
  facet normal 0 0 1
    outer loop
      vertex 40.2621 10.0644 2.5
      vertex 39.3572 9.63867 2.5
      vertex 39.3947 9.55219 2.5
    endloop
  endfacet
  facet normal 0 0 1
    outer loop
      vertex 38.8817 10.2135 2.5
      vertex 39.4695 11.0225 2.5
      vertex 39.3396 11.1108 2.5
    endloop
  endfacet
  facet normal 0 0 1
    outer loop
      vertex 40.1908 10.2044 2.5
      vertex 39.3145 9.72263 2.5
      vertex 39.3572 9.63867 2.5
    endloop
  endfacet
  facet normal 0 0 1
    outer loop
      vertex 40.1108 10.3396 2.5
      vertex 39.2665 9.80374 2.5
      vertex 39.3145 9.72263 2.5
    endloop
  endfacet
  facet normal 0 0 1
    outer loop
      vertex 40.0225 10.4695 2.5
      vertex 39.2135 9.88168 2.5
      vertex 39.2665 9.80374 2.5
    endloop
  endfacet
  facet normal 0 0 1
    outer loop
      vertex 38.8037 10.2665 2.5
      vertex 39.3396 11.1108 2.5
      vertex 39.2044 11.1908 2.5
    endloop
  endfacet
  facet normal 0 0 1
    outer loop
      vertex 39.9263 10.5936 2.5
      vertex 39.1558 9.95614 2.5
      vertex 39.2135 9.88168 2.5
    endloop
  endfacet
  facet normal 0 0 1
    outer loop
      vertex 39.8224 10.7114 2.5
      vertex 39.0935 10.0268 2.5
      vertex 39.1558 9.95614 2.5
    endloop
  endfacet
  facet normal 0 0 1
    outer loop
      vertex 38.7226 10.3145 2.5
      vertex 39.2044 11.1908 2.5
      vertex 39.0644 11.2621 2.5
    endloop
  endfacet
  facet normal 0 0 1
    outer loop
      vertex 39.7114 10.8224 2.5
      vertex 39.0268 10.0935 2.5
      vertex 39.0935 10.0268 2.5
    endloop
  endfacet
  facet normal 0 0 1
    outer loop
      vertex 39.5936 10.9263 2.5
      vertex 38.9561 10.1558 2.5
      vertex 39.0268 10.0935 2.5
    endloop
  endfacet
  facet normal 0 0 1
    outer loop
      vertex 38.6387 10.3572 2.5
      vertex 39.0644 11.2621 2.5
      vertex 38.9203 11.3244 2.5
    endloop
  endfacet
  facet normal 0 0 1
    outer loop
      vertex 39.4695 11.0225 2.5
      vertex 38.8817 10.2135 2.5
      vertex 38.9561 10.1558 2.5
    endloop
  endfacet
  facet normal 0 0 1
    outer loop
      vertex 39.3396 11.1108 2.5
      vertex 38.8037 10.2665 2.5
      vertex 38.8817 10.2135 2.5
    endloop
  endfacet
  facet normal 0 0 1
    outer loop
      vertex 38.5522 10.3947 2.5
      vertex 38.9203 11.3244 2.5
      vertex 38.7725 11.3776 2.5
    endloop
  endfacet
  facet normal 0 0 1
    outer loop
      vertex 39.2044 11.1908 2.5
      vertex 38.7226 10.3145 2.5
      vertex 38.8037 10.2665 2.5
    endloop
  endfacet
  facet normal 0 0 1
    outer loop
      vertex 39.0644 11.2621 2.5
      vertex 38.6387 10.3572 2.5
      vertex 38.7226 10.3145 2.5
    endloop
  endfacet
  facet normal 0 0 1
    outer loop
      vertex 38.4635 10.4266 2.5
      vertex 38.7725 11.3776 2.5
      vertex 38.6217 11.4215 2.5
    endloop
  endfacet
  facet normal 0 0 1
    outer loop
      vertex 38.9203 11.3244 2.5
      vertex 38.5522 10.3947 2.5
      vertex 38.6387 10.3572 2.5
    endloop
  endfacet
  facet normal 0 0 1
    outer loop
      vertex 38.373 10.4529 2.5
      vertex 38.6217 11.4215 2.5
      vertex 38.4685 11.4557 2.5
    endloop
  endfacet
  facet normal 0 0 1
    outer loop
      vertex 38.7725 11.3776 2.5
      vertex 38.4635 10.4266 2.5
      vertex 38.5522 10.3947 2.5
    endloop
  endfacet
  facet normal 0 0 1
    outer loop
      vertex 38.6217 11.4215 2.5
      vertex 38.373 10.4529 2.5
      vertex 38.4635 10.4266 2.5
    endloop
  endfacet
  facet normal 0 0 1
    outer loop
      vertex 38.2811 10.4734 2.5
      vertex 38.4685 11.4557 2.5
      vertex 38.3133 11.4803 2.5
    endloop
  endfacet
  facet normal 0 0 1
    outer loop
      vertex 38.4685 11.4557 2.5
      vertex 38.2811 10.4734 2.5
      vertex 38.373 10.4529 2.5
    endloop
  endfacet
  facet normal 0 0 1
    outer loop
      vertex 38.3133 11.4803 2.5
      vertex 38.188 10.4882 2.5
      vertex 38.2811 10.4734 2.5
    endloop
  endfacet
  facet normal 0 0 1
    outer loop
      vertex 38.157 11.4951 2.5
      vertex 38.188 10.4882 2.5
      vertex 38.3133 11.4803 2.5
    endloop
  endfacet
  facet normal 0 0 1
    outer loop
      vertex 38.157 11.4951 2.5
      vertex 38.0942 10.497 2.5
      vertex 38.188 10.4882 2.5
    endloop
  endfacet
  facet normal 0 0 1
    outer loop
      vertex 38 11.5 2.5
      vertex 38.0942 10.497 2.5
      vertex 38.157 11.4951 2.5
    endloop
  endfacet
  facet normal 0 0 1
    outer loop
      vertex 38 11.5 2.5
      vertex 38 10.5 2.5
      vertex 38.0942 10.497 2.5
    endloop
  endfacet
  facet normal 0 0 1
    outer loop
      vertex 38 11.5 2.5
      vertex 37.9058 10.497 2.5
      vertex 38 10.5 2.5
    endloop
  endfacet
  facet normal -0 0 1
    outer loop
      vertex 37.843 11.4951 2.5
      vertex 37.9058 10.497 2.5
      vertex 38 11.5 2.5
    endloop
  endfacet
  facet normal 0 0 1
    outer loop
      vertex 37.843 11.4951 2.5
      vertex 37.812 10.4882 2.5
      vertex 37.9058 10.497 2.5
    endloop
  endfacet
  facet normal -0 0 1
    outer loop
      vertex 37.6867 11.4803 2.5
      vertex 37.812 10.4882 2.5
      vertex 37.843 11.4951 2.5
    endloop
  endfacet
  facet normal 0 0 1
    outer loop
      vertex 37.812 10.4882 2.5
      vertex 37.6867 11.4803 2.5
      vertex 37.7189 10.4734 2.5
    endloop
  endfacet
  facet normal -0 0 1
    outer loop
      vertex 37.5315 11.4557 2.5
      vertex 37.7189 10.4734 2.5
      vertex 37.6867 11.4803 2.5
    endloop
  endfacet
  facet normal 0 0 1
    outer loop
      vertex 37.7189 10.4734 2.5
      vertex 37.5315 11.4557 2.5
      vertex 37.627 10.4529 2.5
    endloop
  endfacet
  facet normal -0 0 1
    outer loop
      vertex 37.3783 11.4215 2.5
      vertex 37.627 10.4529 2.5
      vertex 37.5315 11.4557 2.5
    endloop
  endfacet
  facet normal 0 0 1
    outer loop
      vertex 37.627 10.4529 2.5
      vertex 37.3783 11.4215 2.5
      vertex 37.5365 10.4266 2.5
    endloop
  endfacet
  facet normal -0 0 1
    outer loop
      vertex 37.2275 11.3776 2.5
      vertex 37.5365 10.4266 2.5
      vertex 37.3783 11.4215 2.5
    endloop
  endfacet
  facet normal 0 0 1
    outer loop
      vertex 37.5365 10.4266 2.5
      vertex 37.2275 11.3776 2.5
      vertex 37.4478 10.3947 2.5
    endloop
  endfacet
  facet normal -0 0 1
    outer loop
      vertex 37.0797 11.3244 2.5
      vertex 37.4478 10.3947 2.5
      vertex 37.2275 11.3776 2.5
    endloop
  endfacet
  facet normal 0 0 1
    outer loop
      vertex 37.4478 10.3947 2.5
      vertex 37.0797 11.3244 2.5
      vertex 37.3613 10.3572 2.5
    endloop
  endfacet
  facet normal -0 0 1
    outer loop
      vertex 36.9356 11.2621 2.5
      vertex 37.3613 10.3572 2.5
      vertex 37.0797 11.3244 2.5
    endloop
  endfacet
  facet normal 0 0 1
    outer loop
      vertex 37.3613 10.3572 2.5
      vertex 36.9356 11.2621 2.5
      vertex 37.2774 10.3145 2.5
    endloop
  endfacet
  facet normal -0 0 1
    outer loop
      vertex 36.7956 11.1908 2.5
      vertex 37.2774 10.3145 2.5
      vertex 36.9356 11.2621 2.5
    endloop
  endfacet
  facet normal 0 0 1
    outer loop
      vertex 37.2774 10.3145 2.5
      vertex 36.7956 11.1908 2.5
      vertex 37.1963 10.2665 2.5
    endloop
  endfacet
  facet normal -0 0 1
    outer loop
      vertex 36.6604 11.1108 2.5
      vertex 37.1963 10.2665 2.5
      vertex 36.7956 11.1908 2.5
    endloop
  endfacet
  facet normal 0 0 1
    outer loop
      vertex 37.1963 10.2665 2.5
      vertex 36.6604 11.1108 2.5
      vertex 37.1183 10.2135 2.5
    endloop
  endfacet
  facet normal -0 0 1
    outer loop
      vertex 36.5305 11.0225 2.5
      vertex 37.1183 10.2135 2.5
      vertex 36.6604 11.1108 2.5
    endloop
  endfacet
  facet normal 0 0 1
    outer loop
      vertex 37.1183 10.2135 2.5
      vertex 36.5305 11.0225 2.5
      vertex 37.0439 10.1558 2.5
    endloop
  endfacet
  facet normal -0 0 1
    outer loop
      vertex 36.4064 10.9263 2.5
      vertex 37.0439 10.1558 2.5
      vertex 36.5305 11.0225 2.5
    endloop
  endfacet
  facet normal 0 0 1
    outer loop
      vertex 37.0439 10.1558 2.5
      vertex 36.4064 10.9263 2.5
      vertex 36.9732 10.0935 2.5
    endloop
  endfacet
  facet normal -0 0 1
    outer loop
      vertex 36.2886 10.8224 2.5
      vertex 36.9732 10.0935 2.5
      vertex 36.4064 10.9263 2.5
    endloop
  endfacet
  facet normal 0 0 1
    outer loop
      vertex 36.9732 10.0935 2.5
      vertex 36.2886 10.8224 2.5
      vertex 36.9065 10.0268 2.5
    endloop
  endfacet
  facet normal -0 0 1
    outer loop
      vertex 36.1776 10.7114 2.5
      vertex 36.9065 10.0268 2.5
      vertex 36.2886 10.8224 2.5
    endloop
  endfacet
  facet normal 0 0 1
    outer loop
      vertex 36.9065 10.0268 2.5
      vertex 36.1776 10.7114 2.5
      vertex 36.8442 9.95614 2.5
    endloop
  endfacet
  facet normal -0 0 1
    outer loop
      vertex 36.0737 10.5936 2.5
      vertex 36.8442 9.95614 2.5
      vertex 36.1776 10.7114 2.5
    endloop
  endfacet
  facet normal 0 0 1
    outer loop
      vertex 36.8442 9.95614 2.5
      vertex 36.0737 10.5936 2.5
      vertex 36.7865 9.88168 2.5
    endloop
  endfacet
  facet normal -0 0 1
    outer loop
      vertex 35.9775 10.4695 2.5
      vertex 36.7865 9.88168 2.5
      vertex 36.0737 10.5936 2.5
    endloop
  endfacet
  facet normal 0 0 1
    outer loop
      vertex 36.7865 9.88168 2.5
      vertex 35.9775 10.4695 2.5
      vertex 36.7335 9.80374 2.5
    endloop
  endfacet
  facet normal -0 0 1
    outer loop
      vertex 35.8892 10.3396 2.5
      vertex 36.7335 9.80374 2.5
      vertex 35.9775 10.4695 2.5
    endloop
  endfacet
  facet normal 0 0 1
    outer loop
      vertex 36.7335 9.80374 2.5
      vertex 35.8892 10.3396 2.5
      vertex 36.6855 9.72263 2.5
    endloop
  endfacet
  facet normal -0 0 1
    outer loop
      vertex 35.8092 10.2044 2.5
      vertex 36.6855 9.72263 2.5
      vertex 35.8892 10.3396 2.5
    endloop
  endfacet
  facet normal 0 0 1
    outer loop
      vertex 36.6855 9.72263 2.5
      vertex 35.8092 10.2044 2.5
      vertex 36.6428 9.63867 2.5
    endloop
  endfacet
  facet normal -0 0 1
    outer loop
      vertex 35.7379 10.0644 2.5
      vertex 36.6428 9.63867 2.5
      vertex 35.8092 10.2044 2.5
    endloop
  endfacet
  facet normal 0 0 1
    outer loop
      vertex 40.2621 7.93555 2.5
      vertex 39.3572 8.36133 2.5
      vertex 40.1908 7.79562 2.5
    endloop
  endfacet
  facet normal -0 0 1
    outer loop
      vertex 39.3145 8.27737 2.5
      vertex 40.1908 7.79562 2.5
      vertex 39.3572 8.36133 2.5
    endloop
  endfacet
  facet normal 0 0 1
    outer loop
      vertex 40.1908 7.79562 2.5
      vertex 39.3145 8.27737 2.5
      vertex 40.1108 7.66043 2.5
    endloop
  endfacet
  facet normal -0 0 1
    outer loop
      vertex 39.2665 8.19626 2.5
      vertex 40.1108 7.66043 2.5
      vertex 39.3145 8.27737 2.5
    endloop
  endfacet
  facet normal 0 0 1
    outer loop
      vertex 40.1108 7.66043 2.5
      vertex 39.2665 8.19626 2.5
      vertex 40.0225 7.53054 2.5
    endloop
  endfacet
  facet normal -0 0 1
    outer loop
      vertex 39.2135 8.11832 2.5
      vertex 40.0225 7.53054 2.5
      vertex 39.2665 8.19626 2.5
    endloop
  endfacet
  facet normal 0 0 1
    outer loop
      vertex 40.0225 7.53054 2.5
      vertex 39.2135 8.11832 2.5
      vertex 39.9263 7.40644 2.5
    endloop
  endfacet
  facet normal -0 0 1
    outer loop
      vertex 39.1558 8.04386 2.5
      vertex 39.9263 7.40644 2.5
      vertex 39.2135 8.11832 2.5
    endloop
  endfacet
  facet normal 0 0 1
    outer loop
      vertex 39.9263 7.40644 2.5
      vertex 39.1558 8.04386 2.5
      vertex 39.8224 7.28863 2.5
    endloop
  endfacet
  facet normal -0 0 1
    outer loop
      vertex 39.0935 7.97318 2.5
      vertex 39.8224 7.28863 2.5
      vertex 39.1558 8.04386 2.5
    endloop
  endfacet
  facet normal 0 0 1
    outer loop
      vertex 39.8224 7.28863 2.5
      vertex 39.0935 7.97318 2.5
      vertex 39.7114 7.17758 2.5
    endloop
  endfacet
  facet normal -0 0 1
    outer loop
      vertex 39.0268 7.90655 2.5
      vertex 39.7114 7.17758 2.5
      vertex 39.0935 7.97318 2.5
    endloop
  endfacet
  facet normal 0 0 1
    outer loop
      vertex 39.7114 7.17758 2.5
      vertex 39.0268 7.90655 2.5
      vertex 39.5936 7.07372 2.5
    endloop
  endfacet
  facet normal -0 0 1
    outer loop
      vertex 38.9561 7.84423 2.5
      vertex 39.5936 7.07372 2.5
      vertex 39.0268 7.90655 2.5
    endloop
  endfacet
  facet normal 0 0 1
    outer loop
      vertex 39.5936 7.07372 2.5
      vertex 38.9561 7.84423 2.5
      vertex 39.4695 6.97746 2.5
    endloop
  endfacet
  facet normal -0 0 1
    outer loop
      vertex 38.8817 7.78647 2.5
      vertex 39.4695 6.97746 2.5
      vertex 38.9561 7.84423 2.5
    endloop
  endfacet
  facet normal 0 0 1
    outer loop
      vertex 39.4695 6.97746 2.5
      vertex 38.8817 7.78647 2.5
      vertex 39.3396 6.88918 2.5
    endloop
  endfacet
  facet normal -0 0 1
    outer loop
      vertex 38.8037 7.73351 2.5
      vertex 39.3396 6.88918 2.5
      vertex 38.8817 7.78647 2.5
    endloop
  endfacet
  facet normal 0 0 1
    outer loop
      vertex 39.3396 6.88918 2.5
      vertex 38.8037 7.73351 2.5
      vertex 39.2044 6.80923 2.5
    endloop
  endfacet
  facet normal -0 0 1
    outer loop
      vertex 38.7226 7.68554 2.5
      vertex 39.2044 6.80923 2.5
      vertex 38.8037 7.73351 2.5
    endloop
  endfacet
  facet normal 0 0 1
    outer loop
      vertex 39.2044 6.80923 2.5
      vertex 38.7226 7.68554 2.5
      vertex 39.0644 6.73793 2.5
    endloop
  endfacet
  facet normal -0 0 1
    outer loop
      vertex 38.6387 7.64276 2.5
      vertex 39.0644 6.73793 2.5
      vertex 38.7226 7.68554 2.5
    endloop
  endfacet
  facet normal 0 0 1
    outer loop
      vertex 39.0644 6.73793 2.5
      vertex 38.6387 7.64276 2.5
      vertex 38.9203 6.67556 2.5
    endloop
  endfacet
  facet normal -0 0 1
    outer loop
      vertex 38.5522 7.60534 2.5
      vertex 38.9203 6.67556 2.5
      vertex 38.6387 7.64276 2.5
    endloop
  endfacet
  facet normal 0 0 1
    outer loop
      vertex 38.9203 6.67556 2.5
      vertex 38.5522 7.60534 2.5
      vertex 38.7725 6.62236 2.5
    endloop
  endfacet
  facet normal -0 0 1
    outer loop
      vertex 38.4635 7.57341 2.5
      vertex 38.7725 6.62236 2.5
      vertex 38.5522 7.60534 2.5
    endloop
  endfacet
  facet normal 0 0 1
    outer loop
      vertex 38.7725 6.62236 2.5
      vertex 38.4635 7.57341 2.5
      vertex 38.6217 6.57854 2.5
    endloop
  endfacet
  facet normal -0 0 1
    outer loop
      vertex 38.373 7.54712 2.5
      vertex 38.6217 6.57854 2.5
      vertex 38.4635 7.57341 2.5
    endloop
  endfacet
  facet normal 0 0 1
    outer loop
      vertex 38.6217 6.57854 2.5
      vertex 38.373 7.54712 2.5
      vertex 38.4685 6.54428 2.5
    endloop
  endfacet
  facet normal -0 0 1
    outer loop
      vertex 38.2811 7.52657 2.5
      vertex 38.4685 6.54428 2.5
      vertex 38.373 7.54712 2.5
    endloop
  endfacet
  facet normal 0 0 1
    outer loop
      vertex 38.4685 6.54428 2.5
      vertex 38.2811 7.52657 2.5
      vertex 38.3133 6.51971 2.5
    endloop
  endfacet
  facet normal -0 0 1
    outer loop
      vertex 38.188 7.51183 2.5
      vertex 38.3133 6.51971 2.5
      vertex 38.2811 7.52657 2.5
    endloop
  endfacet
  facet normal 0 0 1
    outer loop
      vertex 38.188 7.51183 2.5
      vertex 38.157 6.50493 2.5
      vertex 38.3133 6.51971 2.5
    endloop
  endfacet
  facet normal -0 0 1
    outer loop
      vertex 38.0942 7.50296 2.5
      vertex 38.157 6.50493 2.5
      vertex 38.188 7.51183 2.5
    endloop
  endfacet
  facet normal -0 0 1
    outer loop
      vertex 38 7.5 2.5
      vertex 38.157 6.50493 2.5
      vertex 38.0942 7.50296 2.5
    endloop
  endfacet
  facet normal 0 0 1
    outer loop
      vertex 38 7.5 2.5
      vertex 38 6.5 2.5
      vertex 38.157 6.50493 2.5
    endloop
  endfacet
  facet normal 0 0 1
    outer loop
      vertex 37.9058 7.50296 2.5
      vertex 38 6.5 2.5
      vertex 38 7.5 2.5
    endloop
  endfacet
  facet normal 0 0 1
    outer loop
      vertex 37.9058 7.50296 2.5
      vertex 37.843 6.50493 2.5
      vertex 38 6.5 2.5
    endloop
  endfacet
  facet normal 0 0 1
    outer loop
      vertex 37.812 7.51183 2.5
      vertex 37.843 6.50493 2.5
      vertex 37.9058 7.50296 2.5
    endloop
  endfacet
  facet normal 0 0 1
    outer loop
      vertex 37.6867 6.51971 2.5
      vertex 37.812 7.51183 2.5
      vertex 37.7189 7.52657 2.5
    endloop
  endfacet
  facet normal 0 0 1
    outer loop
      vertex 37.812 7.51183 2.5
      vertex 37.6867 6.51971 2.5
      vertex 37.843 6.50493 2.5
    endloop
  endfacet
  facet normal 0 0 1
    outer loop
      vertex 37.5315 6.54428 2.5
      vertex 37.7189 7.52657 2.5
      vertex 37.627 7.54712 2.5
    endloop
  endfacet
  facet normal 0 0 1
    outer loop
      vertex 37.3783 6.57854 2.5
      vertex 37.627 7.54712 2.5
      vertex 37.5365 7.57341 2.5
    endloop
  endfacet
  facet normal 0 0 1
    outer loop
      vertex 37.7189 7.52657 2.5
      vertex 37.5315 6.54428 2.5
      vertex 37.6867 6.51971 2.5
    endloop
  endfacet
  facet normal 0 0 1
    outer loop
      vertex 37.2275 6.62236 2.5
      vertex 37.5365 7.57341 2.5
      vertex 37.4478 7.60534 2.5
    endloop
  endfacet
  facet normal 0 0 1
    outer loop
      vertex 37.627 7.54712 2.5
      vertex 37.3783 6.57854 2.5
      vertex 37.5315 6.54428 2.5
    endloop
  endfacet
  facet normal 0 0 1
    outer loop
      vertex 37.0797 6.67556 2.5
      vertex 37.4478 7.60534 2.5
      vertex 37.3613 7.64276 2.5
    endloop
  endfacet
  facet normal 0 0 1
    outer loop
      vertex 36.9356 6.73793 2.5
      vertex 37.3613 7.64276 2.5
      vertex 37.2774 7.68554 2.5
    endloop
  endfacet
  facet normal 0 0 1
    outer loop
      vertex 37.5365 7.57341 2.5
      vertex 37.2275 6.62236 2.5
      vertex 37.3783 6.57854 2.5
    endloop
  endfacet
  facet normal 0 0 1
    outer loop
      vertex 36.7956 6.80923 2.5
      vertex 37.2774 7.68554 2.5
      vertex 37.1963 7.73351 2.5
    endloop
  endfacet
  facet normal 0 0 1
    outer loop
      vertex 36.6604 6.88918 2.5
      vertex 37.1963 7.73351 2.5
      vertex 37.1183 7.78647 2.5
    endloop
  endfacet
  facet normal 0 0 1
    outer loop
      vertex 37.4478 7.60534 2.5
      vertex 37.0797 6.67556 2.5
      vertex 37.2275 6.62236 2.5
    endloop
  endfacet
  facet normal 0 0 1
    outer loop
      vertex 36.5305 6.97746 2.5
      vertex 37.1183 7.78647 2.5
      vertex 37.0439 7.84423 2.5
    endloop
  endfacet
  facet normal 0 0 1
    outer loop
      vertex 36.4064 7.07372 2.5
      vertex 37.0439 7.84423 2.5
      vertex 36.9732 7.90655 2.5
    endloop
  endfacet
  facet normal 0 0 1
    outer loop
      vertex 37.3613 7.64276 2.5
      vertex 36.9356 6.73793 2.5
      vertex 37.0797 6.67556 2.5
    endloop
  endfacet
  facet normal 0 0 1
    outer loop
      vertex 36.2886 7.17758 2.5
      vertex 36.9732 7.90655 2.5
      vertex 36.9065 7.97318 2.5
    endloop
  endfacet
  facet normal 0 0 1
    outer loop
      vertex 36.1776 7.28863 2.5
      vertex 36.9065 7.97318 2.5
      vertex 36.8442 8.04386 2.5
    endloop
  endfacet
  facet normal 0 0 1
    outer loop
      vertex 37.2774 7.68554 2.5
      vertex 36.7956 6.80923 2.5
      vertex 36.9356 6.73793 2.5
    endloop
  endfacet
  facet normal 0 0 1
    outer loop
      vertex 36.0737 7.40644 2.5
      vertex 36.8442 8.04386 2.5
      vertex 36.7865 8.11832 2.5
    endloop
  endfacet
  facet normal 0 0 1
    outer loop
      vertex 35.9775 7.53054 2.5
      vertex 36.7865 8.11832 2.5
      vertex 36.7335 8.19626 2.5
    endloop
  endfacet
  facet normal 0 0 1
    outer loop
      vertex 35.8892 7.66043 2.5
      vertex 36.7335 8.19626 2.5
      vertex 36.6855 8.27737 2.5
    endloop
  endfacet
  facet normal 0 0 1
    outer loop
      vertex 37.1963 7.73351 2.5
      vertex 36.6604 6.88918 2.5
      vertex 36.7956 6.80923 2.5
    endloop
  endfacet
  facet normal 0 0 1
    outer loop
      vertex 35.8092 7.79562 2.5
      vertex 36.6855 8.27737 2.5
      vertex 36.6428 8.36133 2.5
    endloop
  endfacet
  facet normal 0 0 1
    outer loop
      vertex 35.7379 7.93555 2.5
      vertex 36.6428 8.36133 2.5
      vertex 36.6053 8.44781 2.5
    endloop
  endfacet
  facet normal 0 0 1
    outer loop
      vertex 35.6756 8.07969 2.5
      vertex 36.6053 8.44781 2.5
      vertex 36.5734 8.53647 2.5
    endloop
  endfacet
  facet normal 0 0 1
    outer loop
      vertex 35.6224 8.22746 2.5
      vertex 36.5734 8.53647 2.5
      vertex 36.5471 8.62696 2.5
    endloop
  endfacet
  facet normal 0 0 1
    outer loop
      vertex 37.1183 7.78647 2.5
      vertex 36.5305 6.97746 2.5
      vertex 36.6604 6.88918 2.5
    endloop
  endfacet
  facet normal 0 0 1
    outer loop
      vertex 35.5785 8.37827 2.5
      vertex 36.5471 8.62696 2.5
      vertex 36.5266 8.71893 2.5
    endloop
  endfacet
  facet normal 0 0 1
    outer loop
      vertex 35.5443 8.53155 2.5
      vertex 36.5266 8.71893 2.5
      vertex 36.5118 8.812 2.5
    endloop
  endfacet
  facet normal 0 0 1
    outer loop
      vertex 35.5197 8.68667 2.5
      vertex 36.5118 8.812 2.5
      vertex 36.503 8.90581 2.5
    endloop
  endfacet
  facet normal 0 0 1
    outer loop
      vertex 35.5049 8.84302 2.5
      vertex 36.503 8.90581 2.5
      vertex 36.5 9 2.5
    endloop
  endfacet
  facet normal 0 0 1
    outer loop
      vertex 36.6428 9.63867 2.5
      vertex 35.7379 10.0644 2.5
      vertex 36.6053 9.55219 2.5
    endloop
  endfacet
  facet normal 0 0 1
    outer loop
      vertex 37.0439 7.84423 2.5
      vertex 36.4064 7.07372 2.5
      vertex 36.5305 6.97746 2.5
    endloop
  endfacet
  facet normal -0 0 1
    outer loop
      vertex 35.6756 9.92031 2.5
      vertex 36.6053 9.55219 2.5
      vertex 35.7379 10.0644 2.5
    endloop
  endfacet
  facet normal 0 0 1
    outer loop
      vertex 36.9732 7.90655 2.5
      vertex 36.2886 7.17758 2.5
      vertex 36.4064 7.07372 2.5
    endloop
  endfacet
  facet normal 0 0 1
    outer loop
      vertex 36.6053 9.55219 2.5
      vertex 35.6756 9.92031 2.5
      vertex 36.5734 9.46352 2.5
    endloop
  endfacet
  facet normal 0 0 1
    outer loop
      vertex 36.9065 7.97318 2.5
      vertex 36.1776 7.28863 2.5
      vertex 36.2886 7.17758 2.5
    endloop
  endfacet
  facet normal -0 0 1
    outer loop
      vertex 35.6224 9.77254 2.5
      vertex 36.5734 9.46352 2.5
      vertex 35.6756 9.92031 2.5
    endloop
  endfacet
  facet normal 0 0 1
    outer loop
      vertex 36.8442 8.04386 2.5
      vertex 36.0737 7.40644 2.5
      vertex 36.1776 7.28863 2.5
    endloop
  endfacet
  facet normal 0 0 1
    outer loop
      vertex 36.5734 9.46352 2.5
      vertex 35.6224 9.77254 2.5
      vertex 36.5471 9.37303 2.5
    endloop
  endfacet
  facet normal 0 0 1
    outer loop
      vertex 36.7865 8.11832 2.5
      vertex 35.9775 7.53054 2.5
      vertex 36.0737 7.40644 2.5
    endloop
  endfacet
  facet normal -0 0 1
    outer loop
      vertex 35.5785 9.62172 2.5
      vertex 36.5471 9.37303 2.5
      vertex 35.6224 9.77254 2.5
    endloop
  endfacet
  facet normal 0 0 1
    outer loop
      vertex 36.7335 8.19626 2.5
      vertex 35.8892 7.66043 2.5
      vertex 35.9775 7.53054 2.5
    endloop
  endfacet
  facet normal 0 0 1
    outer loop
      vertex 36.5471 9.37303 2.5
      vertex 35.5785 9.62172 2.5
      vertex 36.5266 9.28107 2.5
    endloop
  endfacet
  facet normal 0 0 1
    outer loop
      vertex 36.6855 8.27737 2.5
      vertex 35.8092 7.79562 2.5
      vertex 35.8892 7.66043 2.5
    endloop
  endfacet
  facet normal -0 0 1
    outer loop
      vertex 35.5443 9.46845 2.5
      vertex 36.5266 9.28107 2.5
      vertex 35.5785 9.62172 2.5
    endloop
  endfacet
  facet normal 0 0 1
    outer loop
      vertex 36.6428 8.36133 2.5
      vertex 35.7379 7.93555 2.5
      vertex 35.8092 7.79562 2.5
    endloop
  endfacet
  facet normal 0 0 1
    outer loop
      vertex 36.5266 9.28107 2.5
      vertex 35.5443 9.46845 2.5
      vertex 36.5118 9.188 2.5
    endloop
  endfacet
  facet normal 0 0 1
    outer loop
      vertex 36.6053 8.44781 2.5
      vertex 35.6756 8.07969 2.5
      vertex 35.7379 7.93555 2.5
    endloop
  endfacet
  facet normal -0 0 1
    outer loop
      vertex 35.5197 9.31333 2.5
      vertex 36.5118 9.188 2.5
      vertex 35.5443 9.46845 2.5
    endloop
  endfacet
  facet normal 0 0 1
    outer loop
      vertex 36.5734 8.53647 2.5
      vertex 35.6224 8.22746 2.5
      vertex 35.6756 8.07969 2.5
    endloop
  endfacet
  facet normal 0 0 1
    outer loop
      vertex 36.5118 9.188 2.5
      vertex 35.5197 9.31333 2.5
      vertex 36.503 9.09418 2.5
    endloop
  endfacet
  facet normal 0 0 1
    outer loop
      vertex 36.5471 8.62696 2.5
      vertex 35.5785 8.37827 2.5
      vertex 35.6224 8.22746 2.5
    endloop
  endfacet
  facet normal -0 0 1
    outer loop
      vertex 35.5049 9.15698 2.5
      vertex 36.503 9.09418 2.5
      vertex 35.5197 9.31333 2.5
    endloop
  endfacet
  facet normal 0 0 1
    outer loop
      vertex 36.5266 8.71893 2.5
      vertex 35.5443 8.53155 2.5
      vertex 35.5785 8.37827 2.5
    endloop
  endfacet
  facet normal 0 0 1
    outer loop
      vertex 36.503 9.09418 2.5
      vertex 35.5049 9.15698 2.5
      vertex 36.5 9 2.5
    endloop
  endfacet
  facet normal 0 0 1
    outer loop
      vertex 36.5118 8.812 2.5
      vertex 35.5197 8.68667 2.5
      vertex 35.5443 8.53155 2.5
    endloop
  endfacet
  facet normal 0 0 1
    outer loop
      vertex 35.5 9 2.5
      vertex 36.5 9 2.5
      vertex 35.5049 9.15698 2.5
    endloop
  endfacet
  facet normal 0 0 1
    outer loop
      vertex 36.503 8.90581 2.5
      vertex 35.5049 8.84302 2.5
      vertex 35.5197 8.68667 2.5
    endloop
  endfacet
  facet normal 0 0 1
    outer loop
      vertex 36.5 9 2.5
      vertex 35.5 9 2.5
      vertex 35.5049 8.84302 2.5
    endloop
  endfacet
  facet normal 0.999513 -0.031199 0
    outer loop
      vertex 35.5 9 2.5
      vertex 35.5049 9.15698 4.72659
      vertex 35.5 9 4.72954
    endloop
  endfacet
  facet normal 0.999513 -0.031199 0
    outer loop
      vertex 35.5049 9.15698 4.72659
      vertex 35.5 9 2.5
      vertex 35.5049 9.15698 2.5
    endloop
  endfacet
  facet normal 0.940882 -0.338735 0
    outer loop
      vertex 35.6224 9.77254 2.5
      vertex 35.6756 9.92031 4.61515
      vertex 35.6224 9.77254 4.65461
    endloop
  endfacet
  facet normal 0.940882 -0.338735 0
    outer loop
      vertex 35.6756 9.92031 4.61515
      vertex 35.6224 9.77254 2.5
      vertex 35.6756 9.92031 2.5
    endloop
  endfacet
  facet normal 0.975998 -0.21778 0
    outer loop
      vertex 35.5443 9.46845 2.5
      vertex 35.5785 9.62172 4.68247
      vertex 35.5443 9.46845 4.703
    endloop
  endfacet
  facet normal 0.975998 -0.21778 0
    outer loop
      vertex 35.5785 9.62172 4.68247
      vertex 35.5443 9.46845 2.5
      vertex 35.5785 9.62172 2.5
    endloop
  endfacet
  facet normal 0.860622 -0.509244 0
    outer loop
      vertex 35.8092 10.2044 5
      vertex 35.8892 10.3396 2.5
      vertex 35.8892 10.3396 5
    endloop
  endfacet
  facet normal 0.860622 -0.509244 0
    outer loop
      vertex 35.8892 10.3396 2.5
      vertex 35.8092 10.2044 5
      vertex 35.8092 10.2044 2.5
    endloop
  endfacet
  facet normal 0.827021 -0.562171 0
    outer loop
      vertex 35.8892 10.3396 5
      vertex 35.9775 10.4695 2.5
      vertex 35.9775 10.4695 5
    endloop
  endfacet
  facet normal 0.827021 -0.562171 0
    outer loop
      vertex 35.9775 10.4695 2.5
      vertex 35.8892 10.3396 5
      vertex 35.8892 10.3396 2.5
    endloop
  endfacet
  facet normal 0.156551 -0.98767 0
    outer loop
      vertex 37.5315 11.4557 2.5
      vertex 37.6867 11.4803 5
      vertex 37.5315 11.4557 5
    endloop
  endfacet
  facet normal 0.156551 -0.98767 0
    outer loop
      vertex 37.6867 11.4803 5
      vertex 37.5315 11.4557 2.5
      vertex 37.6867 11.4803 2.5
    endloop
  endfacet
  facet normal 0.562171 -0.827021 0
    outer loop
      vertex 36.5305 11.0225 2.5
      vertex 36.6604 11.1108 5
      vertex 36.5305 11.0225 5
    endloop
  endfacet
  facet normal 0.562171 -0.827021 0
    outer loop
      vertex 36.6604 11.1108 5
      vertex 36.5305 11.0225 2.5
      vertex 36.6604 11.1108 2.5
    endloop
  endfacet
  facet normal 0.453821 -0.891093 0
    outer loop
      vertex 36.7956 11.1908 2.5
      vertex 36.9356 11.2621 5
      vertex 36.7956 11.1908 5
    endloop
  endfacet
  facet normal 0.453821 -0.891093 0
    outer loop
      vertex 36.9356 11.2621 5
      vertex 36.7956 11.1908 2.5
      vertex 36.9356 11.2621 2.5
    endloop
  endfacet
  facet normal 0.707107 -0.707107 0
    outer loop
      vertex 36.1776 10.7114 5
      vertex 36.2886 10.8224 2.5
      vertex 36.2886 10.8224 5
    endloop
  endfacet
  facet normal 0.707107 -0.707107 0
    outer loop
      vertex 36.2886 10.8224 2.5
      vertex 36.1776 10.7114 5
      vertex 36.1776 10.7114 2.5
    endloop
  endfacet
  facet normal -0.940882 0.338735 0
    outer loop
      vertex 40.3244 8.07969 2.5
      vertex 40.3776 8.22746 5
      vertex 40.3776 8.22746 2.5
    endloop
  endfacet
  facet normal -0.940882 0.338735 0
    outer loop
      vertex 40.3776 8.22746 5
      vertex 40.3244 8.07969 2.5
      vertex 40.3244 8.07969 5
    endloop
  endfacet
  facet normal -0.218239 0.975895 0
    outer loop
      vertex 38.6217 6.57854 2.5
      vertex 38.4685 6.54428 5
      vertex 38.6217 6.57854 5
    endloop
  endfacet
  facet normal -0.218239 0.975895 0
    outer loop
      vertex 38.4685 6.54428 5
      vertex 38.6217 6.57854 2.5
      vertex 38.4685 6.54428 2.5
    endloop
  endfacet
  facet normal -0.453821 0.891093 0
    outer loop
      vertex 39.2044 6.80923 2.5
      vertex 39.0644 6.73793 5
      vertex 39.2044 6.80923 5
    endloop
  endfacet
  facet normal -0.453821 0.891093 0
    outer loop
      vertex 39.0644 6.73793 5
      vertex 39.2044 6.80923 2.5
      vertex 39.0644 6.73793 2.5
    endloop
  endfacet
  facet normal -0.860606 0.509272 0
    outer loop
      vertex 40.1108 7.66043 2.5
      vertex 40.1908 7.79562 5
      vertex 40.1908 7.79562 2.5
    endloop
  endfacet
  facet normal -0.860606 0.509272 0
    outer loop
      vertex 40.1908 7.79562 5
      vertex 40.1108 7.66043 2.5
      vertex 40.1108 7.66043 5
    endloop
  endfacet
  facet normal 0.0313858 0.999507 -0
    outer loop
      vertex 38 6.5 2.5
      vertex 37.843 6.50493 5
      vertex 38 6.5 5
    endloop
  endfacet
  facet normal 0.0313858 0.999507 0
    outer loop
      vertex 37.843 6.50493 5
      vertex 38 6.5 2.5
      vertex 37.843 6.50493 2.5
    endloop
  endfacet
  facet normal 0.338674 0.940904 -0
    outer loop
      vertex 37.2275 6.62236 2.5
      vertex 37.0797 6.67556 5
      vertex 37.2275 6.62236 5
    endloop
  endfacet
  facet normal 0.338674 0.940904 0
    outer loop
      vertex 37.0797 6.67556 5
      vertex 37.2275 6.62236 2.5
      vertex 37.0797 6.67556 2.5
    endloop
  endfacet
  facet normal 0.509008 0.860762 -0
    outer loop
      vertex 36.7956 6.80923 2.5
      vertex 36.6604 6.88918 5
      vertex 36.7956 6.80923 5
    endloop
  endfacet
  facet normal 0.509008 0.860762 0
    outer loop
      vertex 36.6604 6.88918 5
      vertex 36.7956 6.80923 2.5
      vertex 36.6604 6.88918 2.5
    endloop
  endfacet
  facet normal 0.99555 0.0942382 0
    outer loop
      vertex 35.5197 8.68667 4.71773
      vertex 35.5049 8.84302 2.5
      vertex 35.5049 8.84302 4.72659
    endloop
  endfacet
  facet normal 0.99555 0.0942382 0
    outer loop
      vertex 35.5049 8.84302 2.5
      vertex 35.5197 8.68667 4.71773
      vertex 35.5197 8.68667 2.5
    endloop
  endfacet
  facet normal 0.828826 0.559479 0.0055666
    outer loop
      vertex 35.9775 7.53054 4.34442
      vertex 35.8892 7.66043 4.43688
      vertex 35.9142 7.62362 4.4142
    endloop
  endfacet
  facet normal 0.827001 0.5622 0
    outer loop
      vertex 35.8892 7.66043 4.43688
      vertex 35.9775 7.53054 4.34442
      vertex 35.8892 7.66043 2.5
    endloop
  endfacet
  facet normal 0.827001 0.5622 0
    outer loop
      vertex 35.8892 7.66043 2.5
      vertex 35.9775 7.53054 4.34442
      vertex 35.9775 7.53054 2.5
    endloop
  endfacet
  facet normal 0.890719 0.454554 0
    outer loop
      vertex 35.7688 7.875 4.54602
      vertex 35.7379 7.93555 2.5
      vertex 35.7379 7.93555 4.5689
    endloop
  endfacet
  facet normal 0.891209 0.453592 -3.58468e-05
    outer loop
      vertex 35.8092 7.79562 4.50935
      vertex 35.7379 7.93555 2.5
      vertex 35.7688 7.875 4.54602
    endloop
  endfacet
  facet normal 0.891001 0.454001 0
    outer loop
      vertex 35.7379 7.93555 2.5
      vertex 35.8092 7.79562 4.50935
      vertex 35.8092 7.79562 2.5
    endloop
  endfacet
  facet normal -0.99555 -0.0942382 0
    outer loop
      vertex 40.4951 9.15698 2.5
      vertex 40.4803 9.31333 5
      vertex 40.4803 9.31333 2.5
    endloop
  endfacet
  facet normal -0.99555 -0.0942382 0
    outer loop
      vertex 40.4803 9.31333 5
      vertex 40.4951 9.15698 2.5
      vertex 40.4951 9.15698 5
    endloop
  endfacet
  facet normal -0.987657 -0.15663 0
    outer loop
      vertex 40.4803 9.31333 2.5
      vertex 40.4557 9.46845 5
      vertex 40.4557 9.46845 2.5
    endloop
  endfacet
  facet normal -0.987657 -0.15663 0
    outer loop
      vertex 40.4557 9.46845 5
      vertex 40.4803 9.31333 2.5
      vertex 40.4803 9.31333 5
    endloop
  endfacet
  facet normal -0.940882 -0.338735 0
    outer loop
      vertex 40.3776 9.77254 2.5
      vertex 40.3244 9.92031 5
      vertex 40.3244 9.92031 2.5
    endloop
  endfacet
  facet normal -0.940882 -0.338735 0
    outer loop
      vertex 40.3244 9.92031 5
      vertex 40.3776 9.77254 2.5
      vertex 40.3776 9.77254 5
    endloop
  endfacet
  facet normal -0.960152 -0.279477 0
    outer loop
      vertex 40.4215 9.62172 2.5
      vertex 40.3776 9.77254 5
      vertex 40.3776 9.77254 2.5
    endloop
  endfacet
  facet normal -0.960152 -0.279477 0
    outer loop
      vertex 40.3776 9.77254 5
      vertex 40.4215 9.62172 2.5
      vertex 40.4215 9.62172 5
    endloop
  endfacet
  facet normal -0.860622 -0.509244 0
    outer loop
      vertex 40.1908 10.2044 2.5
      vertex 40.1108 10.3396 5
      vertex 40.1108 10.3396 2.5
    endloop
  endfacet
  facet normal -0.860622 -0.509244 0
    outer loop
      vertex 40.1108 10.3396 5
      vertex 40.1908 10.2044 2.5
      vertex 40.1908 10.2044 5
    endloop
  endfacet
  facet normal -0.749968 -0.661474 0
    outer loop
      vertex 39.9263 10.5936 2.5
      vertex 39.8224 10.7114 5
      vertex 39.8224 10.7114 2.5
    endloop
  endfacet
  facet normal -0.749968 -0.661474 0
    outer loop
      vertex 39.8224 10.7114 5
      vertex 39.9263 10.5936 2.5
      vertex 39.9263 10.5936 5
    endloop
  endfacet
  facet normal -0.790346 -0.612661 0
    outer loop
      vertex 40.0225 10.4695 2.5
      vertex 39.9263 10.5936 5
      vertex 39.9263 10.5936 2.5
    endloop
  endfacet
  facet normal -0.790346 -0.612661 0
    outer loop
      vertex 39.9263 10.5936 5
      vertex 40.0225 10.4695 2.5
      vertex 40.0225 10.4695 5
    endloop
  endfacet
  facet normal -0.612661 -0.790346 0
    outer loop
      vertex 39.4695 11.0225 2.5
      vertex 39.5936 10.9263 5
      vertex 39.4695 11.0225 5
    endloop
  endfacet
  facet normal -0.612661 -0.790346 -0
    outer loop
      vertex 39.5936 10.9263 5
      vertex 39.4695 11.0225 2.5
      vertex 39.5936 10.9263 2.5
    endloop
  endfacet
  facet normal 0.031195 -0.999513 0
    outer loop
      vertex 37.843 11.4951 2.5
      vertex 38 11.5 5
      vertex 37.843 11.4951 5
    endloop
  endfacet
  facet normal 0.031195 -0.999513 0
    outer loop
      vertex 38 11.5 5
      vertex 37.843 11.4951 2.5
      vertex 38 11.5 2.5
    endloop
  endfacet
  facet normal -0.453821 -0.891093 0
    outer loop
      vertex 39.0644 11.2621 2.5
      vertex 39.2044 11.1908 5
      vertex 39.0644 11.2621 5
    endloop
  endfacet
  facet normal -0.453821 -0.891093 -0
    outer loop
      vertex 39.2044 11.1908 5
      vertex 39.0644 11.2621 2.5
      vertex 39.2044 11.1908 2.5
    endloop
  endfacet
  facet normal -0.156551 -0.98767 0
    outer loop
      vertex 38.3133 11.4803 2.5
      vertex 38.4685 11.4557 5
      vertex 38.3133 11.4803 5
    endloop
  endfacet
  facet normal -0.156551 -0.98767 -0
    outer loop
      vertex 38.4685 11.4557 5
      vertex 38.3133 11.4803 2.5
      vertex 38.4685 11.4557 2.5
    endloop
  endfacet
  facet normal -0.094268 -0.995547 0
    outer loop
      vertex 38.157 11.4951 2.5
      vertex 38.3133 11.4803 5
      vertex 38.157 11.4951 5
    endloop
  endfacet
  facet normal -0.094268 -0.995547 -0
    outer loop
      vertex 38.3133 11.4803 5
      vertex 38.157 11.4951 2.5
      vertex 38.3133 11.4803 2.5
    endloop
  endfacet
  facet normal -0.279511 -0.960142 0
    outer loop
      vertex 38.6217 11.4215 2.5
      vertex 38.7725 11.3776 5
      vertex 38.6217 11.4215 5
    endloop
  endfacet
  facet normal -0.279511 -0.960142 -0
    outer loop
      vertex 38.7725 11.3776 5
      vertex 38.6217 11.4215 2.5
      vertex 38.7725 11.3776 2.5
    endloop
  endfacet
  facet normal 0.987657 -0.15663 0
    outer loop
      vertex 35.5197 9.31333 2.5
      vertex 35.5443 9.46845 4.703
      vertex 35.5197 9.31333 4.71773
    endloop
  endfacet
  facet normal 0.987657 -0.15663 0
    outer loop
      vertex 35.5443 9.46845 4.703
      vertex 35.5197 9.31333 2.5
      vertex 35.5443 9.46845 2.5
    endloop
  endfacet
  facet normal 0.99555 -0.0942382 0
    outer loop
      vertex 35.5049 9.15698 2.5
      vertex 35.5197 9.31333 4.71773
      vertex 35.5049 9.15698 4.72659
    endloop
  endfacet
  facet normal 0.99555 -0.0942382 0
    outer loop
      vertex 35.5197 9.31333 4.71773
      vertex 35.5049 9.15698 2.5
      vertex 35.5197 9.31333 2.5
    endloop
  endfacet
  facet normal 0.959824 -0.280603 8.55127e-05
    outer loop
      vertex 35.5785 9.62172 2.5
      vertex 35.6224 9.77254 4.65461
      vertex 35.6111 9.73389 4.66293
    endloop
  endfacet
  facet normal 0.960267 -0.279083 0
    outer loop
      vertex 35.5785 9.62172 2.5
      vertex 35.6111 9.73389 4.66293
      vertex 35.5785 9.62172 4.68247
    endloop
  endfacet
  facet normal 0.960152 -0.279477 0
    outer loop
      vertex 35.6224 9.77254 4.65461
      vertex 35.5785 9.62172 2.5
      vertex 35.6224 9.77254 2.5
    endloop
  endfacet
  facet normal 0.891093 -0.453821 0
    outer loop
      vertex 35.7379 10.0644 5
      vertex 35.8092 10.2044 2.5
      vertex 35.8092 10.2044 5
    endloop
  endfacet
  facet normal 0.891093 -0.453821 0
    outer loop
      vertex 35.8092 10.2044 2.5
      vertex 35.7379 10.0644 5
      vertex 35.7379 10.0644 2.5
    endloop
  endfacet
  facet normal 0.790346 -0.612661 0
    outer loop
      vertex 35.9775 10.4695 5
      vertex 36.0737 10.5936 2.5
      vertex 36.0737 10.5936 5
    endloop
  endfacet
  facet normal 0.790346 -0.612661 0
    outer loop
      vertex 36.0737 10.5936 2.5
      vertex 35.9775 10.4695 5
      vertex 35.9775 10.4695 2.5
    endloop
  endfacet
  facet normal 0.279511 -0.960142 0
    outer loop
      vertex 37.2275 11.3776 2.5
      vertex 37.3783 11.4215 5
      vertex 37.2275 11.3776 5
    endloop
  endfacet
  facet normal 0.279511 -0.960142 0
    outer loop
      vertex 37.3783 11.4215 5
      vertex 37.2275 11.3776 2.5
      vertex 37.3783 11.4215 2.5
    endloop
  endfacet
  facet normal 0.338674 -0.940904 0
    outer loop
      vertex 37.0797 11.3244 2.5
      vertex 37.2275 11.3776 5
      vertex 37.0797 11.3244 5
    endloop
  endfacet
  facet normal 0.338674 -0.940904 0
    outer loop
      vertex 37.2275 11.3776 5
      vertex 37.0797 11.3244 2.5
      vertex 37.2275 11.3776 2.5
    endloop
  endfacet
  facet normal 0.094268 -0.995547 0
    outer loop
      vertex 37.6867 11.4803 2.5
      vertex 37.843 11.4951 5
      vertex 37.6867 11.4803 5
    endloop
  endfacet
  facet normal 0.094268 -0.995547 0
    outer loop
      vertex 37.843 11.4951 5
      vertex 37.6867 11.4803 2.5
      vertex 37.843 11.4951 2.5
    endloop
  endfacet
  facet normal 0.509244 -0.860622 0
    outer loop
      vertex 36.6604 11.1108 2.5
      vertex 36.7956 11.1908 5
      vertex 36.6604 11.1108 5
    endloop
  endfacet
  facet normal 0.509244 -0.860622 0
    outer loop
      vertex 36.7956 11.1908 5
      vertex 36.6604 11.1108 2.5
      vertex 36.7956 11.1908 2.5
    endloop
  endfacet
  facet normal 0.661474 -0.749968 0
    outer loop
      vertex 36.2886 10.8224 2.5
      vertex 36.4064 10.9263 5
      vertex 36.2886 10.8224 5
    endloop
  endfacet
  facet normal 0.661474 -0.749968 0
    outer loop
      vertex 36.4064 10.9263 5
      vertex 36.2886 10.8224 2.5
      vertex 36.4064 10.9263 2.5
    endloop
  endfacet
  facet normal 0.612661 -0.790346 0
    outer loop
      vertex 36.4064 10.9263 2.5
      vertex 36.5305 11.0225 5
      vertex 36.4064 10.9263 5
    endloop
  endfacet
  facet normal 0.612661 -0.790346 0
    outer loop
      vertex 36.5305 11.0225 5
      vertex 36.4064 10.9263 2.5
      vertex 36.5305 11.0225 2.5
    endloop
  endfacet
  facet normal -0.999513 -0.031199 0
    outer loop
      vertex 40.5 9 2.5
      vertex 40.4951 9.15698 5
      vertex 40.4951 9.15698 2.5
    endloop
  endfacet
  facet normal -0.999513 -0.031199 0
    outer loop
      vertex 40.4951 9.15698 5
      vertex 40.5 9 2.5
      vertex 40.5 9 5
    endloop
  endfacet
  facet normal -0.987657 0.15663 0
    outer loop
      vertex 40.4557 8.53155 2.5
      vertex 40.4803 8.68667 5
      vertex 40.4803 8.68667 2.5
    endloop
  endfacet
  facet normal -0.987657 0.15663 0
    outer loop
      vertex 40.4803 8.68667 5
      vertex 40.4557 8.53155 2.5
      vertex 40.4557 8.53155 5
    endloop
  endfacet
  facet normal -0.0941418 0.995559 0
    outer loop
      vertex 38.3133 6.51971 2.5
      vertex 38.157 6.50493 5
      vertex 38.3133 6.51971 5
    endloop
  endfacet
  facet normal -0.0941418 0.995559 0
    outer loop
      vertex 38.157 6.50493 5
      vertex 38.3133 6.51971 2.5
      vertex 38.157 6.50493 2.5
    endloop
  endfacet
  facet normal -0.976001 0.217766 0
    outer loop
      vertex 40.4215 8.37827 2.5
      vertex 40.4557 8.53155 5
      vertex 40.4557 8.53155 2.5
    endloop
  endfacet
  facet normal -0.976001 0.217766 0
    outer loop
      vertex 40.4557 8.53155 5
      vertex 40.4215 8.37827 2.5
      vertex 40.4215 8.37827 5
    endloop
  endfacet
  facet normal -0.397214 0.917726 0
    outer loop
      vertex 39.0644 6.73793 2.5
      vertex 38.9203 6.67556 5
      vertex 39.0644 6.73793 5
    endloop
  endfacet
  facet normal -0.397214 0.917726 0
    outer loop
      vertex 38.9203 6.67556 5
      vertex 39.0644 6.73793 2.5
      vertex 38.9203 6.67556 2.5
    endloop
  endfacet
  facet normal -0.279041 0.960279 0
    outer loop
      vertex 38.7725 6.62236 2.5
      vertex 38.6217 6.57854 5
      vertex 38.7725 6.62236 5
    endloop
  endfacet
  facet normal -0.279041 0.960279 0
    outer loop
      vertex 38.6217 6.57854 5
      vertex 38.7725 6.62236 2.5
      vertex 38.6217 6.57854 2.5
    endloop
  endfacet
  facet normal -0.6129 0.790161 0
    outer loop
      vertex 39.5936 7.07372 2.5
      vertex 39.4695 6.97746 5
      vertex 39.5936 7.07372 5
    endloop
  endfacet
  facet normal -0.6129 0.790161 0
    outer loop
      vertex 39.4695 6.97746 5
      vertex 39.5936 7.07372 2.5
      vertex 39.4695 6.97746 2.5
    endloop
  endfacet
  facet normal -0.707266 0.706948 0
    outer loop
      vertex 39.7114 7.17758 2.5
      vertex 39.8224 7.28863 5
      vertex 39.8224 7.28863 2.5
    endloop
  endfacet
  facet normal -0.707266 0.706948 0
    outer loop
      vertex 39.8224 7.28863 5
      vertex 39.7114 7.17758 2.5
      vertex 39.7114 7.17758 5
    endloop
  endfacet
  facet normal -0.509008 0.860762 0
    outer loop
      vertex 39.3396 6.88918 2.5
      vertex 39.2044 6.80923 5
      vertex 39.3396 6.88918 5
    endloop
  endfacet
  facet normal -0.509008 0.860762 0
    outer loop
      vertex 39.2044 6.80923 5
      vertex 39.3396 6.88918 2.5
      vertex 39.2044 6.80923 2.5
    endloop
  endfacet
  facet normal -0.891001 0.454001 0
    outer loop
      vertex 40.1908 7.79562 2.5
      vertex 40.2621 7.93555 5
      vertex 40.2621 7.93555 2.5
    endloop
  endfacet
  facet normal -0.891001 0.454001 0
    outer loop
      vertex 40.2621 7.93555 5
      vertex 40.1908 7.79562 2.5
      vertex 40.1908 7.79562 5
    endloop
  endfacet
  facet normal -0.827001 0.5622 0
    outer loop
      vertex 40.0225 7.53054 2.5
      vertex 40.1108 7.66043 5
      vertex 40.1108 7.66043 2.5
    endloop
  endfacet
  facet normal -0.827001 0.5622 0
    outer loop
      vertex 40.1108 7.66043 5
      vertex 40.0225 7.53054 2.5
      vertex 40.0225 7.53054 5
    endloop
  endfacet
  facet normal 0.156365 0.987699 -0
    outer loop
      vertex 37.6867 6.51971 2.5
      vertex 37.5315 6.54428 5
      vertex 37.6867 6.51971 5
    endloop
  endfacet
  facet normal 0.156365 0.987699 0
    outer loop
      vertex 37.5315 6.54428 5
      vertex 37.6867 6.51971 2.5
      vertex 37.5315 6.54428 2.5
    endloop
  endfacet
  facet normal 0.279041 0.960279 -0
    outer loop
      vertex 37.3783 6.57854 2.5
      vertex 37.2275 6.62236 5
      vertex 37.3783 6.57854 5
    endloop
  endfacet
  facet normal 0.279041 0.960279 0
    outer loop
      vertex 37.2275 6.62236 5
      vertex 37.3783 6.57854 2.5
      vertex 37.2275 6.62236 2.5
    endloop
  endfacet
  facet normal 0.453821 0.891093 -0
    outer loop
      vertex 36.9356 6.73793 2.5
      vertex 36.7956 6.80923 5
      vertex 36.9356 6.73793 5
    endloop
  endfacet
  facet normal 0.453821 0.891093 0
    outer loop
      vertex 36.7956 6.80923 5
      vertex 36.9356 6.73793 2.5
      vertex 36.7956 6.80923 2.5
    endloop
  endfacet
  facet normal 0.562084 0.82708 -0
    outer loop
      vertex 36.6604 6.88918 2.5
      vertex 36.5305 6.97746 5
      vertex 36.6604 6.88918 5
    endloop
  endfacet
  facet normal 0.562084 0.82708 0
    outer loop
      vertex 36.5305 6.97746 5
      vertex 36.6604 6.88918 2.5
      vertex 36.5305 6.97746 2.5
    endloop
  endfacet
  facet normal 0.917929 0.396746 0
    outer loop
      vertex 35.7379 7.93555 4.5689
      vertex 35.6756 8.07969 2.5
      vertex 35.6756 8.07969 4.61515
    endloop
  endfacet
  facet normal 0.917929 0.396746 0
    outer loop
      vertex 35.6756 8.07969 2.5
      vertex 35.7379 7.93555 4.5689
      vertex 35.7379 7.93555 2.5
    endloop
  endfacet
  facet normal 0.96026 0.279106 0
    outer loop
      vertex 35.6111 8.26611 4.66293
      vertex 35.5785 8.37827 2.5
      vertex 35.5785 8.37827 4.68247
    endloop
  endfacet
  facet normal 0.959824 0.280603 8.42297e-05
    outer loop
      vertex 35.6224 8.22746 4.65461
      vertex 35.5785 8.37827 2.5
      vertex 35.6111 8.26611 4.66293
    endloop
  endfacet
  facet normal 0.960147 0.279494 0
    outer loop
      vertex 35.5785 8.37827 2.5
      vertex 35.6224 8.22746 4.65461
      vertex 35.6224 8.22746 2.5
    endloop
  endfacet
  facet normal 0.940882 0.338735 0
    outer loop
      vertex 35.6756 8.07969 4.61515
      vertex 35.6224 8.22746 2.5
      vertex 35.6224 8.22746 4.65461
    endloop
  endfacet
  facet normal 0.940882 0.338735 0
    outer loop
      vertex 35.6224 8.22746 2.5
      vertex 35.6756 8.07969 4.61515
      vertex 35.6756 8.07969 2.5
    endloop
  endfacet
  facet normal 0.976001 0.217766 0
    outer loop
      vertex 35.5785 8.37827 4.68247
      vertex 35.5443 8.53155 2.5
      vertex 35.5443 8.53155 4.703
    endloop
  endfacet
  facet normal 0.976001 0.217766 0
    outer loop
      vertex 35.5443 8.53155 2.5
      vertex 35.5785 8.37827 4.68247
      vertex 35.5785 8.37827 2.5
    endloop
  endfacet
  facet normal 0.860606 0.509272 0
    outer loop
      vertex 35.8892 7.66043 4.43688
      vertex 35.8092 7.79562 2.5
      vertex 35.8092 7.79562 4.50935
    endloop
  endfacet
  facet normal 0.860606 0.509272 0
    outer loop
      vertex 35.8092 7.79562 2.5
      vertex 35.8892 7.66043 4.43688
      vertex 35.8892 7.66043 2.5
    endloop
  endfacet
  facet normal 0.792213 0.61023 0.00426114
    outer loop
      vertex 36.0737 7.40644 4.23144
      vertex 35.9775 7.53054 4.34442
      vertex 36.046 7.44214 4.26878
    endloop
  endfacet
  facet normal 0.790346 0.612661 0
    outer loop
      vertex 35.9775 7.53054 4.34442
      vertex 36.0737 7.40644 4.23144
      vertex 35.9775 7.53054 2.5
    endloop
  endfacet
  facet normal 0.790346 0.612661 0
    outer loop
      vertex 35.9775 7.53054 2.5
      vertex 36.0737 7.40644 4.23144
      vertex 36.0737 7.40644 2.5
    endloop
  endfacet
  facet normal 0.708807 0.705401 0.00174606
    outer loop
      vertex 36.2886 7.17758 3.89036
      vertex 36.1776 7.28863 4.0867
      vertex 36.2638 7.20237 3.94278
    endloop
  endfacet
  facet normal 0.707266 0.706948 0
    outer loop
      vertex 36.1776 7.28863 4.0867
      vertex 36.2886 7.17758 3.89036
      vertex 36.1776 7.28863 2.5
    endloop
  endfacet
  facet normal 0.707266 0.706948 0
    outer loop
      vertex 36.1776 7.28863 2.5
      vertex 36.2886 7.17758 3.89036
      vertex 36.2886 7.17758 2.5
    endloop
  endfacet
  facet normal 0.75579 0.654743 0.00961228
    outer loop
      vertex 36.1776 7.28863 4.0867
      vertex 36.0737 7.40644 4.23144
      vertex 36.1629 7.30524 4.11113
    endloop
  endfacet
  facet normal 0.749996 0.661443 0
    outer loop
      vertex 36.0737 7.40644 4.23144
      vertex 36.1776 7.28863 4.0867
      vertex 36.0737 7.40644 2.5
    endloop
  endfacet
  facet normal 0.749996 0.661443 0
    outer loop
      vertex 36.0737 7.40644 2.5
      vertex 36.1776 7.28863 4.0867
      vertex 36.1776 7.28863 2.5
    endloop
  endfacet
  facet normal 0.999513 0.031199 0
    outer loop
      vertex 35.5049 8.84302 4.72659
      vertex 35.5 9 2.5
      vertex 35.5 9 4.72954
    endloop
  endfacet
  facet normal 0.999513 0.031199 0
    outer loop
      vertex 35.5 9 2.5
      vertex 35.5049 8.84302 4.72659
      vertex 35.5049 8.84302 2.5
    endloop
  endfacet
  facet normal -0.99555 0.0942382 0
    outer loop
      vertex 40.4803 8.68667 2.5
      vertex 40.4951 8.84302 5
      vertex 40.4951 8.84302 2.5
    endloop
  endfacet
  facet normal -0.99555 0.0942382 0
    outer loop
      vertex 40.4951 8.84302 5
      vertex 40.4803 8.68667 2.5
      vertex 40.4803 8.68667 5
    endloop
  endfacet
  facet normal -0.960147 0.279494 0
    outer loop
      vertex 40.3776 8.22746 2.5
      vertex 40.4215 8.37827 5
      vertex 40.4215 8.37827 2.5
    endloop
  endfacet
  facet normal -0.960147 0.279494 0
    outer loop
      vertex 40.4215 8.37827 5
      vertex 40.3776 8.22746 2.5
      vertex 40.3776 8.22746 5
    endloop
  endfacet
  facet normal -0.156365 0.987699 0
    outer loop
      vertex 38.4685 6.54428 2.5
      vertex 38.3133 6.51971 5
      vertex 38.4685 6.54428 5
    endloop
  endfacet
  facet normal -0.156365 0.987699 0
    outer loop
      vertex 38.3133 6.51971 5
      vertex 38.4685 6.54428 2.5
      vertex 38.3133 6.51971 2.5
    endloop
  endfacet
  facet normal -0.338674 0.940904 0
    outer loop
      vertex 38.9203 6.67556 2.5
      vertex 38.7725 6.62236 5
      vertex 38.9203 6.67556 5
    endloop
  endfacet
  facet normal -0.338674 0.940904 0
    outer loop
      vertex 38.7725 6.62236 5
      vertex 38.9203 6.67556 2.5
      vertex 38.7725 6.62236 2.5
    endloop
  endfacet
  facet normal -0.661331 0.750094 0
    outer loop
      vertex 39.7114 7.17758 2.5
      vertex 39.5936 7.07372 5
      vertex 39.7114 7.17758 5
    endloop
  endfacet
  facet normal -0.661331 0.750094 0
    outer loop
      vertex 39.5936 7.07372 5
      vertex 39.7114 7.17758 2.5
      vertex 39.5936 7.07372 2.5
    endloop
  endfacet
  facet normal -0.562084 0.82708 0
    outer loop
      vertex 39.4695 6.97746 2.5
      vertex 39.3396 6.88918 5
      vertex 39.4695 6.97746 5
    endloop
  endfacet
  facet normal -0.562084 0.82708 0
    outer loop
      vertex 39.3396 6.88918 5
      vertex 39.4695 6.97746 2.5
      vertex 39.3396 6.88918 2.5
    endloop
  endfacet
  facet normal -0.790346 0.612661 0
    outer loop
      vertex 39.9263 7.40644 2.5
      vertex 40.0225 7.53054 5
      vertex 40.0225 7.53054 2.5
    endloop
  endfacet
  facet normal -0.790346 0.612661 0
    outer loop
      vertex 40.0225 7.53054 5
      vertex 39.9263 7.40644 2.5
      vertex 39.9263 7.40644 5
    endloop
  endfacet
  facet normal -0.0313858 0.999507 0
    outer loop
      vertex 38.157 6.50493 2.5
      vertex 38 6.5 5
      vertex 38.157 6.50493 5
    endloop
  endfacet
  facet normal -0.0313858 0.999507 0
    outer loop
      vertex 38 6.5 5
      vertex 38.157 6.50493 2.5
      vertex 38 6.5 2.5
    endloop
  endfacet
  facet normal 0.0941418 0.995559 -0
    outer loop
      vertex 37.843 6.50493 2.5
      vertex 37.6867 6.51971 5
      vertex 37.843 6.50493 5
    endloop
  endfacet
  facet normal 0.0941418 0.995559 0
    outer loop
      vertex 37.6867 6.51971 5
      vertex 37.843 6.50493 2.5
      vertex 37.6867 6.51971 2.5
    endloop
  endfacet
  facet normal 0.218239 0.975895 -0
    outer loop
      vertex 37.5315 6.54428 2.5
      vertex 37.3783 6.57854 5
      vertex 37.5315 6.54428 5
    endloop
  endfacet
  facet normal 0.218239 0.975895 0
    outer loop
      vertex 37.3783 6.57854 5
      vertex 37.5315 6.54428 2.5
      vertex 37.3783 6.57854 2.5
    endloop
  endfacet
  facet normal 0.613259 0.789882 0
    outer loop
      vertex 36.5305 6.97746 5
      vertex 36.5 7.00114 3
      vertex 36.5 7.00114 5
    endloop
  endfacet
  facet normal 0.613259 0.789882 0
    outer loop
      vertex 36.5 7.00114 3
      vertex 36.5305 6.97746 5
      vertex 36.5305 6.97746 2.5
    endloop
  endfacet
  facet normal 0.60274 0.797928 -0.004016
    outer loop
      vertex 36.4616 7.03096 3.39017
      vertex 36.4064 7.07372 3.60136
      vertex 36.4139 7.06795 3.58057
    endloop
  endfacet
  facet normal 0.612761 0.790269 -3.65207e-05
    outer loop
      vertex 36.4064 7.07372 2.5
      vertex 36.4616 7.03096 3.39017
      vertex 36.4904 7.00862 3.19603
    endloop
  endfacet
  facet normal 0.613165 0.789955 -0.000114662
    outer loop
      vertex 36.4064 7.07372 2.5
      vertex 36.4904 7.00862 3.19603
      vertex 36.5 7.00114 3
    endloop
  endfacet
  facet normal 0.6129 0.790161 -3.51211e-05
    outer loop
      vertex 36.4064 7.07372 2.5
      vertex 36.5 7.00114 3
      vertex 36.5305 6.97746 2.5
    endloop
  endfacet
  facet normal 0.612393 0.790554 0
    outer loop
      vertex 36.4616 7.03096 3.39017
      vertex 36.4064 7.07372 2.5
      vertex 36.4064 7.07372 3.60136
    endloop
  endfacet
  facet normal 0.987657 0.15663 0
    outer loop
      vertex 35.5443 8.53155 4.703
      vertex 35.5197 8.68667 2.5
      vertex 35.5197 8.68667 4.71773
    endloop
  endfacet
  facet normal 0.987657 0.15663 0
    outer loop
      vertex 35.5197 8.68667 2.5
      vertex 35.5443 8.53155 4.703
      vertex 35.5443 8.53155 2.5
    endloop
  endfacet
  facet normal -0.661474 -0.749968 0
    outer loop
      vertex 39.5936 30.9263 2.5
      vertex 39.7114 30.8224 5
      vertex 39.5936 30.9263 5
    endloop
  endfacet
  facet normal -0.661474 -0.749968 -0
    outer loop
      vertex 39.7114 30.8224 5
      vertex 39.5936 30.9263 2.5
      vertex 39.7114 30.8224 2.5
    endloop
  endfacet
  facet normal 0.396839 -0.917888 0
    outer loop
      vertex 36.9356 31.2621 2.5
      vertex 37.0797 31.3244 5
      vertex 36.9356 31.2621 5
    endloop
  endfacet
  facet normal 0.396839 -0.917888 0
    outer loop
      vertex 37.0797 31.3244 5
      vertex 36.9356 31.2621 2.5
      vertex 37.0797 31.3244 2.5
    endloop
  endfacet
  facet normal 0.917888 -0.396839 0
    outer loop
      vertex 35.6756 29.9203 5
      vertex 35.7379 30.0644 2.5
      vertex 35.7379 30.0644 5
    endloop
  endfacet
  facet normal 0.917888 -0.396839 0
    outer loop
      vertex 35.7379 30.0644 2.5
      vertex 35.6756 29.9203 5
      vertex 35.6756 29.9203 2.5
    endloop
  endfacet
  facet normal -0.917888 -0.396839 0
    outer loop
      vertex 40.3244 29.9203 2.5
      vertex 40.2621 30.0644 5
      vertex 40.2621 30.0644 2.5
    endloop
  endfacet
  facet normal -0.917888 -0.396839 0
    outer loop
      vertex 40.2621 30.0644 5
      vertex 40.3244 29.9203 2.5
      vertex 40.3244 29.9203 5
    endloop
  endfacet
  facet normal -0.891093 -0.453821 0
    outer loop
      vertex 40.2621 30.0644 2.5
      vertex 40.1908 30.2044 5
      vertex 40.1908 30.2044 2.5
    endloop
  endfacet
  facet normal -0.891093 -0.453821 0
    outer loop
      vertex 40.1908 30.2044 5
      vertex 40.2621 30.0644 2.5
      vertex 40.2621 30.0644 5
    endloop
  endfacet
  facet normal -0.396839 -0.917888 0
    outer loop
      vertex 38.9203 31.3244 2.5
      vertex 39.0644 31.2621 5
      vertex 38.9203 31.3244 5
    endloop
  endfacet
  facet normal -0.396839 -0.917888 -0
    outer loop
      vertex 39.0644 31.2621 5
      vertex 38.9203 31.3244 2.5
      vertex 39.0644 31.2621 2.5
    endloop
  endfacet
  facet normal 0.749968 -0.661474 0
    outer loop
      vertex 36.0737 30.5936 5
      vertex 36.1776 30.7114 2.5
      vertex 36.1776 30.7114 5
    endloop
  endfacet
  facet normal 0.749968 -0.661474 0
    outer loop
      vertex 36.1776 30.7114 2.5
      vertex 36.0737 30.5936 5
      vertex 36.0737 30.5936 2.5
    endloop
  endfacet
  facet normal 0.217875 -0.975977 0
    outer loop
      vertex 37.3783 31.4215 2.5
      vertex 37.5315 31.4557 5
      vertex 37.3783 31.4215 5
    endloop
  endfacet
  facet normal 0.217875 -0.975977 0
    outer loop
      vertex 37.5315 31.4557 5
      vertex 37.3783 31.4215 2.5
      vertex 37.5315 31.4557 2.5
    endloop
  endfacet
  facet normal -0.999513 0.031195 0
    outer loop
      vertex 40.4951 28.843 2.5
      vertex 40.5 29 5
      vertex 40.5 29 2.5
    endloop
  endfacet
  facet normal -0.999513 0.031195 0
    outer loop
      vertex 40.5 29 5
      vertex 40.4951 28.843 2.5
      vertex 40.4951 28.843 5
    endloop
  endfacet
  facet normal -0.749968 0.661474 0
    outer loop
      vertex 39.8224 27.2886 2.5
      vertex 39.9263 27.4064 5
      vertex 39.9263 27.4064 2.5
    endloop
  endfacet
  facet normal -0.749968 0.661474 0
    outer loop
      vertex 39.9263 27.4064 5
      vertex 39.8224 27.2886 2.5
      vertex 39.8224 27.2886 5
    endloop
  endfacet
  facet normal 0.661474 0.749968 -0
    outer loop
      vertex 36.4064 27.0737 2.5
      vertex 36.2886 27.1776 5
      vertex 36.4064 27.0737 5
    endloop
  endfacet
  facet normal 0.661474 0.749968 0
    outer loop
      vertex 36.2886 27.1776 5
      vertex 36.4064 27.0737 2.5
      vertex 36.2886 27.1776 2.5
    endloop
  endfacet
  facet normal -0.975977 -0.217875 0
    outer loop
      vertex 40.4557 29.4685 2.5
      vertex 40.4215 29.6217 5
      vertex 40.4215 29.6217 2.5
    endloop
  endfacet
  facet normal -0.975977 -0.217875 0
    outer loop
      vertex 40.4215 29.6217 5
      vertex 40.4557 29.4685 2.5
      vertex 40.4557 29.4685 5
    endloop
  endfacet
  facet normal -0.827021 -0.562171 0
    outer loop
      vertex 40.1108 30.3396 2.5
      vertex 40.0225 30.4695 5
      vertex 40.0225 30.4695 2.5
    endloop
  endfacet
  facet normal -0.827021 -0.562171 0
    outer loop
      vertex 40.0225 30.4695 5
      vertex 40.1108 30.3396 2.5
      vertex 40.1108 30.3396 5
    endloop
  endfacet
  facet normal -0.707107 -0.707107 0
    outer loop
      vertex 39.8224 30.7114 2.5
      vertex 39.7114 30.8224 5
      vertex 39.7114 30.8224 2.5
    endloop
  endfacet
  facet normal -0.707107 -0.707107 0
    outer loop
      vertex 39.7114 30.8224 5
      vertex 39.8224 30.7114 2.5
      vertex 39.8224 30.7114 5
    endloop
  endfacet
  facet normal -0.562171 -0.827021 0
    outer loop
      vertex 39.3396 31.1108 2.5
      vertex 39.4695 31.0225 5
      vertex 39.3396 31.1108 5
    endloop
  endfacet
  facet normal -0.562171 -0.827021 -0
    outer loop
      vertex 39.4695 31.0225 5
      vertex 39.3396 31.1108 2.5
      vertex 39.4695 31.0225 2.5
    endloop
  endfacet
  facet normal -0.509244 -0.860622 0
    outer loop
      vertex 39.2044 31.1908 2.5
      vertex 39.3396 31.1108 5
      vertex 39.2044 31.1908 5
    endloop
  endfacet
  facet normal -0.509244 -0.860622 -0
    outer loop
      vertex 39.3396 31.1108 5
      vertex 39.2044 31.1908 2.5
      vertex 39.3396 31.1108 2.5
    endloop
  endfacet
  facet normal -0.031195 -0.999513 0
    outer loop
      vertex 38 31.5 2.5
      vertex 38.157 31.4951 5
      vertex 38 31.5 5
    endloop
  endfacet
  facet normal -0.031195 -0.999513 -0
    outer loop
      vertex 38.157 31.4951 5
      vertex 38 31.5 2.5
      vertex 38.157 31.4951 2.5
    endloop
  endfacet
  facet normal -0.338674 -0.940904 0
    outer loop
      vertex 38.7725 31.3776 2.5
      vertex 38.9203 31.3244 5
      vertex 38.7725 31.3776 5
    endloop
  endfacet
  facet normal -0.338674 -0.940904 -0
    outer loop
      vertex 38.9203 31.3244 5
      vertex 38.7725 31.3776 2.5
      vertex 38.9203 31.3244 2.5
    endloop
  endfacet
  facet normal -0.217875 -0.975977 0
    outer loop
      vertex 38.4685 31.4557 2.5
      vertex 38.6217 31.4215 5
      vertex 38.4685 31.4557 5
    endloop
  endfacet
  facet normal -0.217875 -0.975977 -0
    outer loop
      vertex 38.6217 31.4215 5
      vertex 38.4685 31.4557 2.5
      vertex 38.6217 31.4215 2.5
    endloop
  endfacet
  facet normal 0 0 1
    outer loop
      vertex 39.5 29 2.5
      vertex 40.5 29 2.5
      vertex 40.4951 29.157 2.5
    endloop
  endfacet
  facet normal 0 0 1
    outer loop
      vertex 39.497 29.0942 2.5
      vertex 40.4951 29.157 2.5
      vertex 40.4803 29.3133 2.5
    endloop
  endfacet
  facet normal 0 0 1
    outer loop
      vertex 40.5 29 2.5
      vertex 39.5 29 2.5
      vertex 40.4951 28.843 2.5
    endloop
  endfacet
  facet normal 0 0 1
    outer loop
      vertex 39.4882 29.188 2.5
      vertex 40.4803 29.3133 2.5
      vertex 40.4557 29.4685 2.5
    endloop
  endfacet
  facet normal -0 0 1
    outer loop
      vertex 39.497 28.9058 2.5
      vertex 40.4951 28.843 2.5
      vertex 39.5 29 2.5
    endloop
  endfacet
  facet normal 0 0 1
    outer loop
      vertex 39.4734 29.2811 2.5
      vertex 40.4557 29.4685 2.5
      vertex 40.4215 29.6217 2.5
    endloop
  endfacet
  facet normal 0 0 1
    outer loop
      vertex 40.4951 28.843 2.5
      vertex 39.497 28.9058 2.5
      vertex 40.4803 28.6867 2.5
    endloop
  endfacet
  facet normal 0 0 1
    outer loop
      vertex 39.4529 29.373 2.5
      vertex 40.4215 29.6217 2.5
      vertex 40.3776 29.7725 2.5
    endloop
  endfacet
  facet normal -0 0 1
    outer loop
      vertex 39.4882 28.812 2.5
      vertex 40.4803 28.6867 2.5
      vertex 39.497 28.9058 2.5
    endloop
  endfacet
  facet normal 0 0 1
    outer loop
      vertex 39.4266 29.4635 2.5
      vertex 40.3776 29.7725 2.5
      vertex 40.3244 29.9203 2.5
    endloop
  endfacet
  facet normal 0 0 1
    outer loop
      vertex 40.4803 28.6867 2.5
      vertex 39.4882 28.812 2.5
      vertex 40.4557 28.5315 2.5
    endloop
  endfacet
  facet normal 0 0 1
    outer loop
      vertex 39.3947 29.5522 2.5
      vertex 40.3244 29.9203 2.5
      vertex 40.2621 30.0644 2.5
    endloop
  endfacet
  facet normal -0 0 1
    outer loop
      vertex 39.4734 28.7189 2.5
      vertex 40.4557 28.5315 2.5
      vertex 39.4882 28.812 2.5
    endloop
  endfacet
  facet normal 0 0 1
    outer loop
      vertex 39.3572 29.6387 2.5
      vertex 40.2621 30.0644 2.5
      vertex 40.1908 30.2044 2.5
    endloop
  endfacet
  facet normal 0 0 1
    outer loop
      vertex 40.4557 28.5315 2.5
      vertex 39.4734 28.7189 2.5
      vertex 40.4215 28.3783 2.5
    endloop
  endfacet
  facet normal 0 0 1
    outer loop
      vertex 39.3145 29.7226 2.5
      vertex 40.1908 30.2044 2.5
      vertex 40.1108 30.3396 2.5
    endloop
  endfacet
  facet normal -0 0 1
    outer loop
      vertex 39.4529 28.627 2.5
      vertex 40.4215 28.3783 2.5
      vertex 39.4734 28.7189 2.5
    endloop
  endfacet
  facet normal 0 0 1
    outer loop
      vertex 39.2665 29.8037 2.5
      vertex 40.1108 30.3396 2.5
      vertex 40.0225 30.4695 2.5
    endloop
  endfacet
  facet normal 0 0 1
    outer loop
      vertex 40.4215 28.3783 2.5
      vertex 39.4529 28.627 2.5
      vertex 40.3776 28.2275 2.5
    endloop
  endfacet
  facet normal 0 0 1
    outer loop
      vertex 39.2135 29.8817 2.5
      vertex 40.0225 30.4695 2.5
      vertex 39.9263 30.5936 2.5
    endloop
  endfacet
  facet normal -0 0 1
    outer loop
      vertex 39.4266 28.5365 2.5
      vertex 40.3776 28.2275 2.5
      vertex 39.4529 28.627 2.5
    endloop
  endfacet
  facet normal 0 0 1
    outer loop
      vertex 39.1558 29.9561 2.5
      vertex 39.9263 30.5936 2.5
      vertex 39.8224 30.7114 2.5
    endloop
  endfacet
  facet normal 0 0 1
    outer loop
      vertex 40.3776 28.2275 2.5
      vertex 39.4266 28.5365 2.5
      vertex 40.3244 28.0797 2.5
    endloop
  endfacet
  facet normal 0 0 1
    outer loop
      vertex 39.0935 30.0268 2.5
      vertex 39.8224 30.7114 2.5
      vertex 39.7114 30.8224 2.5
    endloop
  endfacet
  facet normal -0 0 1
    outer loop
      vertex 39.3947 28.4478 2.5
      vertex 40.3244 28.0797 2.5
      vertex 39.4266 28.5365 2.5
    endloop
  endfacet
  facet normal 0 0 1
    outer loop
      vertex 39.0268 30.0935 2.5
      vertex 39.7114 30.8224 2.5
      vertex 39.5936 30.9263 2.5
    endloop
  endfacet
  facet normal 0 0 1
    outer loop
      vertex 40.3244 28.0797 2.5
      vertex 39.3947 28.4478 2.5
      vertex 40.2621 27.9356 2.5
    endloop
  endfacet
  facet normal -0 0 1
    outer loop
      vertex 39.3572 28.3613 2.5
      vertex 40.2621 27.9356 2.5
      vertex 39.3947 28.4478 2.5
    endloop
  endfacet
  facet normal 0 0 1
    outer loop
      vertex 40.4951 29.157 2.5
      vertex 39.497 29.0942 2.5
      vertex 39.5 29 2.5
    endloop
  endfacet
  facet normal 0 0 1
    outer loop
      vertex 40.4803 29.3133 2.5
      vertex 39.4882 29.188 2.5
      vertex 39.497 29.0942 2.5
    endloop
  endfacet
  facet normal 0 0 1
    outer loop
      vertex 40.4557 29.4685 2.5
      vertex 39.4734 29.2811 2.5
      vertex 39.4882 29.188 2.5
    endloop
  endfacet
  facet normal 0 0 1
    outer loop
      vertex 38.9561 30.1558 2.5
      vertex 39.5936 30.9263 2.5
      vertex 39.4695 31.0225 2.5
    endloop
  endfacet
  facet normal 0 0 1
    outer loop
      vertex 40.4215 29.6217 2.5
      vertex 39.4529 29.373 2.5
      vertex 39.4734 29.2811 2.5
    endloop
  endfacet
  facet normal 0 0 1
    outer loop
      vertex 40.3776 29.7725 2.5
      vertex 39.4266 29.4635 2.5
      vertex 39.4529 29.373 2.5
    endloop
  endfacet
  facet normal 0 0 1
    outer loop
      vertex 40.3244 29.9203 2.5
      vertex 39.3947 29.5522 2.5
      vertex 39.4266 29.4635 2.5
    endloop
  endfacet
  facet normal 0 0 1
    outer loop
      vertex 40.2621 30.0644 2.5
      vertex 39.3572 29.6387 2.5
      vertex 39.3947 29.5522 2.5
    endloop
  endfacet
  facet normal 0 0 1
    outer loop
      vertex 38.8817 30.2135 2.5
      vertex 39.4695 31.0225 2.5
      vertex 39.3396 31.1108 2.5
    endloop
  endfacet
  facet normal 0 0 1
    outer loop
      vertex 40.1908 30.2044 2.5
      vertex 39.3145 29.7226 2.5
      vertex 39.3572 29.6387 2.5
    endloop
  endfacet
  facet normal 0 0 1
    outer loop
      vertex 40.1108 30.3396 2.5
      vertex 39.2665 29.8037 2.5
      vertex 39.3145 29.7226 2.5
    endloop
  endfacet
  facet normal 0 0 1
    outer loop
      vertex 40.0225 30.4695 2.5
      vertex 39.2135 29.8817 2.5
      vertex 39.2665 29.8037 2.5
    endloop
  endfacet
  facet normal 0 0 1
    outer loop
      vertex 38.8037 30.2665 2.5
      vertex 39.3396 31.1108 2.5
      vertex 39.2044 31.1908 2.5
    endloop
  endfacet
  facet normal 0 0 1
    outer loop
      vertex 39.9263 30.5936 2.5
      vertex 39.1558 29.9561 2.5
      vertex 39.2135 29.8817 2.5
    endloop
  endfacet
  facet normal 0 0 1
    outer loop
      vertex 39.8224 30.7114 2.5
      vertex 39.0935 30.0268 2.5
      vertex 39.1558 29.9561 2.5
    endloop
  endfacet
  facet normal 0 0 1
    outer loop
      vertex 38.7226 30.3145 2.5
      vertex 39.2044 31.1908 2.5
      vertex 39.0644 31.2621 2.5
    endloop
  endfacet
  facet normal 0 0 1
    outer loop
      vertex 39.7114 30.8224 2.5
      vertex 39.0268 30.0935 2.5
      vertex 39.0935 30.0268 2.5
    endloop
  endfacet
  facet normal 0 0 1
    outer loop
      vertex 39.5936 30.9263 2.5
      vertex 38.9561 30.1558 2.5
      vertex 39.0268 30.0935 2.5
    endloop
  endfacet
  facet normal 0 0 1
    outer loop
      vertex 38.6387 30.3572 2.5
      vertex 39.0644 31.2621 2.5
      vertex 38.9203 31.3244 2.5
    endloop
  endfacet
  facet normal 0 0 1
    outer loop
      vertex 39.4695 31.0225 2.5
      vertex 38.8817 30.2135 2.5
      vertex 38.9561 30.1558 2.5
    endloop
  endfacet
  facet normal 0 0 1
    outer loop
      vertex 39.3396 31.1108 2.5
      vertex 38.8037 30.2665 2.5
      vertex 38.8817 30.2135 2.5
    endloop
  endfacet
  facet normal 0 0 1
    outer loop
      vertex 38.5522 30.3947 2.5
      vertex 38.9203 31.3244 2.5
      vertex 38.7725 31.3776 2.5
    endloop
  endfacet
  facet normal 0 0 1
    outer loop
      vertex 39.2044 31.1908 2.5
      vertex 38.7226 30.3145 2.5
      vertex 38.8037 30.2665 2.5
    endloop
  endfacet
  facet normal 0 0 1
    outer loop
      vertex 39.0644 31.2621 2.5
      vertex 38.6387 30.3572 2.5
      vertex 38.7226 30.3145 2.5
    endloop
  endfacet
  facet normal 0 0 1
    outer loop
      vertex 38.4635 30.4266 2.5
      vertex 38.7725 31.3776 2.5
      vertex 38.6217 31.4215 2.5
    endloop
  endfacet
  facet normal 0 0 1
    outer loop
      vertex 38.9203 31.3244 2.5
      vertex 38.5522 30.3947 2.5
      vertex 38.6387 30.3572 2.5
    endloop
  endfacet
  facet normal 0 0 1
    outer loop
      vertex 38.373 30.4529 2.5
      vertex 38.6217 31.4215 2.5
      vertex 38.4685 31.4557 2.5
    endloop
  endfacet
  facet normal 0 0 1
    outer loop
      vertex 38.7725 31.3776 2.5
      vertex 38.4635 30.4266 2.5
      vertex 38.5522 30.3947 2.5
    endloop
  endfacet
  facet normal 0 0 1
    outer loop
      vertex 38.6217 31.4215 2.5
      vertex 38.373 30.4529 2.5
      vertex 38.4635 30.4266 2.5
    endloop
  endfacet
  facet normal 0 0 1
    outer loop
      vertex 38.2811 30.4734 2.5
      vertex 38.4685 31.4557 2.5
      vertex 38.3133 31.4803 2.5
    endloop
  endfacet
  facet normal 0 0 1
    outer loop
      vertex 38.4685 31.4557 2.5
      vertex 38.2811 30.4734 2.5
      vertex 38.373 30.4529 2.5
    endloop
  endfacet
  facet normal 0 0 1
    outer loop
      vertex 38.3133 31.4803 2.5
      vertex 38.188 30.4882 2.5
      vertex 38.2811 30.4734 2.5
    endloop
  endfacet
  facet normal 0 0 1
    outer loop
      vertex 38.157 31.4951 2.5
      vertex 38.188 30.4882 2.5
      vertex 38.3133 31.4803 2.5
    endloop
  endfacet
  facet normal 0 0 1
    outer loop
      vertex 38.157 31.4951 2.5
      vertex 38.0942 30.497 2.5
      vertex 38.188 30.4882 2.5
    endloop
  endfacet
  facet normal 0 0 1
    outer loop
      vertex 38 31.5 2.5
      vertex 38.0942 30.497 2.5
      vertex 38.157 31.4951 2.5
    endloop
  endfacet
  facet normal 0 0 1
    outer loop
      vertex 38 31.5 2.5
      vertex 38 30.5 2.5
      vertex 38.0942 30.497 2.5
    endloop
  endfacet
  facet normal 0 0 1
    outer loop
      vertex 38 31.5 2.5
      vertex 37.9058 30.497 2.5
      vertex 38 30.5 2.5
    endloop
  endfacet
  facet normal -0 0 1
    outer loop
      vertex 37.843 31.4951 2.5
      vertex 37.9058 30.497 2.5
      vertex 38 31.5 2.5
    endloop
  endfacet
  facet normal 0 0 1
    outer loop
      vertex 37.843 31.4951 2.5
      vertex 37.812 30.4882 2.5
      vertex 37.9058 30.497 2.5
    endloop
  endfacet
  facet normal -0 0 1
    outer loop
      vertex 37.6867 31.4803 2.5
      vertex 37.812 30.4882 2.5
      vertex 37.843 31.4951 2.5
    endloop
  endfacet
  facet normal 0 0 1
    outer loop
      vertex 37.812 30.4882 2.5
      vertex 37.6867 31.4803 2.5
      vertex 37.7189 30.4734 2.5
    endloop
  endfacet
  facet normal -0 0 1
    outer loop
      vertex 37.5315 31.4557 2.5
      vertex 37.7189 30.4734 2.5
      vertex 37.6867 31.4803 2.5
    endloop
  endfacet
  facet normal 0 0 1
    outer loop
      vertex 37.7189 30.4734 2.5
      vertex 37.5315 31.4557 2.5
      vertex 37.627 30.4529 2.5
    endloop
  endfacet
  facet normal -0 0 1
    outer loop
      vertex 37.3783 31.4215 2.5
      vertex 37.627 30.4529 2.5
      vertex 37.5315 31.4557 2.5
    endloop
  endfacet
  facet normal 0 0 1
    outer loop
      vertex 37.627 30.4529 2.5
      vertex 37.3783 31.4215 2.5
      vertex 37.5365 30.4266 2.5
    endloop
  endfacet
  facet normal -0 0 1
    outer loop
      vertex 37.2275 31.3776 2.5
      vertex 37.5365 30.4266 2.5
      vertex 37.3783 31.4215 2.5
    endloop
  endfacet
  facet normal 0 0 1
    outer loop
      vertex 37.5365 30.4266 2.5
      vertex 37.2275 31.3776 2.5
      vertex 37.4478 30.3947 2.5
    endloop
  endfacet
  facet normal -0 0 1
    outer loop
      vertex 37.0797 31.3244 2.5
      vertex 37.4478 30.3947 2.5
      vertex 37.2275 31.3776 2.5
    endloop
  endfacet
  facet normal 0 0 1
    outer loop
      vertex 37.4478 30.3947 2.5
      vertex 37.0797 31.3244 2.5
      vertex 37.3613 30.3572 2.5
    endloop
  endfacet
  facet normal -0 0 1
    outer loop
      vertex 36.9356 31.2621 2.5
      vertex 37.3613 30.3572 2.5
      vertex 37.0797 31.3244 2.5
    endloop
  endfacet
  facet normal 0 0 1
    outer loop
      vertex 37.3613 30.3572 2.5
      vertex 36.9356 31.2621 2.5
      vertex 37.2774 30.3145 2.5
    endloop
  endfacet
  facet normal -0 0 1
    outer loop
      vertex 36.7956 31.1908 2.5
      vertex 37.2774 30.3145 2.5
      vertex 36.9356 31.2621 2.5
    endloop
  endfacet
  facet normal 0 0 1
    outer loop
      vertex 37.2774 30.3145 2.5
      vertex 36.7956 31.1908 2.5
      vertex 37.1963 30.2665 2.5
    endloop
  endfacet
  facet normal -0 0 1
    outer loop
      vertex 36.6604 31.1108 2.5
      vertex 37.1963 30.2665 2.5
      vertex 36.7956 31.1908 2.5
    endloop
  endfacet
  facet normal 0 0 1
    outer loop
      vertex 37.1963 30.2665 2.5
      vertex 36.6604 31.1108 2.5
      vertex 37.1183 30.2135 2.5
    endloop
  endfacet
  facet normal -0 0 1
    outer loop
      vertex 36.5305 31.0225 2.5
      vertex 37.1183 30.2135 2.5
      vertex 36.6604 31.1108 2.5
    endloop
  endfacet
  facet normal 0 0 1
    outer loop
      vertex 37.1183 30.2135 2.5
      vertex 36.5305 31.0225 2.5
      vertex 37.0439 30.1558 2.5
    endloop
  endfacet
  facet normal -0 0 1
    outer loop
      vertex 36.4064 30.9263 2.5
      vertex 37.0439 30.1558 2.5
      vertex 36.5305 31.0225 2.5
    endloop
  endfacet
  facet normal 0 0 1
    outer loop
      vertex 37.0439 30.1558 2.5
      vertex 36.4064 30.9263 2.5
      vertex 36.9732 30.0935 2.5
    endloop
  endfacet
  facet normal -0 0 1
    outer loop
      vertex 36.2886 30.8224 2.5
      vertex 36.9732 30.0935 2.5
      vertex 36.4064 30.9263 2.5
    endloop
  endfacet
  facet normal 0 0 1
    outer loop
      vertex 36.9732 30.0935 2.5
      vertex 36.2886 30.8224 2.5
      vertex 36.9065 30.0268 2.5
    endloop
  endfacet
  facet normal -0 0 1
    outer loop
      vertex 36.1776 30.7114 2.5
      vertex 36.9065 30.0268 2.5
      vertex 36.2886 30.8224 2.5
    endloop
  endfacet
  facet normal 0 0 1
    outer loop
      vertex 36.9065 30.0268 2.5
      vertex 36.1776 30.7114 2.5
      vertex 36.8442 29.9561 2.5
    endloop
  endfacet
  facet normal -0 0 1
    outer loop
      vertex 36.0737 30.5936 2.5
      vertex 36.8442 29.9561 2.5
      vertex 36.1776 30.7114 2.5
    endloop
  endfacet
  facet normal 0 0 1
    outer loop
      vertex 36.8442 29.9561 2.5
      vertex 36.0737 30.5936 2.5
      vertex 36.7865 29.8817 2.5
    endloop
  endfacet
  facet normal -0 0 1
    outer loop
      vertex 35.9775 30.4695 2.5
      vertex 36.7865 29.8817 2.5
      vertex 36.0737 30.5936 2.5
    endloop
  endfacet
  facet normal 0 0 1
    outer loop
      vertex 36.7865 29.8817 2.5
      vertex 35.9775 30.4695 2.5
      vertex 36.7335 29.8037 2.5
    endloop
  endfacet
  facet normal -0 0 1
    outer loop
      vertex 35.8892 30.3396 2.5
      vertex 36.7335 29.8037 2.5
      vertex 35.9775 30.4695 2.5
    endloop
  endfacet
  facet normal 0 0 1
    outer loop
      vertex 36.7335 29.8037 2.5
      vertex 35.8892 30.3396 2.5
      vertex 36.6855 29.7226 2.5
    endloop
  endfacet
  facet normal -0 0 1
    outer loop
      vertex 35.8092 30.2044 2.5
      vertex 36.6855 29.7226 2.5
      vertex 35.8892 30.3396 2.5
    endloop
  endfacet
  facet normal 0 0 1
    outer loop
      vertex 36.6855 29.7226 2.5
      vertex 35.8092 30.2044 2.5
      vertex 36.6428 29.6387 2.5
    endloop
  endfacet
  facet normal -0 0 1
    outer loop
      vertex 35.7379 30.0644 2.5
      vertex 36.6428 29.6387 2.5
      vertex 35.8092 30.2044 2.5
    endloop
  endfacet
  facet normal 0 0 1
    outer loop
      vertex 40.2621 27.9356 2.5
      vertex 39.3572 28.3613 2.5
      vertex 40.1908 27.7956 2.5
    endloop
  endfacet
  facet normal -0 0 1
    outer loop
      vertex 39.3145 28.2774 2.5
      vertex 40.1908 27.7956 2.5
      vertex 39.3572 28.3613 2.5
    endloop
  endfacet
  facet normal 0 0 1
    outer loop
      vertex 40.1908 27.7956 2.5
      vertex 39.3145 28.2774 2.5
      vertex 40.1108 27.6604 2.5
    endloop
  endfacet
  facet normal -0 0 1
    outer loop
      vertex 39.2665 28.1963 2.5
      vertex 40.1108 27.6604 2.5
      vertex 39.3145 28.2774 2.5
    endloop
  endfacet
  facet normal 0 0 1
    outer loop
      vertex 40.1108 27.6604 2.5
      vertex 39.2665 28.1963 2.5
      vertex 40.0225 27.5305 2.5
    endloop
  endfacet
  facet normal -0 0 1
    outer loop
      vertex 39.2135 28.1183 2.5
      vertex 40.0225 27.5305 2.5
      vertex 39.2665 28.1963 2.5
    endloop
  endfacet
  facet normal 0 0 1
    outer loop
      vertex 40.0225 27.5305 2.5
      vertex 39.2135 28.1183 2.5
      vertex 39.9263 27.4064 2.5
    endloop
  endfacet
  facet normal -0 0 1
    outer loop
      vertex 39.1558 28.0439 2.5
      vertex 39.9263 27.4064 2.5
      vertex 39.2135 28.1183 2.5
    endloop
  endfacet
  facet normal 0 0 1
    outer loop
      vertex 39.9263 27.4064 2.5
      vertex 39.1558 28.0439 2.5
      vertex 39.8224 27.2886 2.5
    endloop
  endfacet
  facet normal -0 0 1
    outer loop
      vertex 39.0935 27.9732 2.5
      vertex 39.8224 27.2886 2.5
      vertex 39.1558 28.0439 2.5
    endloop
  endfacet
  facet normal 0 0 1
    outer loop
      vertex 39.8224 27.2886 2.5
      vertex 39.0935 27.9732 2.5
      vertex 39.7114 27.1776 2.5
    endloop
  endfacet
  facet normal -0 0 1
    outer loop
      vertex 39.0268 27.9065 2.5
      vertex 39.7114 27.1776 2.5
      vertex 39.0935 27.9732 2.5
    endloop
  endfacet
  facet normal 0 0 1
    outer loop
      vertex 39.7114 27.1776 2.5
      vertex 39.0268 27.9065 2.5
      vertex 39.5936 27.0737 2.5
    endloop
  endfacet
  facet normal -0 0 1
    outer loop
      vertex 38.9561 27.8442 2.5
      vertex 39.5936 27.0737 2.5
      vertex 39.0268 27.9065 2.5
    endloop
  endfacet
  facet normal 0 0 1
    outer loop
      vertex 39.5936 27.0737 2.5
      vertex 38.9561 27.8442 2.5
      vertex 39.4695 26.9775 2.5
    endloop
  endfacet
  facet normal -0 0 1
    outer loop
      vertex 38.8817 27.7865 2.5
      vertex 39.4695 26.9775 2.5
      vertex 38.9561 27.8442 2.5
    endloop
  endfacet
  facet normal 0 0 1
    outer loop
      vertex 39.4695 26.9775 2.5
      vertex 38.8817 27.7865 2.5
      vertex 39.3396 26.8892 2.5
    endloop
  endfacet
  facet normal -0 0 1
    outer loop
      vertex 38.8037 27.7335 2.5
      vertex 39.3396 26.8892 2.5
      vertex 38.8817 27.7865 2.5
    endloop
  endfacet
  facet normal 0 0 1
    outer loop
      vertex 39.3396 26.8892 2.5
      vertex 38.8037 27.7335 2.5
      vertex 39.2044 26.8092 2.5
    endloop
  endfacet
  facet normal -0 0 1
    outer loop
      vertex 38.7226 27.6855 2.5
      vertex 39.2044 26.8092 2.5
      vertex 38.8037 27.7335 2.5
    endloop
  endfacet
  facet normal 0 0 1
    outer loop
      vertex 39.2044 26.8092 2.5
      vertex 38.7226 27.6855 2.5
      vertex 39.0644 26.7379 2.5
    endloop
  endfacet
  facet normal -0 0 1
    outer loop
      vertex 38.6387 27.6428 2.5
      vertex 39.0644 26.7379 2.5
      vertex 38.7226 27.6855 2.5
    endloop
  endfacet
  facet normal 0 0 1
    outer loop
      vertex 39.0644 26.7379 2.5
      vertex 38.6387 27.6428 2.5
      vertex 38.9203 26.6756 2.5
    endloop
  endfacet
  facet normal -0 0 1
    outer loop
      vertex 38.5522 27.6053 2.5
      vertex 38.9203 26.6756 2.5
      vertex 38.6387 27.6428 2.5
    endloop
  endfacet
  facet normal 0 0 1
    outer loop
      vertex 38.9203 26.6756 2.5
      vertex 38.5522 27.6053 2.5
      vertex 38.7725 26.6224 2.5
    endloop
  endfacet
  facet normal -0 0 1
    outer loop
      vertex 38.4635 27.5734 2.5
      vertex 38.7725 26.6224 2.5
      vertex 38.5522 27.6053 2.5
    endloop
  endfacet
  facet normal 0 0 1
    outer loop
      vertex 38.7725 26.6224 2.5
      vertex 38.4635 27.5734 2.5
      vertex 38.6217 26.5785 2.5
    endloop
  endfacet
  facet normal -0 0 1
    outer loop
      vertex 38.373 27.5471 2.5
      vertex 38.6217 26.5785 2.5
      vertex 38.4635 27.5734 2.5
    endloop
  endfacet
  facet normal 0 0 1
    outer loop
      vertex 38.6217 26.5785 2.5
      vertex 38.373 27.5471 2.5
      vertex 38.4685 26.5443 2.5
    endloop
  endfacet
  facet normal -0 0 1
    outer loop
      vertex 38.2811 27.5266 2.5
      vertex 38.4685 26.5443 2.5
      vertex 38.373 27.5471 2.5
    endloop
  endfacet
  facet normal 0 0 1
    outer loop
      vertex 38.4685 26.5443 2.5
      vertex 38.2811 27.5266 2.5
      vertex 38.3133 26.5197 2.5
    endloop
  endfacet
  facet normal -0 0 1
    outer loop
      vertex 38.188 27.5118 2.5
      vertex 38.3133 26.5197 2.5
      vertex 38.2811 27.5266 2.5
    endloop
  endfacet
  facet normal 0 0 1
    outer loop
      vertex 38.188 27.5118 2.5
      vertex 38.157 26.5049 2.5
      vertex 38.3133 26.5197 2.5
    endloop
  endfacet
  facet normal -0 0 1
    outer loop
      vertex 38.0942 27.503 2.5
      vertex 38.157 26.5049 2.5
      vertex 38.188 27.5118 2.5
    endloop
  endfacet
  facet normal -0 0 1
    outer loop
      vertex 38 27.5 2.5
      vertex 38.157 26.5049 2.5
      vertex 38.0942 27.503 2.5
    endloop
  endfacet
  facet normal 0 0 1
    outer loop
      vertex 38 27.5 2.5
      vertex 38 26.5 2.5
      vertex 38.157 26.5049 2.5
    endloop
  endfacet
  facet normal 0 0 1
    outer loop
      vertex 37.9058 27.503 2.5
      vertex 38 26.5 2.5
      vertex 38 27.5 2.5
    endloop
  endfacet
  facet normal 0 0 1
    outer loop
      vertex 37.9058 27.503 2.5
      vertex 37.843 26.5049 2.5
      vertex 38 26.5 2.5
    endloop
  endfacet
  facet normal 0 0 1
    outer loop
      vertex 37.812 27.5118 2.5
      vertex 37.843 26.5049 2.5
      vertex 37.9058 27.503 2.5
    endloop
  endfacet
  facet normal 0 0 1
    outer loop
      vertex 37.6867 26.5197 2.5
      vertex 37.812 27.5118 2.5
      vertex 37.7189 27.5266 2.5
    endloop
  endfacet
  facet normal 0 0 1
    outer loop
      vertex 37.812 27.5118 2.5
      vertex 37.6867 26.5197 2.5
      vertex 37.843 26.5049 2.5
    endloop
  endfacet
  facet normal 0 0 1
    outer loop
      vertex 37.5315 26.5443 2.5
      vertex 37.7189 27.5266 2.5
      vertex 37.627 27.5471 2.5
    endloop
  endfacet
  facet normal 0 0 1
    outer loop
      vertex 37.3783 26.5785 2.5
      vertex 37.627 27.5471 2.5
      vertex 37.5365 27.5734 2.5
    endloop
  endfacet
  facet normal 0 0 1
    outer loop
      vertex 37.7189 27.5266 2.5
      vertex 37.5315 26.5443 2.5
      vertex 37.6867 26.5197 2.5
    endloop
  endfacet
  facet normal 0 0 1
    outer loop
      vertex 37.2275 26.6224 2.5
      vertex 37.5365 27.5734 2.5
      vertex 37.4478 27.6053 2.5
    endloop
  endfacet
  facet normal 0 0 1
    outer loop
      vertex 37.627 27.5471 2.5
      vertex 37.3783 26.5785 2.5
      vertex 37.5315 26.5443 2.5
    endloop
  endfacet
  facet normal 0 0 1
    outer loop
      vertex 37.0797 26.6756 2.5
      vertex 37.4478 27.6053 2.5
      vertex 37.3613 27.6428 2.5
    endloop
  endfacet
  facet normal 0 0 1
    outer loop
      vertex 36.9356 26.7379 2.5
      vertex 37.3613 27.6428 2.5
      vertex 37.2774 27.6855 2.5
    endloop
  endfacet
  facet normal 0 0 1
    outer loop
      vertex 37.5365 27.5734 2.5
      vertex 37.2275 26.6224 2.5
      vertex 37.3783 26.5785 2.5
    endloop
  endfacet
  facet normal 0 0 1
    outer loop
      vertex 36.7956 26.8092 2.5
      vertex 37.2774 27.6855 2.5
      vertex 37.1963 27.7335 2.5
    endloop
  endfacet
  facet normal 0 0 1
    outer loop
      vertex 36.6604 26.8892 2.5
      vertex 37.1963 27.7335 2.5
      vertex 37.1183 27.7865 2.5
    endloop
  endfacet
  facet normal 0 0 1
    outer loop
      vertex 37.4478 27.6053 2.5
      vertex 37.0797 26.6756 2.5
      vertex 37.2275 26.6224 2.5
    endloop
  endfacet
  facet normal 0 0 1
    outer loop
      vertex 36.5305 26.9775 2.5
      vertex 37.1183 27.7865 2.5
      vertex 37.0439 27.8442 2.5
    endloop
  endfacet
  facet normal 0 0 1
    outer loop
      vertex 36.4064 27.0737 2.5
      vertex 37.0439 27.8442 2.5
      vertex 36.9732 27.9065 2.5
    endloop
  endfacet
  facet normal 0 0 1
    outer loop
      vertex 37.3613 27.6428 2.5
      vertex 36.9356 26.7379 2.5
      vertex 37.0797 26.6756 2.5
    endloop
  endfacet
  facet normal 0 0 1
    outer loop
      vertex 36.2886 27.1776 2.5
      vertex 36.9732 27.9065 2.5
      vertex 36.9065 27.9732 2.5
    endloop
  endfacet
  facet normal 0 0 1
    outer loop
      vertex 36.1776 27.2886 2.5
      vertex 36.9065 27.9732 2.5
      vertex 36.8442 28.0439 2.5
    endloop
  endfacet
  facet normal 0 0 1
    outer loop
      vertex 37.2774 27.6855 2.5
      vertex 36.7956 26.8092 2.5
      vertex 36.9356 26.7379 2.5
    endloop
  endfacet
  facet normal 0 0 1
    outer loop
      vertex 36.0737 27.4064 2.5
      vertex 36.8442 28.0439 2.5
      vertex 36.7865 28.1183 2.5
    endloop
  endfacet
  facet normal 0 0 1
    outer loop
      vertex 35.9775 27.5305 2.5
      vertex 36.7865 28.1183 2.5
      vertex 36.7335 28.1963 2.5
    endloop
  endfacet
  facet normal 0 0 1
    outer loop
      vertex 35.8892 27.6604 2.5
      vertex 36.7335 28.1963 2.5
      vertex 36.6855 28.2774 2.5
    endloop
  endfacet
  facet normal 0 0 1
    outer loop
      vertex 37.1963 27.7335 2.5
      vertex 36.6604 26.8892 2.5
      vertex 36.7956 26.8092 2.5
    endloop
  endfacet
  facet normal 0 0 1
    outer loop
      vertex 35.8092 27.7956 2.5
      vertex 36.6855 28.2774 2.5
      vertex 36.6428 28.3613 2.5
    endloop
  endfacet
  facet normal 0 0 1
    outer loop
      vertex 35.7379 27.9356 2.5
      vertex 36.6428 28.3613 2.5
      vertex 36.6053 28.4478 2.5
    endloop
  endfacet
  facet normal 0 0 1
    outer loop
      vertex 35.6756 28.0797 2.5
      vertex 36.6053 28.4478 2.5
      vertex 36.5734 28.5365 2.5
    endloop
  endfacet
  facet normal 0 0 1
    outer loop
      vertex 35.6224 28.2275 2.5
      vertex 36.5734 28.5365 2.5
      vertex 36.5471 28.627 2.5
    endloop
  endfacet
  facet normal 0 0 1
    outer loop
      vertex 37.1183 27.7865 2.5
      vertex 36.5305 26.9775 2.5
      vertex 36.6604 26.8892 2.5
    endloop
  endfacet
  facet normal 0 0 1
    outer loop
      vertex 35.5785 28.3783 2.5
      vertex 36.5471 28.627 2.5
      vertex 36.5266 28.7189 2.5
    endloop
  endfacet
  facet normal 0 0 1
    outer loop
      vertex 35.5443 28.5315 2.5
      vertex 36.5266 28.7189 2.5
      vertex 36.5118 28.812 2.5
    endloop
  endfacet
  facet normal 0 0 1
    outer loop
      vertex 35.5197 28.6867 2.5
      vertex 36.5118 28.812 2.5
      vertex 36.503 28.9058 2.5
    endloop
  endfacet
  facet normal 0 0 1
    outer loop
      vertex 35.5049 28.843 2.5
      vertex 36.503 28.9058 2.5
      vertex 36.5 29 2.5
    endloop
  endfacet
  facet normal 0 0 1
    outer loop
      vertex 36.6428 29.6387 2.5
      vertex 35.7379 30.0644 2.5
      vertex 36.6053 29.5522 2.5
    endloop
  endfacet
  facet normal 0 0 1
    outer loop
      vertex 37.0439 27.8442 2.5
      vertex 36.4064 27.0737 2.5
      vertex 36.5305 26.9775 2.5
    endloop
  endfacet
  facet normal -0 0 1
    outer loop
      vertex 35.6756 29.9203 2.5
      vertex 36.6053 29.5522 2.5
      vertex 35.7379 30.0644 2.5
    endloop
  endfacet
  facet normal 0 0 1
    outer loop
      vertex 36.9732 27.9065 2.5
      vertex 36.2886 27.1776 2.5
      vertex 36.4064 27.0737 2.5
    endloop
  endfacet
  facet normal 0 0 1
    outer loop
      vertex 36.6053 29.5522 2.5
      vertex 35.6756 29.9203 2.5
      vertex 36.5734 29.4635 2.5
    endloop
  endfacet
  facet normal 0 0 1
    outer loop
      vertex 36.9065 27.9732 2.5
      vertex 36.1776 27.2886 2.5
      vertex 36.2886 27.1776 2.5
    endloop
  endfacet
  facet normal -0 0 1
    outer loop
      vertex 35.6224 29.7725 2.5
      vertex 36.5734 29.4635 2.5
      vertex 35.6756 29.9203 2.5
    endloop
  endfacet
  facet normal 0 0 1
    outer loop
      vertex 36.8442 28.0439 2.5
      vertex 36.0737 27.4064 2.5
      vertex 36.1776 27.2886 2.5
    endloop
  endfacet
  facet normal 0 0 1
    outer loop
      vertex 36.5734 29.4635 2.5
      vertex 35.6224 29.7725 2.5
      vertex 36.5471 29.373 2.5
    endloop
  endfacet
  facet normal 0 0 1
    outer loop
      vertex 36.7865 28.1183 2.5
      vertex 35.9775 27.5305 2.5
      vertex 36.0737 27.4064 2.5
    endloop
  endfacet
  facet normal -0 0 1
    outer loop
      vertex 35.5785 29.6217 2.5
      vertex 36.5471 29.373 2.5
      vertex 35.6224 29.7725 2.5
    endloop
  endfacet
  facet normal 0 0 1
    outer loop
      vertex 36.7335 28.1963 2.5
      vertex 35.8892 27.6604 2.5
      vertex 35.9775 27.5305 2.5
    endloop
  endfacet
  facet normal 0 0 1
    outer loop
      vertex 36.5471 29.373 2.5
      vertex 35.5785 29.6217 2.5
      vertex 36.5266 29.2811 2.5
    endloop
  endfacet
  facet normal 0 0 1
    outer loop
      vertex 36.6855 28.2774 2.5
      vertex 35.8092 27.7956 2.5
      vertex 35.8892 27.6604 2.5
    endloop
  endfacet
  facet normal -0 0 1
    outer loop
      vertex 35.5443 29.4685 2.5
      vertex 36.5266 29.2811 2.5
      vertex 35.5785 29.6217 2.5
    endloop
  endfacet
  facet normal 0 0 1
    outer loop
      vertex 36.6428 28.3613 2.5
      vertex 35.7379 27.9356 2.5
      vertex 35.8092 27.7956 2.5
    endloop
  endfacet
  facet normal 0 0 1
    outer loop
      vertex 36.5266 29.2811 2.5
      vertex 35.5443 29.4685 2.5
      vertex 36.5118 29.188 2.5
    endloop
  endfacet
  facet normal 0 0 1
    outer loop
      vertex 36.6053 28.4478 2.5
      vertex 35.6756 28.0797 2.5
      vertex 35.7379 27.9356 2.5
    endloop
  endfacet
  facet normal -0 0 1
    outer loop
      vertex 35.5197 29.3133 2.5
      vertex 36.5118 29.188 2.5
      vertex 35.5443 29.4685 2.5
    endloop
  endfacet
  facet normal 0 0 1
    outer loop
      vertex 36.5734 28.5365 2.5
      vertex 35.6224 28.2275 2.5
      vertex 35.6756 28.0797 2.5
    endloop
  endfacet
  facet normal 0 0 1
    outer loop
      vertex 36.5118 29.188 2.5
      vertex 35.5197 29.3133 2.5
      vertex 36.503 29.0942 2.5
    endloop
  endfacet
  facet normal 0 0 1
    outer loop
      vertex 36.5471 28.627 2.5
      vertex 35.5785 28.3783 2.5
      vertex 35.6224 28.2275 2.5
    endloop
  endfacet
  facet normal -0 0 1
    outer loop
      vertex 35.5049 29.157 2.5
      vertex 36.503 29.0942 2.5
      vertex 35.5197 29.3133 2.5
    endloop
  endfacet
  facet normal 0 0 1
    outer loop
      vertex 36.5266 28.7189 2.5
      vertex 35.5443 28.5315 2.5
      vertex 35.5785 28.3783 2.5
    endloop
  endfacet
  facet normal 0 0 1
    outer loop
      vertex 36.503 29.0942 2.5
      vertex 35.5049 29.157 2.5
      vertex 36.5 29 2.5
    endloop
  endfacet
  facet normal 0 0 1
    outer loop
      vertex 36.5118 28.812 2.5
      vertex 35.5197 28.6867 2.5
      vertex 35.5443 28.5315 2.5
    endloop
  endfacet
  facet normal 0 0 1
    outer loop
      vertex 35.5 29 2.5
      vertex 36.5 29 2.5
      vertex 35.5049 29.157 2.5
    endloop
  endfacet
  facet normal 0 0 1
    outer loop
      vertex 36.503 28.9058 2.5
      vertex 35.5049 28.843 2.5
      vertex 35.5197 28.6867 2.5
    endloop
  endfacet
  facet normal 0 0 1
    outer loop
      vertex 36.5 29 2.5
      vertex 35.5 29 2.5
      vertex 35.5049 28.843 2.5
    endloop
  endfacet
  facet normal 0.999513 -0.031195 0
    outer loop
      vertex 35.5 29 5
      vertex 35.5049 29.157 2.5
      vertex 35.5049 29.157 5
    endloop
  endfacet
  facet normal 0.999513 -0.031195 0
    outer loop
      vertex 35.5049 29.157 2.5
      vertex 35.5 29 5
      vertex 35.5 29 2.5
    endloop
  endfacet
  facet normal 0.940904 -0.338674 0
    outer loop
      vertex 35.6224 29.7725 5
      vertex 35.6756 29.9203 2.5
      vertex 35.6756 29.9203 5
    endloop
  endfacet
  facet normal 0.940904 -0.338674 0
    outer loop
      vertex 35.6756 29.9203 2.5
      vertex 35.6224 29.7725 5
      vertex 35.6224 29.7725 2.5
    endloop
  endfacet
  facet normal 0.975977 -0.217875 0
    outer loop
      vertex 35.5443 29.4685 5
      vertex 35.5785 29.6217 2.5
      vertex 35.5785 29.6217 5
    endloop
  endfacet
  facet normal 0.975977 -0.217875 0
    outer loop
      vertex 35.5785 29.6217 2.5
      vertex 35.5443 29.4685 5
      vertex 35.5443 29.4685 2.5
    endloop
  endfacet
  facet normal 0.860622 -0.509244 0
    outer loop
      vertex 35.8092 30.2044 5
      vertex 35.8892 30.3396 2.5
      vertex 35.8892 30.3396 5
    endloop
  endfacet
  facet normal 0.860622 -0.509244 0
    outer loop
      vertex 35.8892 30.3396 2.5
      vertex 35.8092 30.2044 5
      vertex 35.8092 30.2044 2.5
    endloop
  endfacet
  facet normal 0.827021 -0.562171 0
    outer loop
      vertex 35.8892 30.3396 5
      vertex 35.9775 30.4695 2.5
      vertex 35.9775 30.4695 5
    endloop
  endfacet
  facet normal 0.827021 -0.562171 0
    outer loop
      vertex 35.9775 30.4695 2.5
      vertex 35.8892 30.3396 5
      vertex 35.8892 30.3396 2.5
    endloop
  endfacet
  facet normal 0.156551 -0.98767 0
    outer loop
      vertex 37.5315 31.4557 2.5
      vertex 37.6867 31.4803 5
      vertex 37.5315 31.4557 5
    endloop
  endfacet
  facet normal 0.156551 -0.98767 0
    outer loop
      vertex 37.6867 31.4803 5
      vertex 37.5315 31.4557 2.5
      vertex 37.6867 31.4803 2.5
    endloop
  endfacet
  facet normal 0.562171 -0.827021 0
    outer loop
      vertex 36.5305 31.0225 2.5
      vertex 36.6604 31.1108 5
      vertex 36.5305 31.0225 5
    endloop
  endfacet
  facet normal 0.562171 -0.827021 0
    outer loop
      vertex 36.6604 31.1108 5
      vertex 36.5305 31.0225 2.5
      vertex 36.6604 31.1108 2.5
    endloop
  endfacet
  facet normal 0.453821 -0.891093 0
    outer loop
      vertex 36.7956 31.1908 2.5
      vertex 36.9356 31.2621 5
      vertex 36.7956 31.1908 5
    endloop
  endfacet
  facet normal 0.453821 -0.891093 0
    outer loop
      vertex 36.9356 31.2621 5
      vertex 36.7956 31.1908 2.5
      vertex 36.9356 31.2621 2.5
    endloop
  endfacet
  facet normal 0.707107 -0.707107 0
    outer loop
      vertex 36.1776 30.7114 5
      vertex 36.2886 30.8224 2.5
      vertex 36.2886 30.8224 5
    endloop
  endfacet
  facet normal 0.707107 -0.707107 0
    outer loop
      vertex 36.2886 30.8224 2.5
      vertex 36.1776 30.7114 5
      vertex 36.1776 30.7114 2.5
    endloop
  endfacet
  facet normal -0.940904 0.338674 0
    outer loop
      vertex 40.3244 28.0797 2.5
      vertex 40.3776 28.2275 5
      vertex 40.3776 28.2275 2.5
    endloop
  endfacet
  facet normal -0.940904 0.338674 0
    outer loop
      vertex 40.3776 28.2275 5
      vertex 40.3244 28.0797 2.5
      vertex 40.3244 28.0797 5
    endloop
  endfacet
  facet normal -0.217875 0.975977 0
    outer loop
      vertex 38.6217 26.5785 2.5
      vertex 38.4685 26.5443 5
      vertex 38.6217 26.5785 5
    endloop
  endfacet
  facet normal -0.217875 0.975977 0
    outer loop
      vertex 38.4685 26.5443 5
      vertex 38.6217 26.5785 2.5
      vertex 38.4685 26.5443 2.5
    endloop
  endfacet
  facet normal -0.453821 0.891093 0
    outer loop
      vertex 39.2044 26.8092 2.5
      vertex 39.0644 26.7379 5
      vertex 39.2044 26.8092 5
    endloop
  endfacet
  facet normal -0.453821 0.891093 0
    outer loop
      vertex 39.0644 26.7379 5
      vertex 39.2044 26.8092 2.5
      vertex 39.0644 26.7379 2.5
    endloop
  endfacet
  facet normal -0.860622 0.509244 0
    outer loop
      vertex 40.1108 27.6604 2.5
      vertex 40.1908 27.7956 5
      vertex 40.1908 27.7956 2.5
    endloop
  endfacet
  facet normal -0.860622 0.509244 0
    outer loop
      vertex 40.1908 27.7956 5
      vertex 40.1108 27.6604 2.5
      vertex 40.1108 27.6604 5
    endloop
  endfacet
  facet normal 0.031195 0.999513 -0
    outer loop
      vertex 38 26.5 2.5
      vertex 37.843 26.5049 5
      vertex 38 26.5 5
    endloop
  endfacet
  facet normal 0.031195 0.999513 0
    outer loop
      vertex 37.843 26.5049 5
      vertex 38 26.5 2.5
      vertex 37.843 26.5049 2.5
    endloop
  endfacet
  facet normal 0.338674 0.940904 -0
    outer loop
      vertex 37.2275 26.6224 2.5
      vertex 37.0797 26.6756 5
      vertex 37.2275 26.6224 5
    endloop
  endfacet
  facet normal 0.338674 0.940904 0
    outer loop
      vertex 37.0797 26.6756 5
      vertex 37.2275 26.6224 2.5
      vertex 37.0797 26.6756 2.5
    endloop
  endfacet
  facet normal 0.509244 0.860622 -0
    outer loop
      vertex 36.7956 26.8092 2.5
      vertex 36.6604 26.8892 5
      vertex 36.7956 26.8092 5
    endloop
  endfacet
  facet normal 0.509244 0.860622 0
    outer loop
      vertex 36.6604 26.8892 5
      vertex 36.7956 26.8092 2.5
      vertex 36.6604 26.8892 2.5
    endloop
  endfacet
  facet normal 0.891093 0.453821 0
    outer loop
      vertex 35.8092 27.7956 5
      vertex 35.7379 27.9356 2.5
      vertex 35.7379 27.9356 5
    endloop
  endfacet
  facet normal 0.891093 0.453821 0
    outer loop
      vertex 35.7379 27.9356 2.5
      vertex 35.8092 27.7956 5
      vertex 35.8092 27.7956 2.5
    endloop
  endfacet
  facet normal -0.995547 -0.094268 0
    outer loop
      vertex 40.4951 29.157 2.5
      vertex 40.4803 29.3133 5
      vertex 40.4803 29.3133 2.5
    endloop
  endfacet
  facet normal -0.995547 -0.094268 0
    outer loop
      vertex 40.4803 29.3133 5
      vertex 40.4951 29.157 2.5
      vertex 40.4951 29.157 5
    endloop
  endfacet
  facet normal -0.98767 -0.156551 0
    outer loop
      vertex 40.4803 29.3133 2.5
      vertex 40.4557 29.4685 5
      vertex 40.4557 29.4685 2.5
    endloop
  endfacet
  facet normal -0.98767 -0.156551 0
    outer loop
      vertex 40.4557 29.4685 5
      vertex 40.4803 29.3133 2.5
      vertex 40.4803 29.3133 5
    endloop
  endfacet
  facet normal -0.940904 -0.338674 0
    outer loop
      vertex 40.3776 29.7725 2.5
      vertex 40.3244 29.9203 5
      vertex 40.3244 29.9203 2.5
    endloop
  endfacet
  facet normal -0.940904 -0.338674 0
    outer loop
      vertex 40.3244 29.9203 5
      vertex 40.3776 29.7725 2.5
      vertex 40.3776 29.7725 5
    endloop
  endfacet
  facet normal -0.960142 -0.279511 0
    outer loop
      vertex 40.4215 29.6217 2.5
      vertex 40.3776 29.7725 5
      vertex 40.3776 29.7725 2.5
    endloop
  endfacet
  facet normal -0.960142 -0.279511 0
    outer loop
      vertex 40.3776 29.7725 5
      vertex 40.4215 29.6217 2.5
      vertex 40.4215 29.6217 5
    endloop
  endfacet
  facet normal -0.860622 -0.509244 0
    outer loop
      vertex 40.1908 30.2044 2.5
      vertex 40.1108 30.3396 5
      vertex 40.1108 30.3396 2.5
    endloop
  endfacet
  facet normal -0.860622 -0.509244 0
    outer loop
      vertex 40.1108 30.3396 5
      vertex 40.1908 30.2044 2.5
      vertex 40.1908 30.2044 5
    endloop
  endfacet
  facet normal -0.749968 -0.661474 0
    outer loop
      vertex 39.9263 30.5936 2.5
      vertex 39.8224 30.7114 5
      vertex 39.8224 30.7114 2.5
    endloop
  endfacet
  facet normal -0.749968 -0.661474 0
    outer loop
      vertex 39.8224 30.7114 5
      vertex 39.9263 30.5936 2.5
      vertex 39.9263 30.5936 5
    endloop
  endfacet
  facet normal -0.790346 -0.612661 0
    outer loop
      vertex 40.0225 30.4695 2.5
      vertex 39.9263 30.5936 5
      vertex 39.9263 30.5936 2.5
    endloop
  endfacet
  facet normal -0.790346 -0.612661 0
    outer loop
      vertex 39.9263 30.5936 5
      vertex 40.0225 30.4695 2.5
      vertex 40.0225 30.4695 5
    endloop
  endfacet
  facet normal -0.612661 -0.790346 0
    outer loop
      vertex 39.4695 31.0225 2.5
      vertex 39.5936 30.9263 5
      vertex 39.4695 31.0225 5
    endloop
  endfacet
  facet normal -0.612661 -0.790346 -0
    outer loop
      vertex 39.5936 30.9263 5
      vertex 39.4695 31.0225 2.5
      vertex 39.5936 30.9263 2.5
    endloop
  endfacet
  facet normal 0.031195 -0.999513 0
    outer loop
      vertex 37.843 31.4951 2.5
      vertex 38 31.5 5
      vertex 37.843 31.4951 5
    endloop
  endfacet
  facet normal 0.031195 -0.999513 0
    outer loop
      vertex 38 31.5 5
      vertex 37.843 31.4951 2.5
      vertex 38 31.5 2.5
    endloop
  endfacet
  facet normal -0.453821 -0.891093 0
    outer loop
      vertex 39.0644 31.2621 2.5
      vertex 39.2044 31.1908 5
      vertex 39.0644 31.2621 5
    endloop
  endfacet
  facet normal -0.453821 -0.891093 -0
    outer loop
      vertex 39.2044 31.1908 5
      vertex 39.0644 31.2621 2.5
      vertex 39.2044 31.1908 2.5
    endloop
  endfacet
  facet normal -0.156551 -0.98767 0
    outer loop
      vertex 38.3133 31.4803 2.5
      vertex 38.4685 31.4557 5
      vertex 38.3133 31.4803 5
    endloop
  endfacet
  facet normal -0.156551 -0.98767 -0
    outer loop
      vertex 38.4685 31.4557 5
      vertex 38.3133 31.4803 2.5
      vertex 38.4685 31.4557 2.5
    endloop
  endfacet
  facet normal -0.094268 -0.995547 0
    outer loop
      vertex 38.157 31.4951 2.5
      vertex 38.3133 31.4803 5
      vertex 38.157 31.4951 5
    endloop
  endfacet
  facet normal -0.094268 -0.995547 -0
    outer loop
      vertex 38.3133 31.4803 5
      vertex 38.157 31.4951 2.5
      vertex 38.3133 31.4803 2.5
    endloop
  endfacet
  facet normal -0.279511 -0.960142 0
    outer loop
      vertex 38.6217 31.4215 2.5
      vertex 38.7725 31.3776 5
      vertex 38.6217 31.4215 5
    endloop
  endfacet
  facet normal -0.279511 -0.960142 -0
    outer loop
      vertex 38.7725 31.3776 5
      vertex 38.6217 31.4215 2.5
      vertex 38.7725 31.3776 2.5
    endloop
  endfacet
  facet normal 0.98767 -0.156551 0
    outer loop
      vertex 35.5197 29.3133 5
      vertex 35.5443 29.4685 2.5
      vertex 35.5443 29.4685 5
    endloop
  endfacet
  facet normal 0.98767 -0.156551 0
    outer loop
      vertex 35.5443 29.4685 2.5
      vertex 35.5197 29.3133 5
      vertex 35.5197 29.3133 2.5
    endloop
  endfacet
  facet normal 0.995547 -0.094268 0
    outer loop
      vertex 35.5049 29.157 5
      vertex 35.5197 29.3133 2.5
      vertex 35.5197 29.3133 5
    endloop
  endfacet
  facet normal 0.995547 -0.094268 0
    outer loop
      vertex 35.5197 29.3133 2.5
      vertex 35.5049 29.157 5
      vertex 35.5049 29.157 2.5
    endloop
  endfacet
  facet normal 0.960142 -0.279511 0
    outer loop
      vertex 35.5785 29.6217 5
      vertex 35.6224 29.7725 2.5
      vertex 35.6224 29.7725 5
    endloop
  endfacet
  facet normal 0.960142 -0.279511 0
    outer loop
      vertex 35.6224 29.7725 2.5
      vertex 35.5785 29.6217 5
      vertex 35.5785 29.6217 2.5
    endloop
  endfacet
  facet normal 0.891093 -0.453821 0
    outer loop
      vertex 35.7379 30.0644 5
      vertex 35.8092 30.2044 2.5
      vertex 35.8092 30.2044 5
    endloop
  endfacet
  facet normal 0.891093 -0.453821 0
    outer loop
      vertex 35.8092 30.2044 2.5
      vertex 35.7379 30.0644 5
      vertex 35.7379 30.0644 2.5
    endloop
  endfacet
  facet normal 0.790346 -0.612661 0
    outer loop
      vertex 35.9775 30.4695 5
      vertex 36.0737 30.5936 2.5
      vertex 36.0737 30.5936 5
    endloop
  endfacet
  facet normal 0.790346 -0.612661 0
    outer loop
      vertex 36.0737 30.5936 2.5
      vertex 35.9775 30.4695 5
      vertex 35.9775 30.4695 2.5
    endloop
  endfacet
  facet normal 0.279511 -0.960142 0
    outer loop
      vertex 37.2275 31.3776 2.5
      vertex 37.3783 31.4215 5
      vertex 37.2275 31.3776 5
    endloop
  endfacet
  facet normal 0.279511 -0.960142 0
    outer loop
      vertex 37.3783 31.4215 5
      vertex 37.2275 31.3776 2.5
      vertex 37.3783 31.4215 2.5
    endloop
  endfacet
  facet normal 0.338674 -0.940904 0
    outer loop
      vertex 37.0797 31.3244 2.5
      vertex 37.2275 31.3776 5
      vertex 37.0797 31.3244 5
    endloop
  endfacet
  facet normal 0.338674 -0.940904 0
    outer loop
      vertex 37.2275 31.3776 5
      vertex 37.0797 31.3244 2.5
      vertex 37.2275 31.3776 2.5
    endloop
  endfacet
  facet normal 0.094268 -0.995547 0
    outer loop
      vertex 37.6867 31.4803 2.5
      vertex 37.843 31.4951 5
      vertex 37.6867 31.4803 5
    endloop
  endfacet
  facet normal 0.094268 -0.995547 0
    outer loop
      vertex 37.843 31.4951 5
      vertex 37.6867 31.4803 2.5
      vertex 37.843 31.4951 2.5
    endloop
  endfacet
  facet normal 0.509244 -0.860622 0
    outer loop
      vertex 36.6604 31.1108 2.5
      vertex 36.7956 31.1908 5
      vertex 36.6604 31.1108 5
    endloop
  endfacet
  facet normal 0.509244 -0.860622 0
    outer loop
      vertex 36.7956 31.1908 5
      vertex 36.6604 31.1108 2.5
      vertex 36.7956 31.1908 2.5
    endloop
  endfacet
  facet normal 0.661474 -0.749968 0
    outer loop
      vertex 36.2886 30.8224 2.5
      vertex 36.4064 30.9263 5
      vertex 36.2886 30.8224 5
    endloop
  endfacet
  facet normal 0.661474 -0.749968 0
    outer loop
      vertex 36.4064 30.9263 5
      vertex 36.2886 30.8224 2.5
      vertex 36.4064 30.9263 2.5
    endloop
  endfacet
  facet normal 0.612661 -0.790346 0
    outer loop
      vertex 36.4064 30.9263 2.5
      vertex 36.5305 31.0225 5
      vertex 36.4064 30.9263 5
    endloop
  endfacet
  facet normal 0.612661 -0.790346 0
    outer loop
      vertex 36.5305 31.0225 5
      vertex 36.4064 30.9263 2.5
      vertex 36.5305 31.0225 2.5
    endloop
  endfacet
  facet normal -0.999513 -0.031195 0
    outer loop
      vertex 40.5 29 2.5
      vertex 40.4951 29.157 5
      vertex 40.4951 29.157 2.5
    endloop
  endfacet
  facet normal -0.999513 -0.031195 0
    outer loop
      vertex 40.4951 29.157 5
      vertex 40.5 29 2.5
      vertex 40.5 29 5
    endloop
  endfacet
  facet normal -0.98767 0.156551 0
    outer loop
      vertex 40.4557 28.5315 2.5
      vertex 40.4803 28.6867 5
      vertex 40.4803 28.6867 2.5
    endloop
  endfacet
  facet normal -0.98767 0.156551 0
    outer loop
      vertex 40.4803 28.6867 5
      vertex 40.4557 28.5315 2.5
      vertex 40.4557 28.5315 5
    endloop
  endfacet
  facet normal -0.094268 0.995547 0
    outer loop
      vertex 38.3133 26.5197 2.5
      vertex 38.157 26.5049 5
      vertex 38.3133 26.5197 5
    endloop
  endfacet
  facet normal -0.094268 0.995547 0
    outer loop
      vertex 38.157 26.5049 5
      vertex 38.3133 26.5197 2.5
      vertex 38.157 26.5049 2.5
    endloop
  endfacet
  facet normal -0.396839 0.917888 0
    outer loop
      vertex 39.0644 26.7379 2.5
      vertex 38.9203 26.6756 5
      vertex 39.0644 26.7379 5
    endloop
  endfacet
  facet normal -0.396839 0.917888 0
    outer loop
      vertex 38.9203 26.6756 5
      vertex 39.0644 26.7379 2.5
      vertex 38.9203 26.6756 2.5
    endloop
  endfacet
  facet normal -0.279511 0.960142 0
    outer loop
      vertex 38.7725 26.6224 2.5
      vertex 38.6217 26.5785 5
      vertex 38.7725 26.6224 5
    endloop
  endfacet
  facet normal -0.279511 0.960142 0
    outer loop
      vertex 38.6217 26.5785 5
      vertex 38.7725 26.6224 2.5
      vertex 38.6217 26.5785 2.5
    endloop
  endfacet
  facet normal -0.612661 0.790346 0
    outer loop
      vertex 39.5936 27.0737 2.5
      vertex 39.4695 26.9775 5
      vertex 39.5936 27.0737 5
    endloop
  endfacet
  facet normal -0.612661 0.790346 0
    outer loop
      vertex 39.4695 26.9775 5
      vertex 39.5936 27.0737 2.5
      vertex 39.4695 26.9775 2.5
    endloop
  endfacet
  facet normal -0.707107 0.707107 0
    outer loop
      vertex 39.7114 27.1776 2.5
      vertex 39.8224 27.2886 5
      vertex 39.8224 27.2886 2.5
    endloop
  endfacet
  facet normal -0.707107 0.707107 0
    outer loop
      vertex 39.8224 27.2886 5
      vertex 39.7114 27.1776 2.5
      vertex 39.7114 27.1776 5
    endloop
  endfacet
  facet normal -0.509244 0.860622 0
    outer loop
      vertex 39.3396 26.8892 2.5
      vertex 39.2044 26.8092 5
      vertex 39.3396 26.8892 5
    endloop
  endfacet
  facet normal -0.509244 0.860622 0
    outer loop
      vertex 39.2044 26.8092 5
      vertex 39.3396 26.8892 2.5
      vertex 39.2044 26.8092 2.5
    endloop
  endfacet
  facet normal -0.891093 0.453821 0
    outer loop
      vertex 40.1908 27.7956 2.5
      vertex 40.2621 27.9356 5
      vertex 40.2621 27.9356 2.5
    endloop
  endfacet
  facet normal -0.891093 0.453821 0
    outer loop
      vertex 40.2621 27.9356 5
      vertex 40.1908 27.7956 2.5
      vertex 40.1908 27.7956 5
    endloop
  endfacet
  facet normal -0.827021 0.562171 0
    outer loop
      vertex 40.0225 27.5305 2.5
      vertex 40.1108 27.6604 5
      vertex 40.1108 27.6604 2.5
    endloop
  endfacet
  facet normal -0.827021 0.562171 0
    outer loop
      vertex 40.1108 27.6604 5
      vertex 40.0225 27.5305 2.5
      vertex 40.0225 27.5305 5
    endloop
  endfacet
  facet normal 0.156551 0.98767 -0
    outer loop
      vertex 37.6867 26.5197 2.5
      vertex 37.5315 26.5443 5
      vertex 37.6867 26.5197 5
    endloop
  endfacet
  facet normal 0.156551 0.98767 0
    outer loop
      vertex 37.5315 26.5443 5
      vertex 37.6867 26.5197 2.5
      vertex 37.5315 26.5443 2.5
    endloop
  endfacet
  facet normal 0.279511 0.960142 -0
    outer loop
      vertex 37.3783 26.5785 2.5
      vertex 37.2275 26.6224 5
      vertex 37.3783 26.5785 5
    endloop
  endfacet
  facet normal 0.279511 0.960142 0
    outer loop
      vertex 37.2275 26.6224 5
      vertex 37.3783 26.5785 2.5
      vertex 37.2275 26.6224 2.5
    endloop
  endfacet
  facet normal 0.453821 0.891093 -0
    outer loop
      vertex 36.9356 26.7379 2.5
      vertex 36.7956 26.8092 5
      vertex 36.9356 26.7379 5
    endloop
  endfacet
  facet normal 0.453821 0.891093 0
    outer loop
      vertex 36.7956 26.8092 5
      vertex 36.9356 26.7379 2.5
      vertex 36.7956 26.8092 2.5
    endloop
  endfacet
  facet normal 0.562171 0.827021 -0
    outer loop
      vertex 36.6604 26.8892 2.5
      vertex 36.5305 26.9775 5
      vertex 36.6604 26.8892 5
    endloop
  endfacet
  facet normal 0.562171 0.827021 0
    outer loop
      vertex 36.5305 26.9775 5
      vertex 36.6604 26.8892 2.5
      vertex 36.5305 26.9775 2.5
    endloop
  endfacet
  facet normal 0.940904 0.338674 0
    outer loop
      vertex 35.6756 28.0797 5
      vertex 35.6224 28.2275 2.5
      vertex 35.6224 28.2275 5
    endloop
  endfacet
  facet normal 0.940904 0.338674 0
    outer loop
      vertex 35.6224 28.2275 2.5
      vertex 35.6756 28.0797 5
      vertex 35.6756 28.0797 2.5
    endloop
  endfacet
  facet normal 0.960142 0.279511 0
    outer loop
      vertex 35.6224 28.2275 5
      vertex 35.5785 28.3783 2.5
      vertex 35.5785 28.3783 5
    endloop
  endfacet
  facet normal 0.960142 0.279511 0
    outer loop
      vertex 35.5785 28.3783 2.5
      vertex 35.6224 28.2275 5
      vertex 35.6224 28.2275 2.5
    endloop
  endfacet
  facet normal 0.917888 0.396839 0
    outer loop
      vertex 35.7379 27.9356 5
      vertex 35.6756 28.0797 2.5
      vertex 35.6756 28.0797 5
    endloop
  endfacet
  facet normal 0.917888 0.396839 0
    outer loop
      vertex 35.6756 28.0797 2.5
      vertex 35.7379 27.9356 5
      vertex 35.7379 27.9356 2.5
    endloop
  endfacet
  facet normal 0.975977 0.217875 0
    outer loop
      vertex 35.5785 28.3783 5
      vertex 35.5443 28.5315 2.5
      vertex 35.5443 28.5315 5
    endloop
  endfacet
  facet normal 0.975977 0.217875 0
    outer loop
      vertex 35.5443 28.5315 2.5
      vertex 35.5785 28.3783 5
      vertex 35.5785 28.3783 2.5
    endloop
  endfacet
  facet normal 0.995547 0.094268 0
    outer loop
      vertex 35.5197 28.6867 5
      vertex 35.5049 28.843 2.5
      vertex 35.5049 28.843 5
    endloop
  endfacet
  facet normal 0.995547 0.094268 0
    outer loop
      vertex 35.5049 28.843 2.5
      vertex 35.5197 28.6867 5
      vertex 35.5197 28.6867 2.5
    endloop
  endfacet
  facet normal 0.860622 0.509244 0
    outer loop
      vertex 35.8892 27.6604 5
      vertex 35.8092 27.7956 2.5
      vertex 35.8092 27.7956 5
    endloop
  endfacet
  facet normal 0.860622 0.509244 0
    outer loop
      vertex 35.8092 27.7956 2.5
      vertex 35.8892 27.6604 5
      vertex 35.8892 27.6604 2.5
    endloop
  endfacet
  facet normal 0.827021 0.562171 0
    outer loop
      vertex 35.9775 27.5305 5
      vertex 35.8892 27.6604 2.5
      vertex 35.8892 27.6604 5
    endloop
  endfacet
  facet normal 0.827021 0.562171 0
    outer loop
      vertex 35.8892 27.6604 2.5
      vertex 35.9775 27.5305 5
      vertex 35.9775 27.5305 2.5
    endloop
  endfacet
  facet normal 0.749968 0.661474 0
    outer loop
      vertex 36.1776 27.2886 5
      vertex 36.0737 27.4064 2.5
      vertex 36.0737 27.4064 5
    endloop
  endfacet
  facet normal 0.749968 0.661474 0
    outer loop
      vertex 36.0737 27.4064 2.5
      vertex 36.1776 27.2886 5
      vertex 36.1776 27.2886 2.5
    endloop
  endfacet
  facet normal 0.707107 0.707107 0
    outer loop
      vertex 36.2886 27.1776 5
      vertex 36.1776 27.2886 2.5
      vertex 36.1776 27.2886 5
    endloop
  endfacet
  facet normal 0.707107 0.707107 0
    outer loop
      vertex 36.1776 27.2886 2.5
      vertex 36.2886 27.1776 5
      vertex 36.2886 27.1776 2.5
    endloop
  endfacet
  facet normal 0.790346 0.612661 0
    outer loop
      vertex 36.0737 27.4064 5
      vertex 35.9775 27.5305 2.5
      vertex 35.9775 27.5305 5
    endloop
  endfacet
  facet normal 0.790346 0.612661 0
    outer loop
      vertex 35.9775 27.5305 2.5
      vertex 36.0737 27.4064 5
      vertex 36.0737 27.4064 2.5
    endloop
  endfacet
  facet normal 0.999513 0.031195 0
    outer loop
      vertex 35.5049 28.843 5
      vertex 35.5 29 2.5
      vertex 35.5 29 5
    endloop
  endfacet
  facet normal 0.999513 0.031195 0
    outer loop
      vertex 35.5 29 2.5
      vertex 35.5049 28.843 5
      vertex 35.5049 28.843 2.5
    endloop
  endfacet
  facet normal -0.995547 0.094268 0
    outer loop
      vertex 40.4803 28.6867 2.5
      vertex 40.4951 28.843 5
      vertex 40.4951 28.843 2.5
    endloop
  endfacet
  facet normal -0.995547 0.094268 0
    outer loop
      vertex 40.4951 28.843 5
      vertex 40.4803 28.6867 2.5
      vertex 40.4803 28.6867 5
    endloop
  endfacet
  facet normal -0.960142 0.279511 0
    outer loop
      vertex 40.3776 28.2275 2.5
      vertex 40.4215 28.3783 5
      vertex 40.4215 28.3783 2.5
    endloop
  endfacet
  facet normal -0.960142 0.279511 0
    outer loop
      vertex 40.4215 28.3783 5
      vertex 40.3776 28.2275 2.5
      vertex 40.3776 28.2275 5
    endloop
  endfacet
  facet normal -0.156551 0.98767 0
    outer loop
      vertex 38.4685 26.5443 2.5
      vertex 38.3133 26.5197 5
      vertex 38.4685 26.5443 5
    endloop
  endfacet
  facet normal -0.156551 0.98767 0
    outer loop
      vertex 38.3133 26.5197 5
      vertex 38.4685 26.5443 2.5
      vertex 38.3133 26.5197 2.5
    endloop
  endfacet
  facet normal -0.338674 0.940904 0
    outer loop
      vertex 38.9203 26.6756 2.5
      vertex 38.7725 26.6224 5
      vertex 38.9203 26.6756 5
    endloop
  endfacet
  facet normal -0.338674 0.940904 0
    outer loop
      vertex 38.7725 26.6224 5
      vertex 38.9203 26.6756 2.5
      vertex 38.7725 26.6224 2.5
    endloop
  endfacet
  facet normal -0.661474 0.749968 0
    outer loop
      vertex 39.7114 27.1776 2.5
      vertex 39.5936 27.0737 5
      vertex 39.7114 27.1776 5
    endloop
  endfacet
  facet normal -0.661474 0.749968 0
    outer loop
      vertex 39.5936 27.0737 5
      vertex 39.7114 27.1776 2.5
      vertex 39.5936 27.0737 2.5
    endloop
  endfacet
  facet normal -0.562171 0.827021 0
    outer loop
      vertex 39.4695 26.9775 2.5
      vertex 39.3396 26.8892 5
      vertex 39.4695 26.9775 5
    endloop
  endfacet
  facet normal -0.562171 0.827021 0
    outer loop
      vertex 39.3396 26.8892 5
      vertex 39.4695 26.9775 2.5
      vertex 39.3396 26.8892 2.5
    endloop
  endfacet
  facet normal -0.917888 0.396839 0
    outer loop
      vertex 40.2621 27.9356 2.5
      vertex 40.3244 28.0797 5
      vertex 40.3244 28.0797 2.5
    endloop
  endfacet
  facet normal -0.917888 0.396839 0
    outer loop
      vertex 40.3244 28.0797 5
      vertex 40.2621 27.9356 2.5
      vertex 40.2621 27.9356 5
    endloop
  endfacet
  facet normal -0.790346 0.612661 0
    outer loop
      vertex 39.9263 27.4064 2.5
      vertex 40.0225 27.5305 5
      vertex 40.0225 27.5305 2.5
    endloop
  endfacet
  facet normal -0.790346 0.612661 0
    outer loop
      vertex 40.0225 27.5305 5
      vertex 39.9263 27.4064 2.5
      vertex 39.9263 27.4064 5
    endloop
  endfacet
  facet normal -0.031195 0.999513 0
    outer loop
      vertex 38.157 26.5049 2.5
      vertex 38 26.5 5
      vertex 38.157 26.5049 5
    endloop
  endfacet
  facet normal -0.031195 0.999513 0
    outer loop
      vertex 38 26.5 5
      vertex 38.157 26.5049 2.5
      vertex 38 26.5 2.5
    endloop
  endfacet
  facet normal 0.094268 0.995547 -0
    outer loop
      vertex 37.843 26.5049 2.5
      vertex 37.6867 26.5197 5
      vertex 37.843 26.5049 5
    endloop
  endfacet
  facet normal 0.094268 0.995547 0
    outer loop
      vertex 37.6867 26.5197 5
      vertex 37.843 26.5049 2.5
      vertex 37.6867 26.5197 2.5
    endloop
  endfacet
  facet normal 0.217875 0.975977 -0
    outer loop
      vertex 37.5315 26.5443 2.5
      vertex 37.3783 26.5785 5
      vertex 37.5315 26.5443 5
    endloop
  endfacet
  facet normal 0.217875 0.975977 0
    outer loop
      vertex 37.3783 26.5785 5
      vertex 37.5315 26.5443 2.5
      vertex 37.3783 26.5785 2.5
    endloop
  endfacet
  facet normal 0.396839 0.917888 -0
    outer loop
      vertex 37.0797 26.6756 2.5
      vertex 36.9356 26.7379 5
      vertex 37.0797 26.6756 5
    endloop
  endfacet
  facet normal 0.396839 0.917888 0
    outer loop
      vertex 36.9356 26.7379 5
      vertex 37.0797 26.6756 2.5
      vertex 36.9356 26.7379 2.5
    endloop
  endfacet
  facet normal 0.612661 0.790346 -0
    outer loop
      vertex 36.5305 26.9775 2.5
      vertex 36.4064 27.0737 5
      vertex 36.5305 26.9775 5
    endloop
  endfacet
  facet normal 0.612661 0.790346 0
    outer loop
      vertex 36.4064 27.0737 5
      vertex 36.5305 26.9775 2.5
      vertex 36.4064 27.0737 2.5
    endloop
  endfacet
  facet normal 0.98767 0.156551 0
    outer loop
      vertex 35.5443 28.5315 5
      vertex 35.5197 28.6867 2.5
      vertex 35.5197 28.6867 5
    endloop
  endfacet
  facet normal 0.98767 0.156551 0
    outer loop
      vertex 35.5197 28.6867 2.5
      vertex 35.5443 28.5315 5
      vertex 35.5443 28.5315 2.5
    endloop
  endfacet
  facet normal -0.975977 0.217875 0
    outer loop
      vertex 40.4215 28.3783 2.5
      vertex 40.4557 28.5315 5
      vertex 40.4557 28.5315 2.5
    endloop
  endfacet
  facet normal -0.975977 0.217875 0
    outer loop
      vertex 40.4557 28.5315 5
      vertex 40.4215 28.3783 2.5
      vertex 40.4215 28.3783 5
    endloop
  endfacet
  facet normal -0.661474 -0.749968 0
    outer loop
      vertex 59.5936 30.9263 2.5
      vertex 59.7114 30.8224 5
      vertex 59.5936 30.9263 5
    endloop
  endfacet
  facet normal -0.661474 -0.749968 -0
    outer loop
      vertex 59.7114 30.8224 5
      vertex 59.5936 30.9263 2.5
      vertex 59.7114 30.8224 2.5
    endloop
  endfacet
  facet normal 0.396839 -0.917888 0
    outer loop
      vertex 56.9356 31.2621 2.5
      vertex 57.0797 31.3244 5
      vertex 56.9356 31.2621 5
    endloop
  endfacet
  facet normal 0.396839 -0.917888 0
    outer loop
      vertex 57.0797 31.3244 5
      vertex 56.9356 31.2621 2.5
      vertex 57.0797 31.3244 2.5
    endloop
  endfacet
  facet normal 0.917888 -0.396839 0
    outer loop
      vertex 55.6756 29.9203 5
      vertex 55.7379 30.0644 2.5
      vertex 55.7379 30.0644 5
    endloop
  endfacet
  facet normal 0.917888 -0.396839 0
    outer loop
      vertex 55.7379 30.0644 2.5
      vertex 55.6756 29.9203 5
      vertex 55.6756 29.9203 2.5
    endloop
  endfacet
  facet normal -0.562171 0.827021 0
    outer loop
      vertex 59.4695 26.9775 2.5
      vertex 59.3396 26.8892 5
      vertex 59.4695 26.9775 5
    endloop
  endfacet
  facet normal -0.562171 0.827021 0
    outer loop
      vertex 59.3396 26.8892 5
      vertex 59.4695 26.9775 2.5
      vertex 59.3396 26.8892 2.5
    endloop
  endfacet
  facet normal -0.917888 0.396839 0
    outer loop
      vertex 60.2621 27.9356 2.5
      vertex 60.3244 28.0797 5
      vertex 60.3244 28.0797 2.5
    endloop
  endfacet
  facet normal -0.917888 0.396839 0
    outer loop
      vertex 60.3244 28.0797 5
      vertex 60.2621 27.9356 2.5
      vertex 60.2621 27.9356 5
    endloop
  endfacet
  facet normal 0.396839 0.917888 -0
    outer loop
      vertex 57.0797 26.6756 2.5
      vertex 56.9356 26.7379 5
      vertex 57.0797 26.6756 5
    endloop
  endfacet
  facet normal 0.396839 0.917888 0
    outer loop
      vertex 56.9356 26.7379 5
      vertex 57.0797 26.6756 2.5
      vertex 56.9356 26.7379 2.5
    endloop
  endfacet
  facet normal -0.917888 -0.396839 0
    outer loop
      vertex 60.3244 29.9203 2.5
      vertex 60.2621 30.0644 5
      vertex 60.2621 30.0644 2.5
    endloop
  endfacet
  facet normal -0.917888 -0.396839 0
    outer loop
      vertex 60.2621 30.0644 5
      vertex 60.3244 29.9203 2.5
      vertex 60.3244 29.9203 5
    endloop
  endfacet
  facet normal -0.891093 -0.453821 0
    outer loop
      vertex 60.2621 30.0644 2.5
      vertex 60.1908 30.2044 5
      vertex 60.1908 30.2044 2.5
    endloop
  endfacet
  facet normal -0.891093 -0.453821 0
    outer loop
      vertex 60.1908 30.2044 5
      vertex 60.2621 30.0644 2.5
      vertex 60.2621 30.0644 5
    endloop
  endfacet
  facet normal -0.396839 -0.917888 0
    outer loop
      vertex 58.9203 31.3244 2.5
      vertex 59.0644 31.2621 5
      vertex 58.9203 31.3244 5
    endloop
  endfacet
  facet normal -0.396839 -0.917888 -0
    outer loop
      vertex 59.0644 31.2621 5
      vertex 58.9203 31.3244 2.5
      vertex 59.0644 31.2621 2.5
    endloop
  endfacet
  facet normal 0.749968 -0.661474 0
    outer loop
      vertex 56.0737 30.5936 5
      vertex 56.1776 30.7114 2.5
      vertex 56.1776 30.7114 5
    endloop
  endfacet
  facet normal 0.749968 -0.661474 0
    outer loop
      vertex 56.1776 30.7114 2.5
      vertex 56.0737 30.5936 5
      vertex 56.0737 30.5936 2.5
    endloop
  endfacet
  facet normal 0.217875 -0.975977 0
    outer loop
      vertex 57.3783 31.4215 2.5
      vertex 57.5315 31.4557 5
      vertex 57.3783 31.4215 5
    endloop
  endfacet
  facet normal 0.217875 -0.975977 0
    outer loop
      vertex 57.5315 31.4557 5
      vertex 57.3783 31.4215 2.5
      vertex 57.5315 31.4557 2.5
    endloop
  endfacet
  facet normal -0.999513 0.031195 0
    outer loop
      vertex 60.4951 28.843 2.5
      vertex 60.5 29 5
      vertex 60.5 29 2.5
    endloop
  endfacet
  facet normal -0.999513 0.031195 0
    outer loop
      vertex 60.5 29 5
      vertex 60.4951 28.843 2.5
      vertex 60.4951 28.843 5
    endloop
  endfacet
  facet normal -0.749968 0.661474 0
    outer loop
      vertex 59.8224 27.2886 2.5
      vertex 59.9263 27.4064 5
      vertex 59.9263 27.4064 2.5
    endloop
  endfacet
  facet normal -0.749968 0.661474 0
    outer loop
      vertex 59.9263 27.4064 5
      vertex 59.8224 27.2886 2.5
      vertex 59.8224 27.2886 5
    endloop
  endfacet
  facet normal 0.661474 0.749968 -0
    outer loop
      vertex 56.4064 27.0737 2.5
      vertex 56.2886 27.1776 5
      vertex 56.4064 27.0737 5
    endloop
  endfacet
  facet normal 0.661474 0.749968 0
    outer loop
      vertex 56.2886 27.1776 5
      vertex 56.4064 27.0737 2.5
      vertex 56.2886 27.1776 2.5
    endloop
  endfacet
  facet normal -0.975977 -0.217875 0
    outer loop
      vertex 60.4557 29.4685 2.5
      vertex 60.4215 29.6217 5
      vertex 60.4215 29.6217 2.5
    endloop
  endfacet
  facet normal -0.975977 -0.217875 0
    outer loop
      vertex 60.4215 29.6217 5
      vertex 60.4557 29.4685 2.5
      vertex 60.4557 29.4685 5
    endloop
  endfacet
  facet normal -0.827021 -0.562171 0
    outer loop
      vertex 60.1108 30.3396 2.5
      vertex 60.0225 30.4695 5
      vertex 60.0225 30.4695 2.5
    endloop
  endfacet
  facet normal -0.827021 -0.562171 0
    outer loop
      vertex 60.0225 30.4695 5
      vertex 60.1108 30.3396 2.5
      vertex 60.1108 30.3396 5
    endloop
  endfacet
  facet normal -0.707107 -0.707107 0
    outer loop
      vertex 59.8224 30.7114 2.5
      vertex 59.7114 30.8224 5
      vertex 59.7114 30.8224 2.5
    endloop
  endfacet
  facet normal -0.707107 -0.707107 0
    outer loop
      vertex 59.7114 30.8224 5
      vertex 59.8224 30.7114 2.5
      vertex 59.8224 30.7114 5
    endloop
  endfacet
  facet normal -0.562171 -0.827021 0
    outer loop
      vertex 59.3396 31.1108 2.5
      vertex 59.4695 31.0225 5
      vertex 59.3396 31.1108 5
    endloop
  endfacet
  facet normal -0.562171 -0.827021 -0
    outer loop
      vertex 59.4695 31.0225 5
      vertex 59.3396 31.1108 2.5
      vertex 59.4695 31.0225 2.5
    endloop
  endfacet
  facet normal -0.509244 -0.860622 0
    outer loop
      vertex 59.2044 31.1908 2.5
      vertex 59.3396 31.1108 5
      vertex 59.2044 31.1908 5
    endloop
  endfacet
  facet normal -0.509244 -0.860622 -0
    outer loop
      vertex 59.3396 31.1108 5
      vertex 59.2044 31.1908 2.5
      vertex 59.3396 31.1108 2.5
    endloop
  endfacet
  facet normal -0.031195 -0.999513 0
    outer loop
      vertex 58 31.5 2.5
      vertex 58.157 31.4951 5
      vertex 58 31.5 5
    endloop
  endfacet
  facet normal -0.031195 -0.999513 -0
    outer loop
      vertex 58.157 31.4951 5
      vertex 58 31.5 2.5
      vertex 58.157 31.4951 2.5
    endloop
  endfacet
  facet normal -0.338674 -0.940904 0
    outer loop
      vertex 58.7725 31.3776 2.5
      vertex 58.9203 31.3244 5
      vertex 58.7725 31.3776 5
    endloop
  endfacet
  facet normal -0.338674 -0.940904 -0
    outer loop
      vertex 58.9203 31.3244 5
      vertex 58.7725 31.3776 2.5
      vertex 58.9203 31.3244 2.5
    endloop
  endfacet
  facet normal -0.217875 -0.975977 0
    outer loop
      vertex 58.4685 31.4557 2.5
      vertex 58.6217 31.4215 5
      vertex 58.4685 31.4557 5
    endloop
  endfacet
  facet normal -0.217875 -0.975977 -0
    outer loop
      vertex 58.6217 31.4215 5
      vertex 58.4685 31.4557 2.5
      vertex 58.6217 31.4215 2.5
    endloop
  endfacet
  facet normal 0 0 1
    outer loop
      vertex 59.5 29 2.5
      vertex 60.5 29 2.5
      vertex 60.4951 29.157 2.5
    endloop
  endfacet
  facet normal 0 0 1
    outer loop
      vertex 59.497 29.0942 2.5
      vertex 60.4951 29.157 2.5
      vertex 60.4803 29.3133 2.5
    endloop
  endfacet
  facet normal 0 0 1
    outer loop
      vertex 60.5 29 2.5
      vertex 59.5 29 2.5
      vertex 60.4951 28.843 2.5
    endloop
  endfacet
  facet normal 0 0 1
    outer loop
      vertex 59.4882 29.188 2.5
      vertex 60.4803 29.3133 2.5
      vertex 60.4557 29.4685 2.5
    endloop
  endfacet
  facet normal -0 0 1
    outer loop
      vertex 59.497 28.9058 2.5
      vertex 60.4951 28.843 2.5
      vertex 59.5 29 2.5
    endloop
  endfacet
  facet normal 0 0 1
    outer loop
      vertex 59.4734 29.2811 2.5
      vertex 60.4557 29.4685 2.5
      vertex 60.4215 29.6217 2.5
    endloop
  endfacet
  facet normal 0 0 1
    outer loop
      vertex 60.4951 28.843 2.5
      vertex 59.497 28.9058 2.5
      vertex 60.4803 28.6867 2.5
    endloop
  endfacet
  facet normal 0 0 1
    outer loop
      vertex 59.4529 29.373 2.5
      vertex 60.4215 29.6217 2.5
      vertex 60.3776 29.7725 2.5
    endloop
  endfacet
  facet normal -0 0 1
    outer loop
      vertex 59.4882 28.812 2.5
      vertex 60.4803 28.6867 2.5
      vertex 59.497 28.9058 2.5
    endloop
  endfacet
  facet normal 0 0 1
    outer loop
      vertex 59.4266 29.4635 2.5
      vertex 60.3776 29.7725 2.5
      vertex 60.3244 29.9203 2.5
    endloop
  endfacet
  facet normal 0 0 1
    outer loop
      vertex 60.4803 28.6867 2.5
      vertex 59.4882 28.812 2.5
      vertex 60.4557 28.5315 2.5
    endloop
  endfacet
  facet normal 0 0 1
    outer loop
      vertex 59.3947 29.5522 2.5
      vertex 60.3244 29.9203 2.5
      vertex 60.2621 30.0644 2.5
    endloop
  endfacet
  facet normal -0 0 1
    outer loop
      vertex 59.4734 28.7189 2.5
      vertex 60.4557 28.5315 2.5
      vertex 59.4882 28.812 2.5
    endloop
  endfacet
  facet normal 0 0 1
    outer loop
      vertex 59.3572 29.6387 2.5
      vertex 60.2621 30.0644 2.5
      vertex 60.1908 30.2044 2.5
    endloop
  endfacet
  facet normal 0 0 1
    outer loop
      vertex 60.4557 28.5315 2.5
      vertex 59.4734 28.7189 2.5
      vertex 60.4215 28.3783 2.5
    endloop
  endfacet
  facet normal 0 0 1
    outer loop
      vertex 59.3145 29.7226 2.5
      vertex 60.1908 30.2044 2.5
      vertex 60.1108 30.3396 2.5
    endloop
  endfacet
  facet normal -0 0 1
    outer loop
      vertex 59.4529 28.627 2.5
      vertex 60.4215 28.3783 2.5
      vertex 59.4734 28.7189 2.5
    endloop
  endfacet
  facet normal 0 0 1
    outer loop
      vertex 59.2665 29.8037 2.5
      vertex 60.1108 30.3396 2.5
      vertex 60.0225 30.4695 2.5
    endloop
  endfacet
  facet normal 0 0 1
    outer loop
      vertex 60.4215 28.3783 2.5
      vertex 59.4529 28.627 2.5
      vertex 60.3776 28.2275 2.5
    endloop
  endfacet
  facet normal 0 0 1
    outer loop
      vertex 59.2135 29.8817 2.5
      vertex 60.0225 30.4695 2.5
      vertex 59.9263 30.5936 2.5
    endloop
  endfacet
  facet normal -0 0 1
    outer loop
      vertex 59.4266 28.5365 2.5
      vertex 60.3776 28.2275 2.5
      vertex 59.4529 28.627 2.5
    endloop
  endfacet
  facet normal 0 0 1
    outer loop
      vertex 59.1558 29.9561 2.5
      vertex 59.9263 30.5936 2.5
      vertex 59.8224 30.7114 2.5
    endloop
  endfacet
  facet normal 0 0 1
    outer loop
      vertex 60.3776 28.2275 2.5
      vertex 59.4266 28.5365 2.5
      vertex 60.3244 28.0797 2.5
    endloop
  endfacet
  facet normal 0 0 1
    outer loop
      vertex 59.0935 30.0268 2.5
      vertex 59.8224 30.7114 2.5
      vertex 59.7114 30.8224 2.5
    endloop
  endfacet
  facet normal -0 0 1
    outer loop
      vertex 59.3947 28.4478 2.5
      vertex 60.3244 28.0797 2.5
      vertex 59.4266 28.5365 2.5
    endloop
  endfacet
  facet normal 0 0 1
    outer loop
      vertex 59.0268 30.0935 2.5
      vertex 59.7114 30.8224 2.5
      vertex 59.5936 30.9263 2.5
    endloop
  endfacet
  facet normal 0 0 1
    outer loop
      vertex 60.3244 28.0797 2.5
      vertex 59.3947 28.4478 2.5
      vertex 60.2621 27.9356 2.5
    endloop
  endfacet
  facet normal -0 0 1
    outer loop
      vertex 59.3572 28.3613 2.5
      vertex 60.2621 27.9356 2.5
      vertex 59.3947 28.4478 2.5
    endloop
  endfacet
  facet normal 0 0 1
    outer loop
      vertex 60.4951 29.157 2.5
      vertex 59.497 29.0942 2.5
      vertex 59.5 29 2.5
    endloop
  endfacet
  facet normal 0 0 1
    outer loop
      vertex 60.4803 29.3133 2.5
      vertex 59.4882 29.188 2.5
      vertex 59.497 29.0942 2.5
    endloop
  endfacet
  facet normal 0 0 1
    outer loop
      vertex 60.4557 29.4685 2.5
      vertex 59.4734 29.2811 2.5
      vertex 59.4882 29.188 2.5
    endloop
  endfacet
  facet normal 0 0 1
    outer loop
      vertex 58.9561 30.1558 2.5
      vertex 59.5936 30.9263 2.5
      vertex 59.4695 31.0225 2.5
    endloop
  endfacet
  facet normal 0 0 1
    outer loop
      vertex 60.4215 29.6217 2.5
      vertex 59.4529 29.373 2.5
      vertex 59.4734 29.2811 2.5
    endloop
  endfacet
  facet normal 0 0 1
    outer loop
      vertex 60.3776 29.7725 2.5
      vertex 59.4266 29.4635 2.5
      vertex 59.4529 29.373 2.5
    endloop
  endfacet
  facet normal 0 0 1
    outer loop
      vertex 60.3244 29.9203 2.5
      vertex 59.3947 29.5522 2.5
      vertex 59.4266 29.4635 2.5
    endloop
  endfacet
  facet normal 0 0 1
    outer loop
      vertex 60.2621 30.0644 2.5
      vertex 59.3572 29.6387 2.5
      vertex 59.3947 29.5522 2.5
    endloop
  endfacet
  facet normal 0 0 1
    outer loop
      vertex 58.8817 30.2135 2.5
      vertex 59.4695 31.0225 2.5
      vertex 59.3396 31.1108 2.5
    endloop
  endfacet
  facet normal 0 0 1
    outer loop
      vertex 60.1908 30.2044 2.5
      vertex 59.3145 29.7226 2.5
      vertex 59.3572 29.6387 2.5
    endloop
  endfacet
  facet normal 0 0 1
    outer loop
      vertex 60.1108 30.3396 2.5
      vertex 59.2665 29.8037 2.5
      vertex 59.3145 29.7226 2.5
    endloop
  endfacet
  facet normal 0 0 1
    outer loop
      vertex 60.0225 30.4695 2.5
      vertex 59.2135 29.8817 2.5
      vertex 59.2665 29.8037 2.5
    endloop
  endfacet
  facet normal 0 0 1
    outer loop
      vertex 58.8037 30.2665 2.5
      vertex 59.3396 31.1108 2.5
      vertex 59.2044 31.1908 2.5
    endloop
  endfacet
  facet normal 0 0 1
    outer loop
      vertex 59.9263 30.5936 2.5
      vertex 59.1558 29.9561 2.5
      vertex 59.2135 29.8817 2.5
    endloop
  endfacet
  facet normal 0 0 1
    outer loop
      vertex 59.8224 30.7114 2.5
      vertex 59.0935 30.0268 2.5
      vertex 59.1558 29.9561 2.5
    endloop
  endfacet
  facet normal 0 0 1
    outer loop
      vertex 58.7226 30.3145 2.5
      vertex 59.2044 31.1908 2.5
      vertex 59.0644 31.2621 2.5
    endloop
  endfacet
  facet normal 0 0 1
    outer loop
      vertex 59.7114 30.8224 2.5
      vertex 59.0268 30.0935 2.5
      vertex 59.0935 30.0268 2.5
    endloop
  endfacet
  facet normal 0 0 1
    outer loop
      vertex 59.5936 30.9263 2.5
      vertex 58.9561 30.1558 2.5
      vertex 59.0268 30.0935 2.5
    endloop
  endfacet
  facet normal 0 0 1
    outer loop
      vertex 58.6387 30.3572 2.5
      vertex 59.0644 31.2621 2.5
      vertex 58.9203 31.3244 2.5
    endloop
  endfacet
  facet normal 0 0 1
    outer loop
      vertex 59.4695 31.0225 2.5
      vertex 58.8817 30.2135 2.5
      vertex 58.9561 30.1558 2.5
    endloop
  endfacet
  facet normal 0 0 1
    outer loop
      vertex 59.3396 31.1108 2.5
      vertex 58.8037 30.2665 2.5
      vertex 58.8817 30.2135 2.5
    endloop
  endfacet
  facet normal 0 0 1
    outer loop
      vertex 58.5522 30.3947 2.5
      vertex 58.9203 31.3244 2.5
      vertex 58.7725 31.3776 2.5
    endloop
  endfacet
  facet normal 0 0 1
    outer loop
      vertex 59.2044 31.1908 2.5
      vertex 58.7226 30.3145 2.5
      vertex 58.8037 30.2665 2.5
    endloop
  endfacet
  facet normal 0 0 1
    outer loop
      vertex 59.0644 31.2621 2.5
      vertex 58.6387 30.3572 2.5
      vertex 58.7226 30.3145 2.5
    endloop
  endfacet
  facet normal 0 0 1
    outer loop
      vertex 58.4635 30.4266 2.5
      vertex 58.7725 31.3776 2.5
      vertex 58.6217 31.4215 2.5
    endloop
  endfacet
  facet normal 0 0 1
    outer loop
      vertex 58.9203 31.3244 2.5
      vertex 58.5522 30.3947 2.5
      vertex 58.6387 30.3572 2.5
    endloop
  endfacet
  facet normal 0 0 1
    outer loop
      vertex 58.373 30.4529 2.5
      vertex 58.6217 31.4215 2.5
      vertex 58.4685 31.4557 2.5
    endloop
  endfacet
  facet normal 0 0 1
    outer loop
      vertex 58.7725 31.3776 2.5
      vertex 58.4635 30.4266 2.5
      vertex 58.5522 30.3947 2.5
    endloop
  endfacet
  facet normal 0 0 1
    outer loop
      vertex 58.6217 31.4215 2.5
      vertex 58.373 30.4529 2.5
      vertex 58.4635 30.4266 2.5
    endloop
  endfacet
  facet normal 0 0 1
    outer loop
      vertex 58.2811 30.4734 2.5
      vertex 58.4685 31.4557 2.5
      vertex 58.3133 31.4803 2.5
    endloop
  endfacet
  facet normal 0 0 1
    outer loop
      vertex 58.4685 31.4557 2.5
      vertex 58.2811 30.4734 2.5
      vertex 58.373 30.4529 2.5
    endloop
  endfacet
  facet normal 0 0 1
    outer loop
      vertex 58.3133 31.4803 2.5
      vertex 58.188 30.4882 2.5
      vertex 58.2811 30.4734 2.5
    endloop
  endfacet
  facet normal 0 0 1
    outer loop
      vertex 58.157 31.4951 2.5
      vertex 58.188 30.4882 2.5
      vertex 58.3133 31.4803 2.5
    endloop
  endfacet
  facet normal 0 0 1
    outer loop
      vertex 58.157 31.4951 2.5
      vertex 58.0942 30.497 2.5
      vertex 58.188 30.4882 2.5
    endloop
  endfacet
  facet normal 0 0 1
    outer loop
      vertex 58 31.5 2.5
      vertex 58.0942 30.497 2.5
      vertex 58.157 31.4951 2.5
    endloop
  endfacet
  facet normal 0 0 1
    outer loop
      vertex 58 31.5 2.5
      vertex 58 30.5 2.5
      vertex 58.0942 30.497 2.5
    endloop
  endfacet
  facet normal 0 0 1
    outer loop
      vertex 58 31.5 2.5
      vertex 57.9058 30.497 2.5
      vertex 58 30.5 2.5
    endloop
  endfacet
  facet normal -0 0 1
    outer loop
      vertex 57.843 31.4951 2.5
      vertex 57.9058 30.497 2.5
      vertex 58 31.5 2.5
    endloop
  endfacet
  facet normal 0 0 1
    outer loop
      vertex 57.843 31.4951 2.5
      vertex 57.812 30.4882 2.5
      vertex 57.9058 30.497 2.5
    endloop
  endfacet
  facet normal -0 0 1
    outer loop
      vertex 57.6867 31.4803 2.5
      vertex 57.812 30.4882 2.5
      vertex 57.843 31.4951 2.5
    endloop
  endfacet
  facet normal 0 0 1
    outer loop
      vertex 57.812 30.4882 2.5
      vertex 57.6867 31.4803 2.5
      vertex 57.7189 30.4734 2.5
    endloop
  endfacet
  facet normal -0 0 1
    outer loop
      vertex 57.5315 31.4557 2.5
      vertex 57.7189 30.4734 2.5
      vertex 57.6867 31.4803 2.5
    endloop
  endfacet
  facet normal 0 0 1
    outer loop
      vertex 57.7189 30.4734 2.5
      vertex 57.5315 31.4557 2.5
      vertex 57.627 30.4529 2.5
    endloop
  endfacet
  facet normal -0 0 1
    outer loop
      vertex 57.3783 31.4215 2.5
      vertex 57.627 30.4529 2.5
      vertex 57.5315 31.4557 2.5
    endloop
  endfacet
  facet normal 0 0 1
    outer loop
      vertex 57.627 30.4529 2.5
      vertex 57.3783 31.4215 2.5
      vertex 57.5365 30.4266 2.5
    endloop
  endfacet
  facet normal -0 0 1
    outer loop
      vertex 57.2275 31.3776 2.5
      vertex 57.5365 30.4266 2.5
      vertex 57.3783 31.4215 2.5
    endloop
  endfacet
  facet normal 0 0 1
    outer loop
      vertex 57.5365 30.4266 2.5
      vertex 57.2275 31.3776 2.5
      vertex 57.4478 30.3947 2.5
    endloop
  endfacet
  facet normal -0 0 1
    outer loop
      vertex 57.0797 31.3244 2.5
      vertex 57.4478 30.3947 2.5
      vertex 57.2275 31.3776 2.5
    endloop
  endfacet
  facet normal 0 0 1
    outer loop
      vertex 57.4478 30.3947 2.5
      vertex 57.0797 31.3244 2.5
      vertex 57.3613 30.3572 2.5
    endloop
  endfacet
  facet normal -0 0 1
    outer loop
      vertex 56.9356 31.2621 2.5
      vertex 57.3613 30.3572 2.5
      vertex 57.0797 31.3244 2.5
    endloop
  endfacet
  facet normal 0 0 1
    outer loop
      vertex 57.3613 30.3572 2.5
      vertex 56.9356 31.2621 2.5
      vertex 57.2774 30.3145 2.5
    endloop
  endfacet
  facet normal -0 0 1
    outer loop
      vertex 56.7956 31.1908 2.5
      vertex 57.2774 30.3145 2.5
      vertex 56.9356 31.2621 2.5
    endloop
  endfacet
  facet normal 0 0 1
    outer loop
      vertex 57.2774 30.3145 2.5
      vertex 56.7956 31.1908 2.5
      vertex 57.1963 30.2665 2.5
    endloop
  endfacet
  facet normal -0 0 1
    outer loop
      vertex 56.6604 31.1108 2.5
      vertex 57.1963 30.2665 2.5
      vertex 56.7956 31.1908 2.5
    endloop
  endfacet
  facet normal 0 0 1
    outer loop
      vertex 57.1963 30.2665 2.5
      vertex 56.6604 31.1108 2.5
      vertex 57.1183 30.2135 2.5
    endloop
  endfacet
  facet normal -0 0 1
    outer loop
      vertex 56.5305 31.0225 2.5
      vertex 57.1183 30.2135 2.5
      vertex 56.6604 31.1108 2.5
    endloop
  endfacet
  facet normal 0 0 1
    outer loop
      vertex 57.1183 30.2135 2.5
      vertex 56.5305 31.0225 2.5
      vertex 57.0439 30.1558 2.5
    endloop
  endfacet
  facet normal -0 0 1
    outer loop
      vertex 56.4064 30.9263 2.5
      vertex 57.0439 30.1558 2.5
      vertex 56.5305 31.0225 2.5
    endloop
  endfacet
  facet normal 0 0 1
    outer loop
      vertex 57.0439 30.1558 2.5
      vertex 56.4064 30.9263 2.5
      vertex 56.9732 30.0935 2.5
    endloop
  endfacet
  facet normal -0 0 1
    outer loop
      vertex 56.2886 30.8224 2.5
      vertex 56.9732 30.0935 2.5
      vertex 56.4064 30.9263 2.5
    endloop
  endfacet
  facet normal 0 0 1
    outer loop
      vertex 56.9732 30.0935 2.5
      vertex 56.2886 30.8224 2.5
      vertex 56.9065 30.0268 2.5
    endloop
  endfacet
  facet normal -0 0 1
    outer loop
      vertex 56.1776 30.7114 2.5
      vertex 56.9065 30.0268 2.5
      vertex 56.2886 30.8224 2.5
    endloop
  endfacet
  facet normal 0 0 1
    outer loop
      vertex 56.9065 30.0268 2.5
      vertex 56.1776 30.7114 2.5
      vertex 56.8442 29.9561 2.5
    endloop
  endfacet
  facet normal -0 0 1
    outer loop
      vertex 56.0737 30.5936 2.5
      vertex 56.8442 29.9561 2.5
      vertex 56.1776 30.7114 2.5
    endloop
  endfacet
  facet normal 0 0 1
    outer loop
      vertex 56.8442 29.9561 2.5
      vertex 56.0737 30.5936 2.5
      vertex 56.7865 29.8817 2.5
    endloop
  endfacet
  facet normal -0 0 1
    outer loop
      vertex 55.9775 30.4695 2.5
      vertex 56.7865 29.8817 2.5
      vertex 56.0737 30.5936 2.5
    endloop
  endfacet
  facet normal 0 0 1
    outer loop
      vertex 56.7865 29.8817 2.5
      vertex 55.9775 30.4695 2.5
      vertex 56.7335 29.8037 2.5
    endloop
  endfacet
  facet normal -0 0 1
    outer loop
      vertex 55.8892 30.3396 2.5
      vertex 56.7335 29.8037 2.5
      vertex 55.9775 30.4695 2.5
    endloop
  endfacet
  facet normal 0 0 1
    outer loop
      vertex 56.7335 29.8037 2.5
      vertex 55.8892 30.3396 2.5
      vertex 56.6855 29.7226 2.5
    endloop
  endfacet
  facet normal -0 0 1
    outer loop
      vertex 55.8092 30.2044 2.5
      vertex 56.6855 29.7226 2.5
      vertex 55.8892 30.3396 2.5
    endloop
  endfacet
  facet normal 0 0 1
    outer loop
      vertex 56.6855 29.7226 2.5
      vertex 55.8092 30.2044 2.5
      vertex 56.6428 29.6387 2.5
    endloop
  endfacet
  facet normal -0 0 1
    outer loop
      vertex 55.7379 30.0644 2.5
      vertex 56.6428 29.6387 2.5
      vertex 55.8092 30.2044 2.5
    endloop
  endfacet
  facet normal 0 0 1
    outer loop
      vertex 60.2621 27.9356 2.5
      vertex 59.3572 28.3613 2.5
      vertex 60.1908 27.7956 2.5
    endloop
  endfacet
  facet normal -0 0 1
    outer loop
      vertex 59.3145 28.2774 2.5
      vertex 60.1908 27.7956 2.5
      vertex 59.3572 28.3613 2.5
    endloop
  endfacet
  facet normal 0 0 1
    outer loop
      vertex 60.1908 27.7956 2.5
      vertex 59.3145 28.2774 2.5
      vertex 60.1108 27.6604 2.5
    endloop
  endfacet
  facet normal -0 0 1
    outer loop
      vertex 59.2665 28.1963 2.5
      vertex 60.1108 27.6604 2.5
      vertex 59.3145 28.2774 2.5
    endloop
  endfacet
  facet normal 0 0 1
    outer loop
      vertex 60.1108 27.6604 2.5
      vertex 59.2665 28.1963 2.5
      vertex 60.0225 27.5305 2.5
    endloop
  endfacet
  facet normal -0 0 1
    outer loop
      vertex 59.2135 28.1183 2.5
      vertex 60.0225 27.5305 2.5
      vertex 59.2665 28.1963 2.5
    endloop
  endfacet
  facet normal 0 0 1
    outer loop
      vertex 60.0225 27.5305 2.5
      vertex 59.2135 28.1183 2.5
      vertex 59.9263 27.4064 2.5
    endloop
  endfacet
  facet normal -0 0 1
    outer loop
      vertex 59.1558 28.0439 2.5
      vertex 59.9263 27.4064 2.5
      vertex 59.2135 28.1183 2.5
    endloop
  endfacet
  facet normal 0 0 1
    outer loop
      vertex 59.9263 27.4064 2.5
      vertex 59.1558 28.0439 2.5
      vertex 59.8224 27.2886 2.5
    endloop
  endfacet
  facet normal -0 0 1
    outer loop
      vertex 59.0935 27.9732 2.5
      vertex 59.8224 27.2886 2.5
      vertex 59.1558 28.0439 2.5
    endloop
  endfacet
  facet normal 0 0 1
    outer loop
      vertex 59.8224 27.2886 2.5
      vertex 59.0935 27.9732 2.5
      vertex 59.7114 27.1776 2.5
    endloop
  endfacet
  facet normal -0 0 1
    outer loop
      vertex 59.0268 27.9065 2.5
      vertex 59.7114 27.1776 2.5
      vertex 59.0935 27.9732 2.5
    endloop
  endfacet
  facet normal 0 0 1
    outer loop
      vertex 59.7114 27.1776 2.5
      vertex 59.0268 27.9065 2.5
      vertex 59.5936 27.0737 2.5
    endloop
  endfacet
  facet normal -0 0 1
    outer loop
      vertex 58.9561 27.8442 2.5
      vertex 59.5936 27.0737 2.5
      vertex 59.0268 27.9065 2.5
    endloop
  endfacet
  facet normal 0 0 1
    outer loop
      vertex 59.5936 27.0737 2.5
      vertex 58.9561 27.8442 2.5
      vertex 59.4695 26.9775 2.5
    endloop
  endfacet
  facet normal -0 0 1
    outer loop
      vertex 58.8817 27.7865 2.5
      vertex 59.4695 26.9775 2.5
      vertex 58.9561 27.8442 2.5
    endloop
  endfacet
  facet normal 0 0 1
    outer loop
      vertex 59.4695 26.9775 2.5
      vertex 58.8817 27.7865 2.5
      vertex 59.3396 26.8892 2.5
    endloop
  endfacet
  facet normal -0 0 1
    outer loop
      vertex 58.8037 27.7335 2.5
      vertex 59.3396 26.8892 2.5
      vertex 58.8817 27.7865 2.5
    endloop
  endfacet
  facet normal 0 0 1
    outer loop
      vertex 59.3396 26.8892 2.5
      vertex 58.8037 27.7335 2.5
      vertex 59.2044 26.8092 2.5
    endloop
  endfacet
  facet normal -0 0 1
    outer loop
      vertex 58.7226 27.6855 2.5
      vertex 59.2044 26.8092 2.5
      vertex 58.8037 27.7335 2.5
    endloop
  endfacet
  facet normal 0 0 1
    outer loop
      vertex 59.2044 26.8092 2.5
      vertex 58.7226 27.6855 2.5
      vertex 59.0644 26.7379 2.5
    endloop
  endfacet
  facet normal -0 0 1
    outer loop
      vertex 58.6387 27.6428 2.5
      vertex 59.0644 26.7379 2.5
      vertex 58.7226 27.6855 2.5
    endloop
  endfacet
  facet normal 0 0 1
    outer loop
      vertex 59.0644 26.7379 2.5
      vertex 58.6387 27.6428 2.5
      vertex 58.9203 26.6756 2.5
    endloop
  endfacet
  facet normal -0 0 1
    outer loop
      vertex 58.5522 27.6053 2.5
      vertex 58.9203 26.6756 2.5
      vertex 58.6387 27.6428 2.5
    endloop
  endfacet
  facet normal 0 0 1
    outer loop
      vertex 58.9203 26.6756 2.5
      vertex 58.5522 27.6053 2.5
      vertex 58.7725 26.6224 2.5
    endloop
  endfacet
  facet normal -0 0 1
    outer loop
      vertex 58.4635 27.5734 2.5
      vertex 58.7725 26.6224 2.5
      vertex 58.5522 27.6053 2.5
    endloop
  endfacet
  facet normal 0 0 1
    outer loop
      vertex 58.7725 26.6224 2.5
      vertex 58.4635 27.5734 2.5
      vertex 58.6217 26.5785 2.5
    endloop
  endfacet
  facet normal -0 0 1
    outer loop
      vertex 58.373 27.5471 2.5
      vertex 58.6217 26.5785 2.5
      vertex 58.4635 27.5734 2.5
    endloop
  endfacet
  facet normal 0 0 1
    outer loop
      vertex 58.6217 26.5785 2.5
      vertex 58.373 27.5471 2.5
      vertex 58.4685 26.5443 2.5
    endloop
  endfacet
  facet normal -0 0 1
    outer loop
      vertex 58.2811 27.5266 2.5
      vertex 58.4685 26.5443 2.5
      vertex 58.373 27.5471 2.5
    endloop
  endfacet
  facet normal 0 0 1
    outer loop
      vertex 58.4685 26.5443 2.5
      vertex 58.2811 27.5266 2.5
      vertex 58.3133 26.5197 2.5
    endloop
  endfacet
  facet normal -0 0 1
    outer loop
      vertex 58.188 27.5118 2.5
      vertex 58.3133 26.5197 2.5
      vertex 58.2811 27.5266 2.5
    endloop
  endfacet
  facet normal 0 0 1
    outer loop
      vertex 58.188 27.5118 2.5
      vertex 58.157 26.5049 2.5
      vertex 58.3133 26.5197 2.5
    endloop
  endfacet
  facet normal -0 0 1
    outer loop
      vertex 58.0942 27.503 2.5
      vertex 58.157 26.5049 2.5
      vertex 58.188 27.5118 2.5
    endloop
  endfacet
  facet normal -0 0 1
    outer loop
      vertex 58 27.5 2.5
      vertex 58.157 26.5049 2.5
      vertex 58.0942 27.503 2.5
    endloop
  endfacet
  facet normal 0 0 1
    outer loop
      vertex 58 27.5 2.5
      vertex 58 26.5 2.5
      vertex 58.157 26.5049 2.5
    endloop
  endfacet
  facet normal 0 0 1
    outer loop
      vertex 57.9058 27.503 2.5
      vertex 58 26.5 2.5
      vertex 58 27.5 2.5
    endloop
  endfacet
  facet normal 0 0 1
    outer loop
      vertex 57.9058 27.503 2.5
      vertex 57.843 26.5049 2.5
      vertex 58 26.5 2.5
    endloop
  endfacet
  facet normal 0 0 1
    outer loop
      vertex 57.812 27.5118 2.5
      vertex 57.843 26.5049 2.5
      vertex 57.9058 27.503 2.5
    endloop
  endfacet
  facet normal 0 0 1
    outer loop
      vertex 57.6867 26.5197 2.5
      vertex 57.812 27.5118 2.5
      vertex 57.7189 27.5266 2.5
    endloop
  endfacet
  facet normal 0 0 1
    outer loop
      vertex 57.812 27.5118 2.5
      vertex 57.6867 26.5197 2.5
      vertex 57.843 26.5049 2.5
    endloop
  endfacet
  facet normal 0 0 1
    outer loop
      vertex 57.5315 26.5443 2.5
      vertex 57.7189 27.5266 2.5
      vertex 57.627 27.5471 2.5
    endloop
  endfacet
  facet normal 0 0 1
    outer loop
      vertex 57.3783 26.5785 2.5
      vertex 57.627 27.5471 2.5
      vertex 57.5365 27.5734 2.5
    endloop
  endfacet
  facet normal 0 0 1
    outer loop
      vertex 57.7189 27.5266 2.5
      vertex 57.5315 26.5443 2.5
      vertex 57.6867 26.5197 2.5
    endloop
  endfacet
  facet normal 0 0 1
    outer loop
      vertex 57.2275 26.6224 2.5
      vertex 57.5365 27.5734 2.5
      vertex 57.4478 27.6053 2.5
    endloop
  endfacet
  facet normal 0 0 1
    outer loop
      vertex 57.627 27.5471 2.5
      vertex 57.3783 26.5785 2.5
      vertex 57.5315 26.5443 2.5
    endloop
  endfacet
  facet normal 0 0 1
    outer loop
      vertex 57.0797 26.6756 2.5
      vertex 57.4478 27.6053 2.5
      vertex 57.3613 27.6428 2.5
    endloop
  endfacet
  facet normal 0 0 1
    outer loop
      vertex 56.9356 26.7379 2.5
      vertex 57.3613 27.6428 2.5
      vertex 57.2774 27.6855 2.5
    endloop
  endfacet
  facet normal 0 0 1
    outer loop
      vertex 57.5365 27.5734 2.5
      vertex 57.2275 26.6224 2.5
      vertex 57.3783 26.5785 2.5
    endloop
  endfacet
  facet normal 0 0 1
    outer loop
      vertex 56.7956 26.8092 2.5
      vertex 57.2774 27.6855 2.5
      vertex 57.1963 27.7335 2.5
    endloop
  endfacet
  facet normal 0 0 1
    outer loop
      vertex 56.6604 26.8892 2.5
      vertex 57.1963 27.7335 2.5
      vertex 57.1183 27.7865 2.5
    endloop
  endfacet
  facet normal 0 0 1
    outer loop
      vertex 57.4478 27.6053 2.5
      vertex 57.0797 26.6756 2.5
      vertex 57.2275 26.6224 2.5
    endloop
  endfacet
  facet normal 0 0 1
    outer loop
      vertex 56.5305 26.9775 2.5
      vertex 57.1183 27.7865 2.5
      vertex 57.0439 27.8442 2.5
    endloop
  endfacet
  facet normal 0 0 1
    outer loop
      vertex 56.4064 27.0737 2.5
      vertex 57.0439 27.8442 2.5
      vertex 56.9732 27.9065 2.5
    endloop
  endfacet
  facet normal 0 0 1
    outer loop
      vertex 57.3613 27.6428 2.5
      vertex 56.9356 26.7379 2.5
      vertex 57.0797 26.6756 2.5
    endloop
  endfacet
  facet normal 0 0 1
    outer loop
      vertex 56.2886 27.1776 2.5
      vertex 56.9732 27.9065 2.5
      vertex 56.9065 27.9732 2.5
    endloop
  endfacet
  facet normal 0 0 1
    outer loop
      vertex 56.1776 27.2886 2.5
      vertex 56.9065 27.9732 2.5
      vertex 56.8442 28.0439 2.5
    endloop
  endfacet
  facet normal 0 0 1
    outer loop
      vertex 57.2774 27.6855 2.5
      vertex 56.7956 26.8092 2.5
      vertex 56.9356 26.7379 2.5
    endloop
  endfacet
  facet normal 0 0 1
    outer loop
      vertex 56.0737 27.4064 2.5
      vertex 56.8442 28.0439 2.5
      vertex 56.7865 28.1183 2.5
    endloop
  endfacet
  facet normal 0 0 1
    outer loop
      vertex 55.9775 27.5305 2.5
      vertex 56.7865 28.1183 2.5
      vertex 56.7335 28.1963 2.5
    endloop
  endfacet
  facet normal 0 0 1
    outer loop
      vertex 55.8892 27.6604 2.5
      vertex 56.7335 28.1963 2.5
      vertex 56.6855 28.2774 2.5
    endloop
  endfacet
  facet normal 0 0 1
    outer loop
      vertex 57.1963 27.7335 2.5
      vertex 56.6604 26.8892 2.5
      vertex 56.7956 26.8092 2.5
    endloop
  endfacet
  facet normal 0 0 1
    outer loop
      vertex 55.8092 27.7956 2.5
      vertex 56.6855 28.2774 2.5
      vertex 56.6428 28.3613 2.5
    endloop
  endfacet
  facet normal 0 0 1
    outer loop
      vertex 55.7379 27.9356 2.5
      vertex 56.6428 28.3613 2.5
      vertex 56.6053 28.4478 2.5
    endloop
  endfacet
  facet normal 0 0 1
    outer loop
      vertex 55.6756 28.0797 2.5
      vertex 56.6053 28.4478 2.5
      vertex 56.5734 28.5365 2.5
    endloop
  endfacet
  facet normal 0 0 1
    outer loop
      vertex 55.6224 28.2275 2.5
      vertex 56.5734 28.5365 2.5
      vertex 56.5471 28.627 2.5
    endloop
  endfacet
  facet normal 0 0 1
    outer loop
      vertex 57.1183 27.7865 2.5
      vertex 56.5305 26.9775 2.5
      vertex 56.6604 26.8892 2.5
    endloop
  endfacet
  facet normal 0 0 1
    outer loop
      vertex 55.5785 28.3783 2.5
      vertex 56.5471 28.627 2.5
      vertex 56.5266 28.7189 2.5
    endloop
  endfacet
  facet normal 0 0 1
    outer loop
      vertex 55.5443 28.5315 2.5
      vertex 56.5266 28.7189 2.5
      vertex 56.5118 28.812 2.5
    endloop
  endfacet
  facet normal 0 0 1
    outer loop
      vertex 55.5197 28.6867 2.5
      vertex 56.5118 28.812 2.5
      vertex 56.503 28.9058 2.5
    endloop
  endfacet
  facet normal 0 0 1
    outer loop
      vertex 55.5049 28.843 2.5
      vertex 56.503 28.9058 2.5
      vertex 56.5 29 2.5
    endloop
  endfacet
  facet normal 0 0 1
    outer loop
      vertex 56.6428 29.6387 2.5
      vertex 55.7379 30.0644 2.5
      vertex 56.6053 29.5522 2.5
    endloop
  endfacet
  facet normal 0 0 1
    outer loop
      vertex 57.0439 27.8442 2.5
      vertex 56.4064 27.0737 2.5
      vertex 56.5305 26.9775 2.5
    endloop
  endfacet
  facet normal -0 0 1
    outer loop
      vertex 55.6756 29.9203 2.5
      vertex 56.6053 29.5522 2.5
      vertex 55.7379 30.0644 2.5
    endloop
  endfacet
  facet normal 0 0 1
    outer loop
      vertex 56.9732 27.9065 2.5
      vertex 56.2886 27.1776 2.5
      vertex 56.4064 27.0737 2.5
    endloop
  endfacet
  facet normal 0 0 1
    outer loop
      vertex 56.6053 29.5522 2.5
      vertex 55.6756 29.9203 2.5
      vertex 56.5734 29.4635 2.5
    endloop
  endfacet
  facet normal 0 0 1
    outer loop
      vertex 56.9065 27.9732 2.5
      vertex 56.1776 27.2886 2.5
      vertex 56.2886 27.1776 2.5
    endloop
  endfacet
  facet normal -0 0 1
    outer loop
      vertex 55.6224 29.7725 2.5
      vertex 56.5734 29.4635 2.5
      vertex 55.6756 29.9203 2.5
    endloop
  endfacet
  facet normal 0 0 1
    outer loop
      vertex 56.8442 28.0439 2.5
      vertex 56.0737 27.4064 2.5
      vertex 56.1776 27.2886 2.5
    endloop
  endfacet
  facet normal 0 0 1
    outer loop
      vertex 56.5734 29.4635 2.5
      vertex 55.6224 29.7725 2.5
      vertex 56.5471 29.373 2.5
    endloop
  endfacet
  facet normal 0 0 1
    outer loop
      vertex 56.7865 28.1183 2.5
      vertex 55.9775 27.5305 2.5
      vertex 56.0737 27.4064 2.5
    endloop
  endfacet
  facet normal -0 0 1
    outer loop
      vertex 55.5785 29.6217 2.5
      vertex 56.5471 29.373 2.5
      vertex 55.6224 29.7725 2.5
    endloop
  endfacet
  facet normal 0 0 1
    outer loop
      vertex 56.7335 28.1963 2.5
      vertex 55.8892 27.6604 2.5
      vertex 55.9775 27.5305 2.5
    endloop
  endfacet
  facet normal 0 0 1
    outer loop
      vertex 56.5471 29.373 2.5
      vertex 55.5785 29.6217 2.5
      vertex 56.5266 29.2811 2.5
    endloop
  endfacet
  facet normal 0 0 1
    outer loop
      vertex 56.6855 28.2774 2.5
      vertex 55.8092 27.7956 2.5
      vertex 55.8892 27.6604 2.5
    endloop
  endfacet
  facet normal -0 0 1
    outer loop
      vertex 55.5443 29.4685 2.5
      vertex 56.5266 29.2811 2.5
      vertex 55.5785 29.6217 2.5
    endloop
  endfacet
  facet normal 0 0 1
    outer loop
      vertex 56.6428 28.3613 2.5
      vertex 55.7379 27.9356 2.5
      vertex 55.8092 27.7956 2.5
    endloop
  endfacet
  facet normal 0 0 1
    outer loop
      vertex 56.5266 29.2811 2.5
      vertex 55.5443 29.4685 2.5
      vertex 56.5118 29.188 2.5
    endloop
  endfacet
  facet normal 0 0 1
    outer loop
      vertex 56.6053 28.4478 2.5
      vertex 55.6756 28.0797 2.5
      vertex 55.7379 27.9356 2.5
    endloop
  endfacet
  facet normal -0 0 1
    outer loop
      vertex 55.5197 29.3133 2.5
      vertex 56.5118 29.188 2.5
      vertex 55.5443 29.4685 2.5
    endloop
  endfacet
  facet normal 0 0 1
    outer loop
      vertex 56.5734 28.5365 2.5
      vertex 55.6224 28.2275 2.5
      vertex 55.6756 28.0797 2.5
    endloop
  endfacet
  facet normal 0 0 1
    outer loop
      vertex 56.5118 29.188 2.5
      vertex 55.5197 29.3133 2.5
      vertex 56.503 29.0942 2.5
    endloop
  endfacet
  facet normal 0 0 1
    outer loop
      vertex 56.5471 28.627 2.5
      vertex 55.5785 28.3783 2.5
      vertex 55.6224 28.2275 2.5
    endloop
  endfacet
  facet normal -0 0 1
    outer loop
      vertex 55.5049 29.157 2.5
      vertex 56.503 29.0942 2.5
      vertex 55.5197 29.3133 2.5
    endloop
  endfacet
  facet normal 0 0 1
    outer loop
      vertex 56.5266 28.7189 2.5
      vertex 55.5443 28.5315 2.5
      vertex 55.5785 28.3783 2.5
    endloop
  endfacet
  facet normal 0 0 1
    outer loop
      vertex 56.503 29.0942 2.5
      vertex 55.5049 29.157 2.5
      vertex 56.5 29 2.5
    endloop
  endfacet
  facet normal 0 0 1
    outer loop
      vertex 56.5118 28.812 2.5
      vertex 55.5197 28.6867 2.5
      vertex 55.5443 28.5315 2.5
    endloop
  endfacet
  facet normal 0 0 1
    outer loop
      vertex 55.5 29 2.5
      vertex 56.5 29 2.5
      vertex 55.5049 29.157 2.5
    endloop
  endfacet
  facet normal 0 0 1
    outer loop
      vertex 56.503 28.9058 2.5
      vertex 55.5049 28.843 2.5
      vertex 55.5197 28.6867 2.5
    endloop
  endfacet
  facet normal 0 0 1
    outer loop
      vertex 56.5 29 2.5
      vertex 55.5 29 2.5
      vertex 55.5049 28.843 2.5
    endloop
  endfacet
  facet normal 0.999513 -0.031195 0
    outer loop
      vertex 55.5 29 5
      vertex 55.5049 29.157 2.5
      vertex 55.5049 29.157 5
    endloop
  endfacet
  facet normal 0.999513 -0.031195 0
    outer loop
      vertex 55.5049 29.157 2.5
      vertex 55.5 29 5
      vertex 55.5 29 2.5
    endloop
  endfacet
  facet normal 0.940904 -0.338674 0
    outer loop
      vertex 55.6224 29.7725 5
      vertex 55.6756 29.9203 2.5
      vertex 55.6756 29.9203 5
    endloop
  endfacet
  facet normal 0.940904 -0.338674 0
    outer loop
      vertex 55.6756 29.9203 2.5
      vertex 55.6224 29.7725 5
      vertex 55.6224 29.7725 2.5
    endloop
  endfacet
  facet normal 0.975977 -0.217875 0
    outer loop
      vertex 55.5443 29.4685 5
      vertex 55.5785 29.6217 2.5
      vertex 55.5785 29.6217 5
    endloop
  endfacet
  facet normal 0.975977 -0.217875 0
    outer loop
      vertex 55.5785 29.6217 2.5
      vertex 55.5443 29.4685 5
      vertex 55.5443 29.4685 2.5
    endloop
  endfacet
  facet normal 0.860622 -0.509244 0
    outer loop
      vertex 55.8092 30.2044 5
      vertex 55.8892 30.3396 2.5
      vertex 55.8892 30.3396 5
    endloop
  endfacet
  facet normal 0.860622 -0.509244 0
    outer loop
      vertex 55.8892 30.3396 2.5
      vertex 55.8092 30.2044 5
      vertex 55.8092 30.2044 2.5
    endloop
  endfacet
  facet normal 0.827021 -0.562171 0
    outer loop
      vertex 55.8892 30.3396 5
      vertex 55.9775 30.4695 2.5
      vertex 55.9775 30.4695 5
    endloop
  endfacet
  facet normal 0.827021 -0.562171 0
    outer loop
      vertex 55.9775 30.4695 2.5
      vertex 55.8892 30.3396 5
      vertex 55.8892 30.3396 2.5
    endloop
  endfacet
  facet normal 0.156551 -0.98767 0
    outer loop
      vertex 57.5315 31.4557 2.5
      vertex 57.6867 31.4803 5
      vertex 57.5315 31.4557 5
    endloop
  endfacet
  facet normal 0.156551 -0.98767 0
    outer loop
      vertex 57.6867 31.4803 5
      vertex 57.5315 31.4557 2.5
      vertex 57.6867 31.4803 2.5
    endloop
  endfacet
  facet normal 0.562171 -0.827021 0
    outer loop
      vertex 56.5305 31.0225 2.5
      vertex 56.6604 31.1108 5
      vertex 56.5305 31.0225 5
    endloop
  endfacet
  facet normal 0.562171 -0.827021 0
    outer loop
      vertex 56.6604 31.1108 5
      vertex 56.5305 31.0225 2.5
      vertex 56.6604 31.1108 2.5
    endloop
  endfacet
  facet normal 0.453821 -0.891093 0
    outer loop
      vertex 56.7956 31.1908 2.5
      vertex 56.9356 31.2621 5
      vertex 56.7956 31.1908 5
    endloop
  endfacet
  facet normal 0.453821 -0.891093 0
    outer loop
      vertex 56.9356 31.2621 5
      vertex 56.7956 31.1908 2.5
      vertex 56.9356 31.2621 2.5
    endloop
  endfacet
  facet normal 0.707107 -0.707107 0
    outer loop
      vertex 56.1776 30.7114 5
      vertex 56.2886 30.8224 2.5
      vertex 56.2886 30.8224 5
    endloop
  endfacet
  facet normal 0.707107 -0.707107 0
    outer loop
      vertex 56.2886 30.8224 2.5
      vertex 56.1776 30.7114 5
      vertex 56.1776 30.7114 2.5
    endloop
  endfacet
  facet normal -0.940904 0.338674 0
    outer loop
      vertex 60.3244 28.0797 2.5
      vertex 60.3776 28.2275 5
      vertex 60.3776 28.2275 2.5
    endloop
  endfacet
  facet normal -0.940904 0.338674 0
    outer loop
      vertex 60.3776 28.2275 5
      vertex 60.3244 28.0797 2.5
      vertex 60.3244 28.0797 5
    endloop
  endfacet
  facet normal -0.217875 0.975977 0
    outer loop
      vertex 58.6217 26.5785 2.5
      vertex 58.4685 26.5443 5
      vertex 58.6217 26.5785 5
    endloop
  endfacet
  facet normal -0.217875 0.975977 0
    outer loop
      vertex 58.4685 26.5443 5
      vertex 58.6217 26.5785 2.5
      vertex 58.4685 26.5443 2.5
    endloop
  endfacet
  facet normal -0.453821 0.891093 0
    outer loop
      vertex 59.2044 26.8092 2.5
      vertex 59.0644 26.7379 5
      vertex 59.2044 26.8092 5
    endloop
  endfacet
  facet normal -0.453821 0.891093 0
    outer loop
      vertex 59.0644 26.7379 5
      vertex 59.2044 26.8092 2.5
      vertex 59.0644 26.7379 2.5
    endloop
  endfacet
  facet normal -0.860622 0.509244 0
    outer loop
      vertex 60.1108 27.6604 2.5
      vertex 60.1908 27.7956 5
      vertex 60.1908 27.7956 2.5
    endloop
  endfacet
  facet normal -0.860622 0.509244 0
    outer loop
      vertex 60.1908 27.7956 5
      vertex 60.1108 27.6604 2.5
      vertex 60.1108 27.6604 5
    endloop
  endfacet
  facet normal 0.031195 0.999513 -0
    outer loop
      vertex 58 26.5 2.5
      vertex 57.843 26.5049 5
      vertex 58 26.5 5
    endloop
  endfacet
  facet normal 0.031195 0.999513 0
    outer loop
      vertex 57.843 26.5049 5
      vertex 58 26.5 2.5
      vertex 57.843 26.5049 2.5
    endloop
  endfacet
  facet normal 0.338674 0.940904 -0
    outer loop
      vertex 57.2275 26.6224 2.5
      vertex 57.0797 26.6756 5
      vertex 57.2275 26.6224 5
    endloop
  endfacet
  facet normal 0.338674 0.940904 0
    outer loop
      vertex 57.0797 26.6756 5
      vertex 57.2275 26.6224 2.5
      vertex 57.0797 26.6756 2.5
    endloop
  endfacet
  facet normal 0.217875 0.975977 -0
    outer loop
      vertex 57.5315 26.5443 2.5
      vertex 57.3783 26.5785 5
      vertex 57.5315 26.5443 5
    endloop
  endfacet
  facet normal 0.217875 0.975977 0
    outer loop
      vertex 57.3783 26.5785 5
      vertex 57.5315 26.5443 2.5
      vertex 57.3783 26.5785 2.5
    endloop
  endfacet
  facet normal 0.509244 0.860622 -0
    outer loop
      vertex 56.7956 26.8092 2.5
      vertex 56.6604 26.8892 5
      vertex 56.7956 26.8092 5
    endloop
  endfacet
  facet normal 0.509244 0.860622 0
    outer loop
      vertex 56.6604 26.8892 5
      vertex 56.7956 26.8092 2.5
      vertex 56.6604 26.8892 2.5
    endloop
  endfacet
  facet normal 0.891093 0.453821 0
    outer loop
      vertex 55.8092 27.7956 5
      vertex 55.7379 27.9356 2.5
      vertex 55.7379 27.9356 5
    endloop
  endfacet
  facet normal 0.891093 0.453821 0
    outer loop
      vertex 55.7379 27.9356 2.5
      vertex 55.8092 27.7956 5
      vertex 55.8092 27.7956 2.5
    endloop
  endfacet
  facet normal -0.995547 -0.094268 0
    outer loop
      vertex 60.4951 29.157 2.5
      vertex 60.4803 29.3133 5
      vertex 60.4803 29.3133 2.5
    endloop
  endfacet
  facet normal -0.995547 -0.094268 0
    outer loop
      vertex 60.4803 29.3133 5
      vertex 60.4951 29.157 2.5
      vertex 60.4951 29.157 5
    endloop
  endfacet
  facet normal -0.98767 -0.156551 0
    outer loop
      vertex 60.4803 29.3133 2.5
      vertex 60.4557 29.4685 5
      vertex 60.4557 29.4685 2.5
    endloop
  endfacet
  facet normal -0.98767 -0.156551 0
    outer loop
      vertex 60.4557 29.4685 5
      vertex 60.4803 29.3133 2.5
      vertex 60.4803 29.3133 5
    endloop
  endfacet
  facet normal -0.940904 -0.338674 0
    outer loop
      vertex 60.3776 29.7725 2.5
      vertex 60.3244 29.9203 5
      vertex 60.3244 29.9203 2.5
    endloop
  endfacet
  facet normal -0.940904 -0.338674 0
    outer loop
      vertex 60.3244 29.9203 5
      vertex 60.3776 29.7725 2.5
      vertex 60.3776 29.7725 5
    endloop
  endfacet
  facet normal -0.960142 -0.279511 0
    outer loop
      vertex 60.4215 29.6217 2.5
      vertex 60.3776 29.7725 5
      vertex 60.3776 29.7725 2.5
    endloop
  endfacet
  facet normal -0.960142 -0.279511 0
    outer loop
      vertex 60.3776 29.7725 5
      vertex 60.4215 29.6217 2.5
      vertex 60.4215 29.6217 5
    endloop
  endfacet
  facet normal -0.860622 -0.509244 0
    outer loop
      vertex 60.1908 30.2044 2.5
      vertex 60.1108 30.3396 5
      vertex 60.1108 30.3396 2.5
    endloop
  endfacet
  facet normal -0.860622 -0.509244 0
    outer loop
      vertex 60.1108 30.3396 5
      vertex 60.1908 30.2044 2.5
      vertex 60.1908 30.2044 5
    endloop
  endfacet
  facet normal -0.749968 -0.661474 0
    outer loop
      vertex 59.9263 30.5936 2.5
      vertex 59.8224 30.7114 5
      vertex 59.8224 30.7114 2.5
    endloop
  endfacet
  facet normal -0.749968 -0.661474 0
    outer loop
      vertex 59.8224 30.7114 5
      vertex 59.9263 30.5936 2.5
      vertex 59.9263 30.5936 5
    endloop
  endfacet
  facet normal -0.790346 -0.612661 0
    outer loop
      vertex 60.0225 30.4695 2.5
      vertex 59.9263 30.5936 5
      vertex 59.9263 30.5936 2.5
    endloop
  endfacet
  facet normal -0.790346 -0.612661 0
    outer loop
      vertex 59.9263 30.5936 5
      vertex 60.0225 30.4695 2.5
      vertex 60.0225 30.4695 5
    endloop
  endfacet
  facet normal -0.612661 -0.790346 0
    outer loop
      vertex 59.4695 31.0225 2.5
      vertex 59.5936 30.9263 5
      vertex 59.4695 31.0225 5
    endloop
  endfacet
  facet normal -0.612661 -0.790346 -0
    outer loop
      vertex 59.5936 30.9263 5
      vertex 59.4695 31.0225 2.5
      vertex 59.5936 30.9263 2.5
    endloop
  endfacet
  facet normal 0.031195 -0.999513 0
    outer loop
      vertex 57.843 31.4951 2.5
      vertex 58 31.5 5
      vertex 57.843 31.4951 5
    endloop
  endfacet
  facet normal 0.031195 -0.999513 0
    outer loop
      vertex 58 31.5 5
      vertex 57.843 31.4951 2.5
      vertex 58 31.5 2.5
    endloop
  endfacet
  facet normal -0.453821 -0.891093 0
    outer loop
      vertex 59.0644 31.2621 2.5
      vertex 59.2044 31.1908 5
      vertex 59.0644 31.2621 5
    endloop
  endfacet
  facet normal -0.453821 -0.891093 -0
    outer loop
      vertex 59.2044 31.1908 5
      vertex 59.0644 31.2621 2.5
      vertex 59.2044 31.1908 2.5
    endloop
  endfacet
  facet normal -0.156551 -0.98767 0
    outer loop
      vertex 58.3133 31.4803 2.5
      vertex 58.4685 31.4557 5
      vertex 58.3133 31.4803 5
    endloop
  endfacet
  facet normal -0.156551 -0.98767 -0
    outer loop
      vertex 58.4685 31.4557 5
      vertex 58.3133 31.4803 2.5
      vertex 58.4685 31.4557 2.5
    endloop
  endfacet
  facet normal -0.094268 -0.995547 0
    outer loop
      vertex 58.157 31.4951 2.5
      vertex 58.3133 31.4803 5
      vertex 58.157 31.4951 5
    endloop
  endfacet
  facet normal -0.094268 -0.995547 -0
    outer loop
      vertex 58.3133 31.4803 5
      vertex 58.157 31.4951 2.5
      vertex 58.3133 31.4803 2.5
    endloop
  endfacet
  facet normal -0.279511 -0.960142 0
    outer loop
      vertex 58.6217 31.4215 2.5
      vertex 58.7725 31.3776 5
      vertex 58.6217 31.4215 5
    endloop
  endfacet
  facet normal -0.279511 -0.960142 -0
    outer loop
      vertex 58.7725 31.3776 5
      vertex 58.6217 31.4215 2.5
      vertex 58.7725 31.3776 2.5
    endloop
  endfacet
  facet normal 0.98767 -0.156551 0
    outer loop
      vertex 55.5197 29.3133 5
      vertex 55.5443 29.4685 2.5
      vertex 55.5443 29.4685 5
    endloop
  endfacet
  facet normal 0.98767 -0.156551 0
    outer loop
      vertex 55.5443 29.4685 2.5
      vertex 55.5197 29.3133 5
      vertex 55.5197 29.3133 2.5
    endloop
  endfacet
  facet normal 0.995547 -0.094268 0
    outer loop
      vertex 55.5049 29.157 5
      vertex 55.5197 29.3133 2.5
      vertex 55.5197 29.3133 5
    endloop
  endfacet
  facet normal 0.995547 -0.094268 0
    outer loop
      vertex 55.5197 29.3133 2.5
      vertex 55.5049 29.157 5
      vertex 55.5049 29.157 2.5
    endloop
  endfacet
  facet normal 0.960142 -0.279511 0
    outer loop
      vertex 55.5785 29.6217 5
      vertex 55.6224 29.7725 2.5
      vertex 55.6224 29.7725 5
    endloop
  endfacet
  facet normal 0.960142 -0.279511 0
    outer loop
      vertex 55.6224 29.7725 2.5
      vertex 55.5785 29.6217 5
      vertex 55.5785 29.6217 2.5
    endloop
  endfacet
  facet normal 0.891093 -0.453821 0
    outer loop
      vertex 55.7379 30.0644 5
      vertex 55.8092 30.2044 2.5
      vertex 55.8092 30.2044 5
    endloop
  endfacet
  facet normal 0.891093 -0.453821 0
    outer loop
      vertex 55.8092 30.2044 2.5
      vertex 55.7379 30.0644 5
      vertex 55.7379 30.0644 2.5
    endloop
  endfacet
  facet normal 0.790346 -0.612661 0
    outer loop
      vertex 55.9775 30.4695 5
      vertex 56.0737 30.5936 2.5
      vertex 56.0737 30.5936 5
    endloop
  endfacet
  facet normal 0.790346 -0.612661 0
    outer loop
      vertex 56.0737 30.5936 2.5
      vertex 55.9775 30.4695 5
      vertex 55.9775 30.4695 2.5
    endloop
  endfacet
  facet normal 0.279511 -0.960142 0
    outer loop
      vertex 57.2275 31.3776 2.5
      vertex 57.3783 31.4215 5
      vertex 57.2275 31.3776 5
    endloop
  endfacet
  facet normal 0.279511 -0.960142 0
    outer loop
      vertex 57.3783 31.4215 5
      vertex 57.2275 31.3776 2.5
      vertex 57.3783 31.4215 2.5
    endloop
  endfacet
  facet normal 0.338674 -0.940904 0
    outer loop
      vertex 57.0797 31.3244 2.5
      vertex 57.2275 31.3776 5
      vertex 57.0797 31.3244 5
    endloop
  endfacet
  facet normal 0.338674 -0.940904 0
    outer loop
      vertex 57.2275 31.3776 5
      vertex 57.0797 31.3244 2.5
      vertex 57.2275 31.3776 2.5
    endloop
  endfacet
  facet normal 0.094268 -0.995547 0
    outer loop
      vertex 57.6867 31.4803 2.5
      vertex 57.843 31.4951 5
      vertex 57.6867 31.4803 5
    endloop
  endfacet
  facet normal 0.094268 -0.995547 0
    outer loop
      vertex 57.843 31.4951 5
      vertex 57.6867 31.4803 2.5
      vertex 57.843 31.4951 2.5
    endloop
  endfacet
  facet normal 0.509244 -0.860622 0
    outer loop
      vertex 56.6604 31.1108 2.5
      vertex 56.7956 31.1908 5
      vertex 56.6604 31.1108 5
    endloop
  endfacet
  facet normal 0.509244 -0.860622 0
    outer loop
      vertex 56.7956 31.1908 5
      vertex 56.6604 31.1108 2.5
      vertex 56.7956 31.1908 2.5
    endloop
  endfacet
  facet normal 0.661474 -0.749968 0
    outer loop
      vertex 56.2886 30.8224 2.5
      vertex 56.4064 30.9263 5
      vertex 56.2886 30.8224 5
    endloop
  endfacet
  facet normal 0.661474 -0.749968 0
    outer loop
      vertex 56.4064 30.9263 5
      vertex 56.2886 30.8224 2.5
      vertex 56.4064 30.9263 2.5
    endloop
  endfacet
  facet normal 0.612661 -0.790346 0
    outer loop
      vertex 56.4064 30.9263 2.5
      vertex 56.5305 31.0225 5
      vertex 56.4064 30.9263 5
    endloop
  endfacet
  facet normal 0.612661 -0.790346 0
    outer loop
      vertex 56.5305 31.0225 5
      vertex 56.4064 30.9263 2.5
      vertex 56.5305 31.0225 2.5
    endloop
  endfacet
  facet normal -0.999513 -0.031195 0
    outer loop
      vertex 60.5 29 2.5
      vertex 60.4951 29.157 5
      vertex 60.4951 29.157 2.5
    endloop
  endfacet
  facet normal -0.999513 -0.031195 0
    outer loop
      vertex 60.4951 29.157 5
      vertex 60.5 29 2.5
      vertex 60.5 29 5
    endloop
  endfacet
  facet normal -0.98767 0.156551 0
    outer loop
      vertex 60.4557 28.5315 2.5
      vertex 60.4803 28.6867 5
      vertex 60.4803 28.6867 2.5
    endloop
  endfacet
  facet normal -0.98767 0.156551 0
    outer loop
      vertex 60.4803 28.6867 5
      vertex 60.4557 28.5315 2.5
      vertex 60.4557 28.5315 5
    endloop
  endfacet
  facet normal -0.094268 0.995547 0
    outer loop
      vertex 58.3133 26.5197 2.5
      vertex 58.157 26.5049 5
      vertex 58.3133 26.5197 5
    endloop
  endfacet
  facet normal -0.094268 0.995547 0
    outer loop
      vertex 58.157 26.5049 5
      vertex 58.3133 26.5197 2.5
      vertex 58.157 26.5049 2.5
    endloop
  endfacet
  facet normal -0.396839 0.917888 0
    outer loop
      vertex 59.0644 26.7379 2.5
      vertex 58.9203 26.6756 5
      vertex 59.0644 26.7379 5
    endloop
  endfacet
  facet normal -0.396839 0.917888 0
    outer loop
      vertex 58.9203 26.6756 5
      vertex 59.0644 26.7379 2.5
      vertex 58.9203 26.6756 2.5
    endloop
  endfacet
  facet normal -0.279511 0.960142 0
    outer loop
      vertex 58.7725 26.6224 2.5
      vertex 58.6217 26.5785 5
      vertex 58.7725 26.6224 5
    endloop
  endfacet
  facet normal -0.279511 0.960142 0
    outer loop
      vertex 58.6217 26.5785 5
      vertex 58.7725 26.6224 2.5
      vertex 58.6217 26.5785 2.5
    endloop
  endfacet
  facet normal -0.612661 0.790346 0
    outer loop
      vertex 59.5936 27.0737 2.5
      vertex 59.4695 26.9775 5
      vertex 59.5936 27.0737 5
    endloop
  endfacet
  facet normal -0.612661 0.790346 0
    outer loop
      vertex 59.4695 26.9775 5
      vertex 59.5936 27.0737 2.5
      vertex 59.4695 26.9775 2.5
    endloop
  endfacet
  facet normal -0.707107 0.707107 0
    outer loop
      vertex 59.7114 27.1776 2.5
      vertex 59.8224 27.2886 5
      vertex 59.8224 27.2886 2.5
    endloop
  endfacet
  facet normal -0.707107 0.707107 0
    outer loop
      vertex 59.8224 27.2886 5
      vertex 59.7114 27.1776 2.5
      vertex 59.7114 27.1776 5
    endloop
  endfacet
  facet normal -0.509244 0.860622 0
    outer loop
      vertex 59.3396 26.8892 2.5
      vertex 59.2044 26.8092 5
      vertex 59.3396 26.8892 5
    endloop
  endfacet
  facet normal -0.509244 0.860622 0
    outer loop
      vertex 59.2044 26.8092 5
      vertex 59.3396 26.8892 2.5
      vertex 59.2044 26.8092 2.5
    endloop
  endfacet
  facet normal -0.891093 0.453821 0
    outer loop
      vertex 60.1908 27.7956 2.5
      vertex 60.2621 27.9356 5
      vertex 60.2621 27.9356 2.5
    endloop
  endfacet
  facet normal -0.891093 0.453821 0
    outer loop
      vertex 60.2621 27.9356 5
      vertex 60.1908 27.7956 2.5
      vertex 60.1908 27.7956 5
    endloop
  endfacet
  facet normal -0.827021 0.562171 0
    outer loop
      vertex 60.0225 27.5305 2.5
      vertex 60.1108 27.6604 5
      vertex 60.1108 27.6604 2.5
    endloop
  endfacet
  facet normal -0.827021 0.562171 0
    outer loop
      vertex 60.1108 27.6604 5
      vertex 60.0225 27.5305 2.5
      vertex 60.0225 27.5305 5
    endloop
  endfacet
  facet normal 0.156551 0.98767 -0
    outer loop
      vertex 57.6867 26.5197 2.5
      vertex 57.5315 26.5443 5
      vertex 57.6867 26.5197 5
    endloop
  endfacet
  facet normal 0.156551 0.98767 0
    outer loop
      vertex 57.5315 26.5443 5
      vertex 57.6867 26.5197 2.5
      vertex 57.5315 26.5443 2.5
    endloop
  endfacet
  facet normal 0.279511 0.960142 -0
    outer loop
      vertex 57.3783 26.5785 2.5
      vertex 57.2275 26.6224 5
      vertex 57.3783 26.5785 5
    endloop
  endfacet
  facet normal 0.279511 0.960142 0
    outer loop
      vertex 57.2275 26.6224 5
      vertex 57.3783 26.5785 2.5
      vertex 57.2275 26.6224 2.5
    endloop
  endfacet
  facet normal 0.453821 0.891093 -0
    outer loop
      vertex 56.9356 26.7379 2.5
      vertex 56.7956 26.8092 5
      vertex 56.9356 26.7379 5
    endloop
  endfacet
  facet normal 0.453821 0.891093 0
    outer loop
      vertex 56.7956 26.8092 5
      vertex 56.9356 26.7379 2.5
      vertex 56.7956 26.8092 2.5
    endloop
  endfacet
  facet normal 0.562171 0.827021 -0
    outer loop
      vertex 56.6604 26.8892 2.5
      vertex 56.5305 26.9775 5
      vertex 56.6604 26.8892 5
    endloop
  endfacet
  facet normal 0.562171 0.827021 0
    outer loop
      vertex 56.5305 26.9775 5
      vertex 56.6604 26.8892 2.5
      vertex 56.5305 26.9775 2.5
    endloop
  endfacet
  facet normal 0.960142 0.279511 0
    outer loop
      vertex 55.6224 28.2275 5
      vertex 55.5785 28.3783 2.5
      vertex 55.5785 28.3783 5
    endloop
  endfacet
  facet normal 0.960142 0.279511 0
    outer loop
      vertex 55.5785 28.3783 2.5
      vertex 55.6224 28.2275 5
      vertex 55.6224 28.2275 2.5
    endloop
  endfacet
  facet normal 0.917888 0.396839 0
    outer loop
      vertex 55.7379 27.9356 5
      vertex 55.6756 28.0797 2.5
      vertex 55.6756 28.0797 5
    endloop
  endfacet
  facet normal 0.917888 0.396839 0
    outer loop
      vertex 55.6756 28.0797 2.5
      vertex 55.7379 27.9356 5
      vertex 55.7379 27.9356 2.5
    endloop
  endfacet
  facet normal 0.975977 0.217875 0
    outer loop
      vertex 55.5785 28.3783 5
      vertex 55.5443 28.5315 2.5
      vertex 55.5443 28.5315 5
    endloop
  endfacet
  facet normal 0.975977 0.217875 0
    outer loop
      vertex 55.5443 28.5315 2.5
      vertex 55.5785 28.3783 5
      vertex 55.5785 28.3783 2.5
    endloop
  endfacet
  facet normal 0.995547 0.094268 0
    outer loop
      vertex 55.5197 28.6867 5
      vertex 55.5049 28.843 2.5
      vertex 55.5049 28.843 5
    endloop
  endfacet
  facet normal 0.995547 0.094268 0
    outer loop
      vertex 55.5049 28.843 2.5
      vertex 55.5197 28.6867 5
      vertex 55.5197 28.6867 2.5
    endloop
  endfacet
  facet normal 0.860622 0.509244 0
    outer loop
      vertex 55.8892 27.6604 5
      vertex 55.8092 27.7956 2.5
      vertex 55.8092 27.7956 5
    endloop
  endfacet
  facet normal 0.860622 0.509244 0
    outer loop
      vertex 55.8092 27.7956 2.5
      vertex 55.8892 27.6604 5
      vertex 55.8892 27.6604 2.5
    endloop
  endfacet
  facet normal 0.707107 0.707107 0
    outer loop
      vertex 56.2886 27.1776 5
      vertex 56.1776 27.2886 2.5
      vertex 56.1776 27.2886 5
    endloop
  endfacet
  facet normal 0.707107 0.707107 0
    outer loop
      vertex 56.1776 27.2886 2.5
      vertex 56.2886 27.1776 5
      vertex 56.2886 27.1776 2.5
    endloop
  endfacet
  facet normal 0.790346 0.612661 0
    outer loop
      vertex 56.0737 27.4064 5
      vertex 55.9775 27.5305 2.5
      vertex 55.9775 27.5305 5
    endloop
  endfacet
  facet normal 0.790346 0.612661 0
    outer loop
      vertex 55.9775 27.5305 2.5
      vertex 56.0737 27.4064 5
      vertex 56.0737 27.4064 2.5
    endloop
  endfacet
  facet normal 0.999513 0.031195 0
    outer loop
      vertex 55.5049 28.843 5
      vertex 55.5 29 2.5
      vertex 55.5 29 5
    endloop
  endfacet
  facet normal 0.999513 0.031195 0
    outer loop
      vertex 55.5 29 2.5
      vertex 55.5049 28.843 5
      vertex 55.5049 28.843 2.5
    endloop
  endfacet
  facet normal -0.995547 0.094268 0
    outer loop
      vertex 60.4803 28.6867 2.5
      vertex 60.4951 28.843 5
      vertex 60.4951 28.843 2.5
    endloop
  endfacet
  facet normal -0.995547 0.094268 0
    outer loop
      vertex 60.4951 28.843 5
      vertex 60.4803 28.6867 2.5
      vertex 60.4803 28.6867 5
    endloop
  endfacet
  facet normal -0.960142 0.279511 0
    outer loop
      vertex 60.3776 28.2275 2.5
      vertex 60.4215 28.3783 5
      vertex 60.4215 28.3783 2.5
    endloop
  endfacet
  facet normal -0.960142 0.279511 0
    outer loop
      vertex 60.4215 28.3783 5
      vertex 60.3776 28.2275 2.5
      vertex 60.3776 28.2275 5
    endloop
  endfacet
  facet normal -0.156551 0.98767 0
    outer loop
      vertex 58.4685 26.5443 2.5
      vertex 58.3133 26.5197 5
      vertex 58.4685 26.5443 5
    endloop
  endfacet
  facet normal -0.156551 0.98767 0
    outer loop
      vertex 58.3133 26.5197 5
      vertex 58.4685 26.5443 2.5
      vertex 58.3133 26.5197 2.5
    endloop
  endfacet
  facet normal -0.338674 0.940904 0
    outer loop
      vertex 58.9203 26.6756 2.5
      vertex 58.7725 26.6224 5
      vertex 58.9203 26.6756 5
    endloop
  endfacet
  facet normal -0.338674 0.940904 0
    outer loop
      vertex 58.7725 26.6224 5
      vertex 58.9203 26.6756 2.5
      vertex 58.7725 26.6224 2.5
    endloop
  endfacet
  facet normal -0.661474 0.749968 0
    outer loop
      vertex 59.7114 27.1776 2.5
      vertex 59.5936 27.0737 5
      vertex 59.7114 27.1776 5
    endloop
  endfacet
  facet normal -0.661474 0.749968 0
    outer loop
      vertex 59.5936 27.0737 5
      vertex 59.7114 27.1776 2.5
      vertex 59.5936 27.0737 2.5
    endloop
  endfacet
  facet normal -0.790346 0.612661 0
    outer loop
      vertex 59.9263 27.4064 2.5
      vertex 60.0225 27.5305 5
      vertex 60.0225 27.5305 2.5
    endloop
  endfacet
  facet normal -0.790346 0.612661 0
    outer loop
      vertex 60.0225 27.5305 5
      vertex 59.9263 27.4064 2.5
      vertex 59.9263 27.4064 5
    endloop
  endfacet
  facet normal -0.031195 0.999513 0
    outer loop
      vertex 58.157 26.5049 2.5
      vertex 58 26.5 5
      vertex 58.157 26.5049 5
    endloop
  endfacet
  facet normal -0.031195 0.999513 0
    outer loop
      vertex 58 26.5 5
      vertex 58.157 26.5049 2.5
      vertex 58 26.5 2.5
    endloop
  endfacet
  facet normal 0.094268 0.995547 -0
    outer loop
      vertex 57.843 26.5049 2.5
      vertex 57.6867 26.5197 5
      vertex 57.843 26.5049 5
    endloop
  endfacet
  facet normal 0.094268 0.995547 0
    outer loop
      vertex 57.6867 26.5197 5
      vertex 57.843 26.5049 2.5
      vertex 57.6867 26.5197 2.5
    endloop
  endfacet
  facet normal 0.612661 0.790346 -0
    outer loop
      vertex 56.5305 26.9775 2.5
      vertex 56.4064 27.0737 5
      vertex 56.5305 26.9775 5
    endloop
  endfacet
  facet normal 0.612661 0.790346 0
    outer loop
      vertex 56.4064 27.0737 5
      vertex 56.5305 26.9775 2.5
      vertex 56.4064 27.0737 2.5
    endloop
  endfacet
  facet normal 0.940904 0.338674 0
    outer loop
      vertex 55.6756 28.0797 5
      vertex 55.6224 28.2275 2.5
      vertex 55.6224 28.2275 5
    endloop
  endfacet
  facet normal 0.940904 0.338674 0
    outer loop
      vertex 55.6224 28.2275 2.5
      vertex 55.6756 28.0797 5
      vertex 55.6756 28.0797 2.5
    endloop
  endfacet
  facet normal 0.98767 0.156551 0
    outer loop
      vertex 55.5443 28.5315 5
      vertex 55.5197 28.6867 2.5
      vertex 55.5197 28.6867 5
    endloop
  endfacet
  facet normal 0.98767 0.156551 0
    outer loop
      vertex 55.5197 28.6867 2.5
      vertex 55.5443 28.5315 5
      vertex 55.5443 28.5315 2.5
    endloop
  endfacet
  facet normal 0.827021 0.562171 0
    outer loop
      vertex 55.9775 27.5305 5
      vertex 55.8892 27.6604 2.5
      vertex 55.8892 27.6604 5
    endloop
  endfacet
  facet normal 0.827021 0.562171 0
    outer loop
      vertex 55.8892 27.6604 2.5
      vertex 55.9775 27.5305 5
      vertex 55.9775 27.5305 2.5
    endloop
  endfacet
  facet normal 0.749968 0.661474 0
    outer loop
      vertex 56.1776 27.2886 5
      vertex 56.0737 27.4064 2.5
      vertex 56.0737 27.4064 5
    endloop
  endfacet
  facet normal 0.749968 0.661474 0
    outer loop
      vertex 56.0737 27.4064 2.5
      vertex 56.1776 27.2886 5
      vertex 56.1776 27.2886 2.5
    endloop
  endfacet
  facet normal -0.975977 0.217875 0
    outer loop
      vertex 60.4215 28.3783 2.5
      vertex 60.4557 28.5315 5
      vertex 60.4557 28.5315 2.5
    endloop
  endfacet
  facet normal -0.975977 0.217875 0
    outer loop
      vertex 60.4557 28.5315 5
      vertex 60.4215 28.3783 2.5
      vertex 60.4215 28.3783 5
    endloop
  endfacet
  facet normal -1 0 0
    outer loop
      vertex 9 53 0
      vertex 9 54 1
      vertex 9 54 0
    endloop
  endfacet
  facet normal -1 -0 0
    outer loop
      vertex 9 54 1
      vertex 9 53 0
      vertex 9 53 1
    endloop
  endfacet
  facet normal -1 0 0
    outer loop
      vertex 9 10 0
      vertex 9 11 1
      vertex 9 11 0
    endloop
  endfacet
  facet normal -1 -0 0
    outer loop
      vertex 9 11 1
      vertex 9 10 0
      vertex 9 10 1
    endloop
  endfacet
  facet normal 1 -0 0
    outer loop
      vertex 9 11 5
      vertex 9 53 1
      vertex 9 53 5
    endloop
  endfacet
  facet normal 1 0 0
    outer loop
      vertex 9 53 1
      vertex 9 11 5
      vertex 9 11 1
    endloop
  endfacet
  facet normal -1 -0 0
    outer loop
      vertex 9 10 1
      vertex 9 9 0
      vertex 9 9 1
    endloop
  endfacet
  facet normal -1 0 0
    outer loop
      vertex 9 55 0
      vertex 9 54 1
      vertex 9 55 1
    endloop
  endfacet
  facet normal 0 -1 0
    outer loop
      vertex 10 54 1
      vertex 41.5 54 5
      vertex 10 54 5
    endloop
  endfacet
  facet normal 0 -1 -0
    outer loop
      vertex 41.5 54 5
      vertex 10 54 1
      vertex 41.5 54 1
    endloop
  endfacet
  facet normal 0 1 -0
    outer loop
      vertex 42.5 54 0
      vertex 41.5 54 1
      vertex 42.5 54 1
    endloop
  endfacet
  facet normal 0 1 0
    outer loop
      vertex 41.5 54 1
      vertex 42.5 54 0
      vertex 41.5 54 0
    endloop
  endfacet
  facet normal 0 1 -0
    outer loop
      vertex 10 54 0
      vertex 9 54 1
      vertex 10 54 1
    endloop
  endfacet
  facet normal 0 1 0
    outer loop
      vertex 9 54 1
      vertex 10 54 0
      vertex 9 54 0
    endloop
  endfacet
  facet normal -0 1 0
    outer loop
      vertex 8 54 1
      vertex 9 54 1
      vertex 8 54 0
    endloop
  endfacet
  facet normal 0 1 0
    outer loop
      vertex 43.5 54 1
      vertex 43.5 54 0
      vertex 42.5 54 1
    endloop
  endfacet
  facet normal 1 -0 0
    outer loop
      vertex 42.5 34 1
      vertex 42.5 35 0
      vertex 42.5 35 1
    endloop
  endfacet
  facet normal 1 0 0
    outer loop
      vertex 42.5 35 0
      vertex 42.5 34 1
      vertex 42.5 34 0
    endloop
  endfacet
  facet normal 1 -0 0
    outer loop
      vertex 42.5 53 1
      vertex 42.5 54 0
      vertex 42.5 54 1
    endloop
  endfacet
  facet normal 1 0 0
    outer loop
      vertex 42.5 54 0
      vertex 42.5 53 1
      vertex 42.5 53 0
    endloop
  endfacet
  facet normal -1 0 0
    outer loop
      vertex 42.5 35 1
      vertex 42.5 53 5
      vertex 42.5 53 1
    endloop
  endfacet
  facet normal -1 -0 0
    outer loop
      vertex 42.5 53 5
      vertex 42.5 35 1
      vertex 42.5 35 5
    endloop
  endfacet
  facet normal 1 -0 0
    outer loop
      vertex 42.5 33 1
      vertex 42.5 33 0
      vertex 42.5 34 1
    endloop
  endfacet
  facet normal 1 0 0
    outer loop
      vertex 42.5 55 1
      vertex 42.5 54 1
      vertex 42.5 55 0
    endloop
  endfacet
  facet normal -0.707107 -0.707107 0
    outer loop
      vertex 42.5 53 1
      vertex 41.5 54 1
      vertex 41.5 54 0
    endloop
  endfacet
  facet normal -0.707107 -0.707107 -0
    outer loop
      vertex 42.5 53 1
      vertex 41.5 54 0
      vertex 42.5 53 0
    endloop
  endfacet
  facet normal -0.707107 -0.707107 0
    outer loop
      vertex 41.5 54 1
      vertex 42.5 53 1
      vertex 41.5 54 5
    endloop
  endfacet
  facet normal -0.707107 -0.707107 0
    outer loop
      vertex 41.5 54 5
      vertex 42.5 53 1
      vertex 42.5 53 5
    endloop
  endfacet
  facet normal 0 -1 0
    outer loop
      vertex 41.5 34 0
      vertex 42.5 34 1
      vertex 41.5 34 1
    endloop
  endfacet
  facet normal 0 -1 -0
    outer loop
      vertex 42.5 34 1
      vertex 41.5 34 0
      vertex 42.5 34 0
    endloop
  endfacet
  facet normal 0 1 -0
    outer loop
      vertex 41.5 34 1
      vertex 32.5 34 5
      vertex 41.5 34 5
    endloop
  endfacet
  facet normal 0 1 0
    outer loop
      vertex 32.5 34 5
      vertex 41.5 34 1
      vertex 32.5 34 1
    endloop
  endfacet
  facet normal -0 -1 -0
    outer loop
      vertex 43.5 34 1
      vertex 42.5 34 1
      vertex 43.5 34 0
    endloop
  endfacet
  facet normal 0.707107 -0.707107 0
    outer loop
      vertex 9 53 1
      vertex 10 54 1
      vertex 10 54 5
    endloop
  endfacet
  facet normal 0.707107 -0.707107 0
    outer loop
      vertex 9 53 1
      vertex 10 54 5
      vertex 9 53 5
    endloop
  endfacet
  facet normal 0.707107 -0.707107 0
    outer loop
      vertex 10 54 1
      vertex 9 53 1
      vertex 10 54 0
    endloop
  endfacet
  facet normal 0.707107 -0.707107 0
    outer loop
      vertex 10 54 0
      vertex 9 53 1
      vertex 9 53 0
    endloop
  endfacet
  facet normal -0.707107 0.707107 0
    outer loop
      vertex 41.5 34 1
      vertex 42.5 35 1
      vertex 42.5 35 0
    endloop
  endfacet
  facet normal -0.707107 0.707107 0
    outer loop
      vertex 41.5 34 1
      vertex 42.5 35 0
      vertex 41.5 34 0
    endloop
  endfacet
  facet normal -0.707107 0.707107 0
    outer loop
      vertex 42.5 35 1
      vertex 41.5 34 1
      vertex 42.5 35 5
    endloop
  endfacet
  facet normal -0.707107 0.707107 0
    outer loop
      vertex 42.5 35 5
      vertex 41.5 34 1
      vertex 41.5 34 5
    endloop
  endfacet
  facet normal -0.707107 0.707107 0
    outer loop
      vertex 29.5 10 1
      vertex 30.5 11 1
      vertex 30.5 11 0
    endloop
  endfacet
  facet normal -0.707107 0.707107 0
    outer loop
      vertex 29.5 10 1
      vertex 30.5 11 0
      vertex 29.5 10 0
    endloop
  endfacet
  facet normal -0.707107 0.707107 0
    outer loop
      vertex 30.5 11 1
      vertex 29.5 10 1
      vertex 30.5 11 5
    endloop
  endfacet
  facet normal -0.707107 0.707107 0
    outer loop
      vertex 30.5 11 5
      vertex 29.5 10 1
      vertex 29.5 10 5
    endloop
  endfacet
  facet normal 0.707107 0.707107 0
    outer loop
      vertex 10 10 1
      vertex 9 11 1
      vertex 9 11 5
    endloop
  endfacet
  facet normal 0.707107 0.707107 -0
    outer loop
      vertex 10 10 1
      vertex 9 11 5
      vertex 10 10 5
    endloop
  endfacet
  facet normal 0.707107 0.707107 0
    outer loop
      vertex 9 11 1
      vertex 10 10 1
      vertex 9 11 0
    endloop
  endfacet
  facet normal 0.707107 0.707107 0
    outer loop
      vertex 9 11 0
      vertex 10 10 1
      vertex 10 10 0
    endloop
  endfacet
  facet normal 1 -0 0
    outer loop
      vertex 30.5 10 1
      vertex 30.5 11 0
      vertex 30.5 11 1
    endloop
  endfacet
  facet normal 1 0 0
    outer loop
      vertex 30.5 11 0
      vertex 30.5 10 1
      vertex 30.5 10 0
    endloop
  endfacet
  facet normal -1 0 0
    outer loop
      vertex 30.5 11 1
      vertex 30.5 32 5
      vertex 30.5 32 1
    endloop
  endfacet
  facet normal -1 -0 0
    outer loop
      vertex 30.5 32 5
      vertex 30.5 11 1
      vertex 30.5 11 5
    endloop
  endfacet
  facet normal 1 -0 0
    outer loop
      vertex 30.5 9 1
      vertex 30.5 9 0
      vertex 30.5 10 1
    endloop
  endfacet
  facet normal 0 -1 0
    outer loop
      vertex 9 10 0
      vertex 10 10 1
      vertex 9 10 1
    endloop
  endfacet
  facet normal 0 -1 -0
    outer loop
      vertex 10 10 1
      vertex 9 10 0
      vertex 10 10 0
    endloop
  endfacet
  facet normal 0 -1 0
    outer loop
      vertex 29.5 10 0
      vertex 30.5 10 1
      vertex 29.5 10 1
    endloop
  endfacet
  facet normal 0 -1 -0
    outer loop
      vertex 30.5 10 1
      vertex 29.5 10 0
      vertex 30.5 10 0
    endloop
  endfacet
  facet normal 0 1 -0
    outer loop
      vertex 29.5 10 1
      vertex 10 10 5
      vertex 29.5 10 5
    endloop
  endfacet
  facet normal 0 1 0
    outer loop
      vertex 10 10 5
      vertex 29.5 10 1
      vertex 10 10 1
    endloop
  endfacet
  facet normal 0 -1 0
    outer loop
      vertex 8 10 1
      vertex 8 10 0
      vertex 9 10 1
    endloop
  endfacet
  facet normal -0 -1 -0
    outer loop
      vertex 31.5 10 1
      vertex 30.5 10 1
      vertex 31.5 10 0
    endloop
  endfacet
  facet normal -0.989182 0.146696 0
    outer loop
      vertex 30.5096 32.196 0.990372
      vertex 30.5384 32.3902 5
      vertex 30.5384 32.3902 0.961578
    endloop
  endfacet
  facet normal -0.989182 0.146696 0
    outer loop
      vertex 30.5384 32.3902 5
      vertex 30.5096 32.196 0.990372
      vertex 30.5096 32.196 5
    endloop
  endfacet
  facet normal -0.970023 0.243015 0
    outer loop
      vertex 30.5384 32.3902 0.961578
      vertex 30.5861 32.5806 5
      vertex 30.5861 32.5806 0.913895
    endloop
  endfacet
  facet normal -0.970023 0.243015 0
    outer loop
      vertex 30.5861 32.5806 5
      vertex 30.5384 32.3902 0.961578
      vertex 30.5384 32.3902 5
    endloop
  endfacet
  facet normal -0.94158 0.336788 0
    outer loop
      vertex 30.5861 32.5806 0.913895
      vertex 30.6522 32.7654 5
      vertex 30.6522 32.7654 0.847763
    endloop
  endfacet
  facet normal -0.94158 0.336788 0
    outer loop
      vertex 30.6522 32.7654 5
      vertex 30.5861 32.5806 0.913895
      vertex 30.5861 32.5806 5
    endloop
  endfacet
  facet normal -0.903997 0.427539 0
    outer loop
      vertex 30.6522 32.7654 0.847763
      vertex 30.7361 32.9428 5
      vertex 30.7361 32.9428 0.763855
    endloop
  endfacet
  facet normal -0.903997 0.427539 0
    outer loop
      vertex 30.7361 32.9428 5
      vertex 30.6522 32.7654 0.847763
      vertex 30.6522 32.7654 5
    endloop
  endfacet
  facet normal -0.857357 0.514723 0
    outer loop
      vertex 30.7704 33 0.729558
      vertex 30.8371 33.1111 0
      vertex 30.7704 33 0
    endloop
  endfacet
  facet normal -0.857357 0.514723 0
    outer loop
      vertex 30.8371 33.1111 0
      vertex 30.7704 33 0.729558
      vertex 30.8371 33.1111 5
    endloop
  endfacet
  facet normal -0.857621 0.514282 1.55912e-05
    outer loop
      vertex 30.7361 32.9428 0.763855
      vertex 30.8371 33.1111 5
      vertex 30.7704 33 0.729558
    endloop
  endfacet
  facet normal -0.857448 0.514571 0
    outer loop
      vertex 30.8371 33.1111 5
      vertex 30.7361 32.9428 0.763855
      vertex 30.7361 32.9428 5
    endloop
  endfacet
  facet normal -0.80335 0.595508 0
    outer loop
      vertex 30.8371 33.1111 0
      vertex 30.954 33.2688 5
      vertex 30.954 33.2688 0
    endloop
  endfacet
  facet normal -0.80335 0.595508 0
    outer loop
      vertex 30.954 33.2688 5
      vertex 30.8371 33.1111 0
      vertex 30.8371 33.1111 5
    endloop
  endfacet
  facet normal -0.740908 0.671607 0
    outer loop
      vertex 30.954 33.2688 0
      vertex 31.0858 33.4142 5
      vertex 31.0858 33.4142 0
    endloop
  endfacet
  facet normal -0.740908 0.671607 0
    outer loop
      vertex 31.0858 33.4142 5
      vertex 30.954 33.2688 0
      vertex 30.954 33.2688 5
    endloop
  endfacet
  facet normal -0.671607 0.740908 0
    outer loop
      vertex 31.2312 33.546 0
      vertex 31.0858 33.4142 5
      vertex 31.2312 33.546 5
    endloop
  endfacet
  facet normal -0.671607 0.740908 0
    outer loop
      vertex 31.0858 33.4142 5
      vertex 31.2312 33.546 0
      vertex 31.0858 33.4142 0
    endloop
  endfacet
  facet normal -0.595508 0.80335 0
    outer loop
      vertex 31.3889 33.6629 0
      vertex 31.2312 33.546 5
      vertex 31.3889 33.6629 5
    endloop
  endfacet
  facet normal -0.595508 0.80335 0
    outer loop
      vertex 31.2312 33.546 5
      vertex 31.3889 33.6629 0
      vertex 31.2312 33.546 0
    endloop
  endfacet
  facet normal -0.514196 0.857673 0
    outer loop
      vertex 31.5572 33.7638 0.76384
      vertex 31.3889 33.6629 5
      vertex 31.5572 33.7638 5
    endloop
  endfacet
  facet normal -0.513195 0.858272 5.40401e-05
    outer loop
      vertex 31.5 33.7296 0.729552
      vertex 31.3889 33.6629 5
      vertex 31.5572 33.7638 0.76384
    endloop
  endfacet
  facet normal -0.514723 0.857357 0
    outer loop
      vertex 31.3889 33.6629 0
      vertex 31.5 33.7296 0.729552
      vertex 31.5 33.7296 0
    endloop
  endfacet
  facet normal -0.514723 0.857357 0
    outer loop
      vertex 31.5 33.7296 0.729552
      vertex 31.3889 33.6629 0
      vertex 31.3889 33.6629 5
    endloop
  endfacet
  facet normal -0.427539 0.903997 0
    outer loop
      vertex 31.7346 33.8477 0.847748
      vertex 31.5572 33.7638 5
      vertex 31.7346 33.8477 5
    endloop
  endfacet
  facet normal -0.427539 0.903997 0
    outer loop
      vertex 31.5572 33.7638 5
      vertex 31.7346 33.8477 0.847748
      vertex 31.5572 33.7638 0.76384
    endloop
  endfacet
  facet normal -0.33724 0.941419 0
    outer loop
      vertex 31.9194 33.9139 0.913879
      vertex 31.7346 33.8477 5
      vertex 31.9194 33.9139 5
    endloop
  endfacet
  facet normal -0.33724 0.941419 0
    outer loop
      vertex 31.7346 33.8477 5
      vertex 31.9194 33.9139 0.913879
      vertex 31.7346 33.8477 0.847748
    endloop
  endfacet
  facet normal -0.243015 0.970023 0
    outer loop
      vertex 32.1098 33.9616 0.961563
      vertex 31.9194 33.9139 5
      vertex 32.1098 33.9616 5
    endloop
  endfacet
  facet normal -0.243015 0.970023 0
    outer loop
      vertex 31.9194 33.9139 5
      vertex 32.1098 33.9616 0.961563
      vertex 31.9194 33.9139 0.913879
    endloop
  endfacet
  facet normal -0.146696 0.989182 0
    outer loop
      vertex 32.304 33.9904 0.990356
      vertex 32.1098 33.9616 5
      vertex 32.304 33.9904 5
    endloop
  endfacet
  facet normal -0.146696 0.989182 0
    outer loop
      vertex 32.1098 33.9616 5
      vertex 32.304 33.9904 0.990356
      vertex 32.1098 33.9616 0.961563
    endloop
  endfacet
  facet normal -0.0489209 0.998803 0
    outer loop
      vertex 32.5 34 1
      vertex 32.304 33.9904 5
      vertex 32.5 34 5
    endloop
  endfacet
  facet normal -0.0489209 0.998803 0
    outer loop
      vertex 32.304 33.9904 5
      vertex 32.5 34 1
      vertex 32.304 33.9904 0.990356
    endloop
  endfacet
  facet normal -0.998803 0.0489209 0
    outer loop
      vertex 30.5 32 1
      vertex 30.5096 32.196 5
      vertex 30.5096 32.196 0.990372
    endloop
  endfacet
  facet normal -0.998803 0.0489209 0
    outer loop
      vertex 30.5096 32.196 5
      vertex 30.5 32 1
      vertex 30.5 32 5
    endloop
  endfacet
  facet normal -1 0 0
    outer loop
      vertex 52.5 53 0
      vertex 52.5 54 1
      vertex 52.5 54 0
    endloop
  endfacet
  facet normal -1 -0 0
    outer loop
      vertex 52.5 54 1
      vertex 52.5 53 0
      vertex 52.5 53 1
    endloop
  endfacet
  facet normal -1 0 0
    outer loop
      vertex 52.5 34 0
      vertex 52.5 35 1
      vertex 52.5 35 0
    endloop
  endfacet
  facet normal -1 -0 0
    outer loop
      vertex 52.5 35 1
      vertex 52.5 34 0
      vertex 52.5 34 1
    endloop
  endfacet
  facet normal 1 -0 0
    outer loop
      vertex 52.5 35 5
      vertex 52.5 53 1
      vertex 52.5 53 5
    endloop
  endfacet
  facet normal 1 0 0
    outer loop
      vertex 52.5 53 1
      vertex 52.5 35 5
      vertex 52.5 35 1
    endloop
  endfacet
  facet normal -1 -0 0
    outer loop
      vertex 52.5 34 1
      vertex 52.5 33 0
      vertex 52.5 33 1
    endloop
  endfacet
  facet normal -1 0 0
    outer loop
      vertex 52.5 55 0
      vertex 52.5 54 1
      vertex 52.5 55 1
    endloop
  endfacet
  facet normal 0 -1 0
    outer loop
      vertex 53.5 54 1
      vertex 85 54 5
      vertex 53.5 54 5
    endloop
  endfacet
  facet normal 0 -1 -0
    outer loop
      vertex 85 54 5
      vertex 53.5 54 1
      vertex 85 54 1
    endloop
  endfacet
  facet normal 0 1 -0
    outer loop
      vertex 86 54 0
      vertex 85 54 1
      vertex 86 54 1
    endloop
  endfacet
  facet normal 0 1 0
    outer loop
      vertex 85 54 1
      vertex 86 54 0
      vertex 85 54 0
    endloop
  endfacet
  facet normal 0 1 -0
    outer loop
      vertex 53.5 54 0
      vertex 52.5 54 1
      vertex 53.5 54 1
    endloop
  endfacet
  facet normal 0 1 0
    outer loop
      vertex 52.5 54 1
      vertex 53.5 54 0
      vertex 52.5 54 0
    endloop
  endfacet
  facet normal -0 1 0
    outer loop
      vertex 51.5 54 1
      vertex 52.5 54 1
      vertex 51.5 54 0
    endloop
  endfacet
  facet normal 0 1 0
    outer loop
      vertex 87 54 1
      vertex 87 54 0
      vertex 86 54 1
    endloop
  endfacet
  facet normal 1 -0 0
    outer loop
      vertex 86 53 1
      vertex 86 54 0
      vertex 86 54 1
    endloop
  endfacet
  facet normal 1 0 0
    outer loop
      vertex 86 54 0
      vertex 86 53 1
      vertex 86 53 0
    endloop
  endfacet
  facet normal 1 -0 0
    outer loop
      vertex 86 10 1
      vertex 86 11 0
      vertex 86 11 1
    endloop
  endfacet
  facet normal 1 0 0
    outer loop
      vertex 86 11 0
      vertex 86 10 1
      vertex 86 10 0
    endloop
  endfacet
  facet normal -1 0 0
    outer loop
      vertex 86 11 1
      vertex 86 53 5
      vertex 86 53 1
    endloop
  endfacet
  facet normal -1 -0 0
    outer loop
      vertex 86 53 5
      vertex 86 11 1
      vertex 86 11 5
    endloop
  endfacet
  facet normal 1 -0 0
    outer loop
      vertex 86 9 1
      vertex 86 9 0
      vertex 86 10 1
    endloop
  endfacet
  facet normal 1 0 0
    outer loop
      vertex 86 55 1
      vertex 86 54 1
      vertex 86 55 0
    endloop
  endfacet
  facet normal -0.707107 -0.707107 0
    outer loop
      vertex 86 53 1
      vertex 85 54 1
      vertex 85 54 0
    endloop
  endfacet
  facet normal -0.707107 -0.707107 -0
    outer loop
      vertex 86 53 1
      vertex 85 54 0
      vertex 86 53 0
    endloop
  endfacet
  facet normal -0.707107 -0.707107 0
    outer loop
      vertex 85 54 1
      vertex 86 53 1
      vertex 85 54 5
    endloop
  endfacet
  facet normal -0.707107 -0.707107 0
    outer loop
      vertex 85 54 5
      vertex 86 53 1
      vertex 86 53 5
    endloop
  endfacet
  facet normal 0.707107 0.707107 0
    outer loop
      vertex 53.5 34 1
      vertex 52.5 35 1
      vertex 52.5 35 5
    endloop
  endfacet
  facet normal 0.707107 0.707107 -0
    outer loop
      vertex 53.5 34 1
      vertex 52.5 35 5
      vertex 53.5 34 5
    endloop
  endfacet
  facet normal 0.707107 0.707107 0
    outer loop
      vertex 52.5 35 1
      vertex 53.5 34 1
      vertex 52.5 35 0
    endloop
  endfacet
  facet normal 0.707107 0.707107 0
    outer loop
      vertex 52.5 35 0
      vertex 53.5 34 1
      vertex 53.5 34 0
    endloop
  endfacet
  facet normal 0 -1 0
    outer loop
      vertex 52.5 34 0
      vertex 53.5 34 1
      vertex 52.5 34 1
    endloop
  endfacet
  facet normal 0 -1 -0
    outer loop
      vertex 53.5 34 1
      vertex 52.5 34 0
      vertex 53.5 34 0
    endloop
  endfacet
  facet normal 0 1 -0
    outer loop
      vertex 63.5 34 1
      vertex 53.5 34 5
      vertex 63.5 34 5
    endloop
  endfacet
  facet normal 0 1 0
    outer loop
      vertex 53.5 34 5
      vertex 63.5 34 1
      vertex 53.5 34 1
    endloop
  endfacet
  facet normal 0 -1 0
    outer loop
      vertex 51.5 34 1
      vertex 51.5 34 0
      vertex 52.5 34 1
    endloop
  endfacet
  facet normal 0.707107 -0.707107 0
    outer loop
      vertex 52.5 53 1
      vertex 53.5 54 1
      vertex 53.5 54 5
    endloop
  endfacet
  facet normal 0.707107 -0.707107 0
    outer loop
      vertex 52.5 53 1
      vertex 53.5 54 5
      vertex 52.5 53 5
    endloop
  endfacet
  facet normal 0.707107 -0.707107 0
    outer loop
      vertex 53.5 54 1
      vertex 52.5 53 1
      vertex 53.5 54 0
    endloop
  endfacet
  facet normal 0.707107 -0.707107 0
    outer loop
      vertex 53.5 54 0
      vertex 52.5 53 1
      vertex 52.5 53 0
    endloop
  endfacet
  facet normal -0.707107 0.707107 0
    outer loop
      vertex 85 10 1
      vertex 86 11 1
      vertex 86 11 0
    endloop
  endfacet
  facet normal -0.707107 0.707107 0
    outer loop
      vertex 85 10 1
      vertex 86 11 0
      vertex 85 10 0
    endloop
  endfacet
  facet normal -0.707107 0.707107 0
    outer loop
      vertex 86 11 1
      vertex 85 10 1
      vertex 86 11 5
    endloop
  endfacet
  facet normal -0.707107 0.707107 0
    outer loop
      vertex 86 11 5
      vertex 85 10 1
      vertex 85 10 5
    endloop
  endfacet
  facet normal 0.707107 0.707107 0
    outer loop
      vertex 66.5 10 1
      vertex 65.5 11 1
      vertex 65.5 11 5
    endloop
  endfacet
  facet normal 0.707107 0.707107 -0
    outer loop
      vertex 66.5 10 1
      vertex 65.5 11 5
      vertex 66.5 10 5
    endloop
  endfacet
  facet normal 0.707107 0.707107 0
    outer loop
      vertex 65.5 11 1
      vertex 66.5 10 1
      vertex 65.5 11 0
    endloop
  endfacet
  facet normal 0.707107 0.707107 0
    outer loop
      vertex 65.5 11 0
      vertex 66.5 10 1
      vertex 66.5 10 0
    endloop
  endfacet
  facet normal 0 -1 0
    outer loop
      vertex 85 10 0
      vertex 86 10 1
      vertex 85 10 1
    endloop
  endfacet
  facet normal 0 -1 -0
    outer loop
      vertex 86 10 1
      vertex 85 10 0
      vertex 86 10 0
    endloop
  endfacet
  facet normal 0 -1 0
    outer loop
      vertex 65.5 10 0
      vertex 66.5 10 1
      vertex 65.5 10 1
    endloop
  endfacet
  facet normal 0 -1 -0
    outer loop
      vertex 66.5 10 1
      vertex 65.5 10 0
      vertex 66.5 10 0
    endloop
  endfacet
  facet normal 0 1 -0
    outer loop
      vertex 85 10 1
      vertex 66.5 10 5
      vertex 85 10 5
    endloop
  endfacet
  facet normal 0 1 0
    outer loop
      vertex 66.5 10 5
      vertex 85 10 1
      vertex 66.5 10 1
    endloop
  endfacet
  facet normal 0 -1 0
    outer loop
      vertex 64.5 10 1
      vertex 64.5 10 0
      vertex 65.5 10 1
    endloop
  endfacet
  facet normal -0 -1 -0
    outer loop
      vertex 87 10 1
      vertex 86 10 1
      vertex 87 10 0
    endloop
  endfacet
  facet normal -1 0 0
    outer loop
      vertex 65.5 10 0
      vertex 65.5 11 1
      vertex 65.5 11 0
    endloop
  endfacet
  facet normal -1 -0 0
    outer loop
      vertex 65.5 11 1
      vertex 65.5 10 0
      vertex 65.5 10 1
    endloop
  endfacet
  facet normal 1 -0 0
    outer loop
      vertex 65.5 11 5
      vertex 65.5 32 1
      vertex 65.5 32 5
    endloop
  endfacet
  facet normal 1 0 0
    outer loop
      vertex 65.5 32 1
      vertex 65.5 11 5
      vertex 65.5 11 1
    endloop
  endfacet
  facet normal -1 -0 0
    outer loop
      vertex 65.5 10 1
      vertex 65.5 9 0
      vertex 65.5 9 1
    endloop
  endfacet
  facet normal 0.0489209 0.998803 0
    outer loop
      vertex 63.696 33.9904 5
      vertex 63.5 34 1
      vertex 63.5 34 5
    endloop
  endfacet
  facet normal 0.0489209 0.998803 0
    outer loop
      vertex 63.5 34 1
      vertex 63.696 33.9904 5
      vertex 63.696 33.9904 0.990356
    endloop
  endfacet
  facet normal 0.146696 0.989182 0
    outer loop
      vertex 63.8902 33.9616 5
      vertex 63.696 33.9904 0.990356
      vertex 63.696 33.9904 5
    endloop
  endfacet
  facet normal 0.146696 0.989182 0
    outer loop
      vertex 63.696 33.9904 0.990356
      vertex 63.8902 33.9616 5
      vertex 63.8902 33.9616 0.961563
    endloop
  endfacet
  facet normal 0.243015 0.970023 0
    outer loop
      vertex 64.0806 33.9139 5
      vertex 63.8902 33.9616 0.961563
      vertex 63.8902 33.9616 5
    endloop
  endfacet
  facet normal 0.243015 0.970023 0
    outer loop
      vertex 63.8902 33.9616 0.961563
      vertex 64.0806 33.9139 5
      vertex 64.0806 33.9139 0.913879
    endloop
  endfacet
  facet normal 0.33724 0.941419 0
    outer loop
      vertex 64.2654 33.8477 5
      vertex 64.0806 33.9139 0.913879
      vertex 64.0806 33.9139 5
    endloop
  endfacet
  facet normal 0.33724 0.941419 0
    outer loop
      vertex 64.0806 33.9139 0.913879
      vertex 64.2654 33.8477 5
      vertex 64.2654 33.8477 0.847748
    endloop
  endfacet
  facet normal 0.427539 0.903997 0
    outer loop
      vertex 64.4428 33.7638 5
      vertex 64.2654 33.8477 0.847748
      vertex 64.2654 33.8477 5
    endloop
  endfacet
  facet normal 0.427539 0.903997 0
    outer loop
      vertex 64.2654 33.8477 0.847748
      vertex 64.4428 33.7638 5
      vertex 64.4428 33.7638 0.76384
    endloop
  endfacet
  facet normal 0.514196 0.857673 0
    outer loop
      vertex 64.6111 33.6629 5
      vertex 64.4428 33.7638 0.76384
      vertex 64.4428 33.7638 5
    endloop
  endfacet
  facet normal 0.514273 0.857626 -4.18303e-06
    outer loop
      vertex 64.6111 33.6629 5
      vertex 64.5 33.7295 0.729543
      vertex 64.4428 33.7638 0.76384
    endloop
  endfacet
  facet normal 0.514155 0.857697 -0
    outer loop
      vertex 64.6111 33.6629 0
      vertex 64.5 33.7295 0.729543
      vertex 64.6111 33.6629 5
    endloop
  endfacet
  facet normal 0.514155 0.857697 0
    outer loop
      vertex 64.5 33.7295 0.729543
      vertex 64.6111 33.6629 0
      vertex 64.5 33.7295 0
    endloop
  endfacet
  facet normal 0.595508 0.80335 -0
    outer loop
      vertex 64.7688 33.546 0
      vertex 64.6111 33.6629 5
      vertex 64.7688 33.546 5
    endloop
  endfacet
  facet normal 0.595508 0.80335 0
    outer loop
      vertex 64.6111 33.6629 5
      vertex 64.7688 33.546 0
      vertex 64.6111 33.6629 0
    endloop
  endfacet
  facet normal 0.671607 0.740908 -0
    outer loop
      vertex 64.9142 33.4142 0
      vertex 64.7688 33.546 5
      vertex 64.9142 33.4142 5
    endloop
  endfacet
  facet normal 0.671607 0.740908 0
    outer loop
      vertex 64.7688 33.546 5
      vertex 64.9142 33.4142 0
      vertex 64.7688 33.546 0
    endloop
  endfacet
  facet normal 0.740908 0.671607 0
    outer loop
      vertex 65.046 33.2688 5
      vertex 64.9142 33.4142 0
      vertex 64.9142 33.4142 5
    endloop
  endfacet
  facet normal 0.740908 0.671607 0
    outer loop
      vertex 64.9142 33.4142 0
      vertex 65.046 33.2688 5
      vertex 65.046 33.2688 0
    endloop
  endfacet
  facet normal 0.80335 0.595508 0
    outer loop
      vertex 65.1629 33.1111 5
      vertex 65.046 33.2688 0
      vertex 65.046 33.2688 5
    endloop
  endfacet
  facet normal 0.80335 0.595508 0
    outer loop
      vertex 65.046 33.2688 0
      vertex 65.1629 33.1111 5
      vertex 65.1629 33.1111 0
    endloop
  endfacet
  facet normal 0.857697 0.514155 0
    outer loop
      vertex 65.1629 33.1111 5
      vertex 65.2295 33 0.729543
      vertex 65.1629 33.1111 0
    endloop
  endfacet
  facet normal 0.857673 0.514196 -0
    outer loop
      vertex 65.2638 32.9428 0.76384
      vertex 65.1629 33.1111 5
      vertex 65.2638 32.9428 5
    endloop
  endfacet
  facet normal 0.857626 0.514273 -4.18303e-06
    outer loop
      vertex 65.1629 33.1111 5
      vertex 65.2638 32.9428 0.76384
      vertex 65.2295 33 0.729543
    endloop
  endfacet
  facet normal 0.857697 0.514155 0
    outer loop
      vertex 65.1629 33.1111 0
      vertex 65.2295 33 0.729543
      vertex 65.2295 33 0
    endloop
  endfacet
  facet normal 0.903997 0.427539 -0
    outer loop
      vertex 65.3477 32.7654 0.847748
      vertex 65.2638 32.9428 5
      vertex 65.3477 32.7654 5
    endloop
  endfacet
  facet normal 0.903997 0.427539 0
    outer loop
      vertex 65.2638 32.9428 5
      vertex 65.3477 32.7654 0.847748
      vertex 65.2638 32.9428 0.76384
    endloop
  endfacet
  facet normal 0.941419 0.33724 -0
    outer loop
      vertex 65.4139 32.5806 0.913879
      vertex 65.3477 32.7654 5
      vertex 65.4139 32.5806 5
    endloop
  endfacet
  facet normal 0.941419 0.33724 0
    outer loop
      vertex 65.3477 32.7654 5
      vertex 65.4139 32.5806 0.913879
      vertex 65.3477 32.7654 0.847748
    endloop
  endfacet
  facet normal 0.970023 0.243015 -0
    outer loop
      vertex 65.4616 32.3902 0.961563
      vertex 65.4139 32.5806 5
      vertex 65.4616 32.3902 5
    endloop
  endfacet
  facet normal 0.970023 0.243015 0
    outer loop
      vertex 65.4139 32.5806 5
      vertex 65.4616 32.3902 0.961563
      vertex 65.4139 32.5806 0.913879
    endloop
  endfacet
  facet normal 0.989182 0.146696 -0
    outer loop
      vertex 65.4904 32.196 0.990356
      vertex 65.4616 32.3902 5
      vertex 65.4904 32.196 5
    endloop
  endfacet
  facet normal 0.989182 0.146696 0
    outer loop
      vertex 65.4616 32.3902 5
      vertex 65.4904 32.196 0.990356
      vertex 65.4616 32.3902 0.961563
    endloop
  endfacet
  facet normal 0.998803 0.0489209 -0
    outer loop
      vertex 65.5 32 1
      vertex 65.4904 32.196 5
      vertex 65.5 32 5
    endloop
  endfacet
  facet normal 0.998803 0.0489209 0
    outer loop
      vertex 65.4904 32.196 5
      vertex 65.5 32 1
      vertex 65.4904 32.196 0.990356
    endloop
  endfacet
  facet normal 0 1 0
    outer loop
      vertex 9 9 1
      vertex 9 9 0
      vertex 8 9 0
    endloop
  endfacet
  facet normal 0.707107 0 -0.707107
    outer loop
      vertex 9 10 1
      vertex 9 9 1
      vertex 8 9 0
    endloop
  endfacet
  facet normal 0.707107 0 -0.707107
    outer loop
      vertex 9 53 1
      vertex 8 54 0
      vertex 9 54 1
    endloop
  endfacet
  facet normal 0.707107 0 -0.707107
    outer loop
      vertex 9 11 1
      vertex 8 54 0
      vertex 9 53 1
    endloop
  endfacet
  facet normal 0.707107 0 -0.707107
    outer loop
      vertex 8 10 0
      vertex 9 11 1
      vertex 9 10 1
    endloop
  endfacet
  facet normal 0.707107 0 -0.707107
    outer loop
      vertex 9 11 1
      vertex 8 10 0
      vertex 8 54 0
    endloop
  endfacet
  facet normal 0.707107 0 -0.707107
    outer loop
      vertex 9 55 1
      vertex 9 54 1
      vertex 8 55 0
    endloop
  endfacet
  facet normal 0 -1 0
    outer loop
      vertex 9 55 0
      vertex 9 55 1
      vertex 8 55 0
    endloop
  endfacet
  facet normal 0 1 0
    outer loop
      vertex 30.5 9 1
      vertex 31.5 9 0
      vertex 30.5 9 0
    endloop
  endfacet
  facet normal -0.707107 -0 -0.707107
    outer loop
      vertex 30.5 10 1
      vertex 31.5 9 0
      vertex 30.5 9 1
    endloop
  endfacet
  facet normal -0.707086 1.26775e-05 -0.707127
    outer loop
      vertex 31.5 33 0
      vertex 30.7361 32.9428 0.763855
      vertex 30.7704 33 0.729558
    endloop
  endfacet
  facet normal -0.707084 -5.34834e-05 -0.70713
    outer loop
      vertex 31.5 33 0
      vertex 30.6522 32.7654 0.847763
      vertex 30.7361 32.9428 0.763855
    endloop
  endfacet
  facet normal -0.707071 -0.000148151 -0.707143
    outer loop
      vertex 31.5 33 0
      vertex 30.5861 32.5806 0.913895
      vertex 30.6522 32.7654 0.847763
    endloop
  endfacet
  facet normal -0.707121 7.02395e-05 -0.707093
    outer loop
      vertex 31.5 33 0
      vertex 30.5384 32.3902 0.961578
      vertex 30.5861 32.5806 0.913895
    endloop
  endfacet
  facet normal -0.707105 2.14665e-05 -0.707108
    outer loop
      vertex 31.5 33 0
      vertex 30.5096 32.196 0.990372
      vertex 30.5384 32.3902 0.961578
    endloop
  endfacet
  facet normal -0.707054 -0.000106226 -0.70716
    outer loop
      vertex 31.5 33 0
      vertex 30.5 32 1
      vertex 30.5096 32.196 0.990372
    endloop
  endfacet
  facet normal -0.707107 0 -0.707107
    outer loop
      vertex 31.5 33 0
      vertex 30.5 11 1
      vertex 30.5 32 1
    endloop
  endfacet
  facet normal -0.707107 0 -0.707107
    outer loop
      vertex 31.5 10 0
      vertex 30.5 11 1
      vertex 31.5 33 0
    endloop
  endfacet
  facet normal -0.707107 -0 -0.707107
    outer loop
      vertex 30.5 11 1
      vertex 31.5 10 0
      vertex 30.5 10 1
    endloop
  endfacet
  facet normal 0 -1 0
    outer loop
      vertex 31.5 33 0
      vertex 30.7704 33 0.729558
      vertex 30.7704 33 0
    endloop
  endfacet
  facet normal 0 1 0
    outer loop
      vertex 42.5 33 1
      vertex 43.5 33 0
      vertex 42.5 33 0
    endloop
  endfacet
  facet normal -0.707107 0 -0.707107
    outer loop
      vertex 43.5 54 0
      vertex 42.5 53 1
      vertex 42.5 54 1
    endloop
  endfacet
  facet normal -0.707107 0 -0.707107
    outer loop
      vertex 43.5 54 0
      vertex 42.5 35 1
      vertex 42.5 53 1
    endloop
  endfacet
  facet normal -0.707107 0 -0.707107
    outer loop
      vertex 43.5 34 0
      vertex 42.5 35 1
      vertex 43.5 54 0
    endloop
  endfacet
  facet normal -0.707107 -0 -0.707107
    outer loop
      vertex 42.5 35 1
      vertex 43.5 34 0
      vertex 42.5 34 1
    endloop
  endfacet
  facet normal -0.707107 -0 -0.707107
    outer loop
      vertex 42.5 55 1
      vertex 43.5 55 0
      vertex 42.5 54 1
    endloop
  endfacet
  facet normal -0.707107 -0 -0.707107
    outer loop
      vertex 42.5 34 1
      vertex 43.5 33 0
      vertex 42.5 33 1
    endloop
  endfacet
  facet normal 0 -1 0
    outer loop
      vertex 43.5 55 0
      vertex 42.5 55 1
      vertex 42.5 55 0
    endloop
  endfacet
  facet normal 1 0 -0
    outer loop
      vertex 8 10 0
      vertex 8 10 1
      vertex 8 9 0
    endloop
  endfacet
  facet normal 0 0.707107 -0.707107
    outer loop
      vertex 31.5 10 1
      vertex 31.5 9 0
      vertex 30.5 10 1
    endloop
  endfacet
  facet normal 0 0.707107 -0.707107
    outer loop
      vertex 30.5 9 0
      vertex 29.5 10 1
      vertex 30.5 10 1
    endloop
  endfacet
  facet normal 0 0.707107 -0.707107
    outer loop
      vertex 29.5 10 1
      vertex 30.5 9 0
      vertex 10 10 1
    endloop
  endfacet
  facet normal 0 0.707107 -0.707107
    outer loop
      vertex 9 9 0
      vertex 10 10 1
      vertex 30.5 9 0
    endloop
  endfacet
  facet normal 0 0.707107 -0.707107
    outer loop
      vertex 10 10 1
      vertex 9 9 0
      vertex 9 10 1
    endloop
  endfacet
  facet normal 0 0.707107 -0.707107
    outer loop
      vertex 8 10 1
      vertex 9 10 1
      vertex 8 9 0
    endloop
  endfacet
  facet normal -1 0 -0
    outer loop
      vertex 31.5 10 1
      vertex 31.5 10 0
      vertex 31.5 9 0
    endloop
  endfacet
  facet normal 1 0 -0
    outer loop
      vertex 31.5 33.7296 0
      vertex 31.5 33.7296 0.729552
      vertex 31.5 33 0
    endloop
  endfacet
  facet normal 0 0.707107 -0.707107
    outer loop
      vertex 42.5 33 0
      vertex 41.5 34 1
      vertex 42.5 34 1
    endloop
  endfacet
  facet normal 0 0.707107 -0.707107
    outer loop
      vertex 41.5 34 1
      vertex 42.5 33 0
      vertex 32.5 34 1
    endloop
  endfacet
  facet normal 0 0.707107 -0.707107
    outer loop
      vertex 31.5 33 0
      vertex 32.5 34 1
      vertex 42.5 33 0
    endloop
  endfacet
  facet normal 0.000166933 0.707023 -0.70719
    outer loop
      vertex 32.5 34 1
      vertex 31.5 33 0
      vertex 32.304 33.9904 0.990356
    endloop
  endfacet
  facet normal -2.36801e-05 0.707101 -0.707113
    outer loop
      vertex 32.304 33.9904 0.990356
      vertex 31.5 33 0
      vertex 32.1098 33.9616 0.961563
    endloop
  endfacet
  facet normal -6.25398e-05 0.707113 -0.707101
    outer loop
      vertex 32.1098 33.9616 0.961563
      vertex 31.5 33 0
      vertex 31.9194 33.9139 0.913879
    endloop
  endfacet
  facet normal -0.000308966 0.70717 -0.707044
    outer loop
      vertex 31.9194 33.9139 0.913879
      vertex 31.5 33 0
      vertex 31.7346 33.8477 0.847748
    endloop
  endfacet
  facet normal 1.49015e-05 0.707125 -0.707089
    outer loop
      vertex 31.7346 33.8477 0.847748
      vertex 31.5 33 0
      vertex 31.5572 33.7638 0.76384
    endloop
  endfacet
  facet normal 0.00111571 0.707083 -0.70713
    outer loop
      vertex 31.5572 33.7638 0.76384
      vertex 31.5 33 0
      vertex 31.5 33.7296 0.729552
    endloop
  endfacet
  facet normal 0 0.707107 -0.707107
    outer loop
      vertex 43.5 34 1
      vertex 43.5 33 0
      vertex 42.5 34 1
    endloop
  endfacet
  facet normal -1 0 -0
    outer loop
      vertex 43.5 34 1
      vertex 43.5 34 0
      vertex 43.5 33 0
    endloop
  endfacet
  facet normal 1 0 0
    outer loop
      vertex 8 55 0
      vertex 8 54 1
      vertex 8 54 0
    endloop
  endfacet
  facet normal 0 -0.707107 -0.707107
    outer loop
      vertex 8 55 0
      vertex 9 54 1
      vertex 8 54 1
    endloop
  endfacet
  facet normal 0 -0.707107 -0.707107
    outer loop
      vertex 43.5 55 0
      vertex 43.5 54 1
      vertex 42.5 54 1
    endloop
  endfacet
  facet normal 0 -0.707107 -0.707107
    outer loop
      vertex 9 55 0
      vertex 10 54 1
      vertex 9 54 1
    endloop
  endfacet
  facet normal 0 -0.707107 -0.707107
    outer loop
      vertex 10 54 1
      vertex 9 55 0
      vertex 41.5 54 1
    endloop
  endfacet
  facet normal -0 -0.707107 -0.707107
    outer loop
      vertex 42.5 55 0
      vertex 41.5 54 1
      vertex 9 55 0
    endloop
  endfacet
  facet normal 0 -0.707107 -0.707107
    outer loop
      vertex 41.5 54 1
      vertex 42.5 55 0
      vertex 42.5 54 1
    endloop
  endfacet
  facet normal -1 0 0
    outer loop
      vertex 43.5 54 1
      vertex 43.5 55 0
      vertex 43.5 54 0
    endloop
  endfacet
  facet normal 0 1 0
    outer loop
      vertex 52.5 33 1
      vertex 52.5 33 0
      vertex 51.5 33 0
    endloop
  endfacet
  facet normal 0.707107 0 -0.707107
    outer loop
      vertex 52.5 53 1
      vertex 51.5 54 0
      vertex 52.5 54 1
    endloop
  endfacet
  facet normal 0.707107 0 -0.707107
    outer loop
      vertex 52.5 35 1
      vertex 51.5 54 0
      vertex 52.5 53 1
    endloop
  endfacet
  facet normal 0.707107 0 -0.707107
    outer loop
      vertex 51.5 34 0
      vertex 52.5 35 1
      vertex 52.5 34 1
    endloop
  endfacet
  facet normal 0.707107 0 -0.707107
    outer loop
      vertex 52.5 35 1
      vertex 51.5 34 0
      vertex 51.5 54 0
    endloop
  endfacet
  facet normal 0.707107 0 -0.707107
    outer loop
      vertex 52.5 55 1
      vertex 52.5 54 1
      vertex 51.5 55 0
    endloop
  endfacet
  facet normal 0.707107 0 -0.707107
    outer loop
      vertex 52.5 34 1
      vertex 52.5 33 1
      vertex 51.5 33 0
    endloop
  endfacet
  facet normal 0 -1 0
    outer loop
      vertex 52.5 55 0
      vertex 52.5 55 1
      vertex 51.5 55 0
    endloop
  endfacet
  facet normal 0 1 0
    outer loop
      vertex 65.5 9 1
      vertex 65.5 9 0
      vertex 64.5 9 0
    endloop
  endfacet
  facet normal 0.707107 0 -0.707107
    outer loop
      vertex 65.5 10 1
      vertex 65.5 9 1
      vertex 64.5 9 0
    endloop
  endfacet
  facet normal 0.707128 6.20776e-05 -0.707086
    outer loop
      vertex 65.2638 32.9428 0.76384
      vertex 64.5 33 0
      vertex 65.2295 33 0.729543
    endloop
  endfacet
  facet normal 0.707125 -1.49015e-05 -0.707089
    outer loop
      vertex 65.3477 32.7654 0.847748
      vertex 64.5 33 0
      vertex 65.2638 32.9428 0.76384
    endloop
  endfacet
  facet normal 0.70717 0.000308966 -0.707044
    outer loop
      vertex 65.4139 32.5806 0.913879
      vertex 64.5 33 0
      vertex 65.3477 32.7654 0.847748
    endloop
  endfacet
  facet normal 0.707113 6.25398e-05 -0.707101
    outer loop
      vertex 65.4616 32.3902 0.961563
      vertex 64.5 33 0
      vertex 65.4139 32.5806 0.913879
    endloop
  endfacet
  facet normal 0.707101 2.36801e-05 -0.707113
    outer loop
      vertex 65.4904 32.196 0.990356
      vertex 64.5 33 0
      vertex 65.4616 32.3902 0.961563
    endloop
  endfacet
  facet normal 0.707023 -0.000166933 -0.70719
    outer loop
      vertex 65.5 32 1
      vertex 64.5 33 0
      vertex 65.4904 32.196 0.990356
    endloop
  endfacet
  facet normal 0.707107 0 -0.707107
    outer loop
      vertex 65.5 11 1
      vertex 64.5 33 0
      vertex 65.5 32 1
    endloop
  endfacet
  facet normal 0.707107 0 -0.707107
    outer loop
      vertex 64.5 10 0
      vertex 65.5 11 1
      vertex 65.5 10 1
    endloop
  endfacet
  facet normal 0.707107 0 -0.707107
    outer loop
      vertex 65.5 11 1
      vertex 64.5 10 0
      vertex 64.5 33 0
    endloop
  endfacet
  facet normal 0 -1 0
    outer loop
      vertex 65.2295 33 0
      vertex 65.2295 33 0.729543
      vertex 64.5 33 0
    endloop
  endfacet
  facet normal 0 1 0
    outer loop
      vertex 86 9 1
      vertex 87 9 0
      vertex 86 9 0
    endloop
  endfacet
  facet normal -0.707107 -0 -0.707107
    outer loop
      vertex 86 10 1
      vertex 87 9 0
      vertex 86 9 1
    endloop
  endfacet
  facet normal -0.707107 0 -0.707107
    outer loop
      vertex 87 54 0
      vertex 86 53 1
      vertex 86 54 1
    endloop
  endfacet
  facet normal -0.707107 0 -0.707107
    outer loop
      vertex 87 54 0
      vertex 86 11 1
      vertex 86 53 1
    endloop
  endfacet
  facet normal -0.707107 0 -0.707107
    outer loop
      vertex 87 10 0
      vertex 86 11 1
      vertex 87 54 0
    endloop
  endfacet
  facet normal -0.707107 -0 -0.707107
    outer loop
      vertex 86 11 1
      vertex 87 10 0
      vertex 86 10 1
    endloop
  endfacet
  facet normal -0.707107 -0 -0.707107
    outer loop
      vertex 86 55 1
      vertex 87 55 0
      vertex 86 54 1
    endloop
  endfacet
  facet normal 0 -1 0
    outer loop
      vertex 87 55 0
      vertex 86 55 1
      vertex 86 55 0
    endloop
  endfacet
  facet normal 1 0 -0
    outer loop
      vertex 64.5 10 0
      vertex 64.5 10 1
      vertex 64.5 9 0
    endloop
  endfacet
  facet normal 0 0.707107 -0.707107
    outer loop
      vertex 86 9 0
      vertex 85 10 1
      vertex 86 10 1
    endloop
  endfacet
  facet normal 0 0.707107 -0.707107
    outer loop
      vertex 85 10 1
      vertex 86 9 0
      vertex 66.5 10 1
    endloop
  endfacet
  facet normal 0 0.707107 -0.707107
    outer loop
      vertex 65.5 9 0
      vertex 66.5 10 1
      vertex 86 9 0
    endloop
  endfacet
  facet normal 0 0.707107 -0.707107
    outer loop
      vertex 66.5 10 1
      vertex 65.5 9 0
      vertex 65.5 10 1
    endloop
  endfacet
  facet normal 0 0.707107 -0.707107
    outer loop
      vertex 64.5 10 1
      vertex 65.5 10 1
      vertex 64.5 9 0
    endloop
  endfacet
  facet normal 0 0.707107 -0.707107
    outer loop
      vertex 87 10 1
      vertex 87 9 0
      vertex 86 10 1
    endloop
  endfacet
  facet normal -1 0 -0
    outer loop
      vertex 87 10 1
      vertex 87 10 0
      vertex 87 9 0
    endloop
  endfacet
  facet normal 1 0 -0
    outer loop
      vertex 51.5 34 0
      vertex 51.5 34 1
      vertex 51.5 33 0
    endloop
  endfacet
  facet normal 0 0.707107 -0.707107
    outer loop
      vertex 52.5 33 0
      vertex 53.5 34 1
      vertex 63.5 34 1
    endloop
  endfacet
  facet normal -0.000166933 0.707023 -0.70719
    outer loop
      vertex 64.5 33 0
      vertex 63.5 34 1
      vertex 63.696 33.9904 0.990356
    endloop
  endfacet
  facet normal 2.36801e-05 0.707101 -0.707113
    outer loop
      vertex 64.5 33 0
      vertex 63.696 33.9904 0.990356
      vertex 63.8902 33.9616 0.961563
    endloop
  endfacet
  facet normal 6.25398e-05 0.707113 -0.707101
    outer loop
      vertex 64.5 33 0
      vertex 63.8902 33.9616 0.961563
      vertex 64.0806 33.9139 0.913879
    endloop
  endfacet
  facet normal 0.000308966 0.70717 -0.707044
    outer loop
      vertex 64.5 33 0
      vertex 64.0806 33.9139 0.913879
      vertex 64.2654 33.8477 0.847748
    endloop
  endfacet
  facet normal -1.49015e-05 0.707125 -0.707089
    outer loop
      vertex 64.5 33 0
      vertex 64.2654 33.8477 0.847748
      vertex 64.4428 33.7638 0.76384
    endloop
  endfacet
  facet normal 6.20776e-05 0.707128 -0.707086
    outer loop
      vertex 64.5 33 0
      vertex 64.4428 33.7638 0.76384
      vertex 64.5 33.7295 0.729543
    endloop
  endfacet
  facet normal 0 0.707107 -0.707107
    outer loop
      vertex 63.5 34 1
      vertex 64.5 33 0
      vertex 52.5 33 0
    endloop
  endfacet
  facet normal 0 0.707107 -0.707107
    outer loop
      vertex 53.5 34 1
      vertex 52.5 33 0
      vertex 52.5 34 1
    endloop
  endfacet
  facet normal 0 0.707107 -0.707107
    outer loop
      vertex 51.5 34 1
      vertex 52.5 34 1
      vertex 51.5 33 0
    endloop
  endfacet
  facet normal -1 0 -0
    outer loop
      vertex 64.5 33.7295 0.729543
      vertex 64.5 33.7295 0
      vertex 64.5 33 0
    endloop
  endfacet
  facet normal 1 0 0
    outer loop
      vertex 51.5 55 0
      vertex 51.5 54 1
      vertex 51.5 54 0
    endloop
  endfacet
  facet normal -1 0 0
    outer loop
      vertex 87 54 1
      vertex 87 55 0
      vertex 87 54 0
    endloop
  endfacet
  facet normal 0 -0.707107 -0.707107
    outer loop
      vertex 51.5 55 0
      vertex 52.5 54 1
      vertex 51.5 54 1
    endloop
  endfacet
  facet normal 0 -0.707107 -0.707107
    outer loop
      vertex 87 55 0
      vertex 87 54 1
      vertex 86 54 1
    endloop
  endfacet
  facet normal 0 -0.707107 -0.707107
    outer loop
      vertex 52.5 55 0
      vertex 53.5 54 1
      vertex 52.5 54 1
    endloop
  endfacet
  facet normal 0 -0.707107 -0.707107
    outer loop
      vertex 53.5 54 1
      vertex 52.5 55 0
      vertex 85 54 1
    endloop
  endfacet
  facet normal -0 -0.707107 -0.707107
    outer loop
      vertex 86 55 0
      vertex 85 54 1
      vertex 52.5 55 0
    endloop
  endfacet
  facet normal 0 -0.707107 -0.707107
    outer loop
      vertex 85 54 1
      vertex 86 55 0
      vertex 86 54 1
    endloop
  endfacet
  facet normal 0.707081 0.707132 5.10123e-05
    outer loop
      vertex 4.54602 64.454 4.26878
      vertex 4 65 4
      vertex 4.4142 64.5858 4.4142
    endloop
  endfacet
  facet normal 0.707089 0.707124 1.87879e-05
    outer loop
      vertex 4.66293 64.3371 4.11113
      vertex 4 65 4
      vertex 4.54602 64.454 4.26878
    endloop
  endfacet
  facet normal 0.707089 0.707125 2.07384e-05
    outer loop
      vertex 4.76384 64.2362 3.94278
      vertex 4 65 4
      vertex 4.66293 64.3371 4.11113
    endloop
  endfacet
  facet normal 0.707089 0.707124 2.31648e-05
    outer loop
      vertex 4.84775 64.1523 3.76537
      vertex 4 65 4
      vertex 4.76384 64.2362 3.94278
    endloop
  endfacet
  facet normal 0.707042 0.707171 -0.00031388
    outer loop
      vertex 4.91388 64.0861 3.58057
      vertex 4 65 4
      vertex 4.84775 64.1523 3.76537
    endloop
  endfacet
  facet normal 0.707096 0.707117 -7.95439e-05
    outer loop
      vertex 4.96156 64.0384 3.39017
      vertex 4 65 4
      vertex 4.91388 64.0861 3.58057
    endloop
  endfacet
  facet normal 0.707123 0.707091 4.81668e-06
    outer loop
      vertex 4.99036 64.0096 3.19603
      vertex 4 65 4
      vertex 4.96156 64.0384 3.39017
    endloop
  endfacet
  facet normal 0.707183 0.707031 0.000151732
    outer loop
      vertex 4 65 4
      vertex 4.99036 64.0096 3.19603
      vertex 5 64 3
    endloop
  endfacet
  facet normal 0.707107 0.707107 0
    outer loop
      vertex 4 65 4
      vertex 5 64 3
      vertex 4 65 1
    endloop
  endfacet
  facet normal 0.707107 0.707107 0
    outer loop
      vertex 4 65 1
      vertex 5 64 3
      vertex 5 64 0
    endloop
  endfacet
  facet normal 0.707086 0.707128 0
    outer loop
      vertex 4.84775 64.1523 21.2346
      vertex 4 65 21
      vertex 4 65 22
    endloop
  endfacet
  facet normal 0.70709 0.707124 -1.73914e-05
    outer loop
      vertex 4 65 21
      vertex 4.54602 64.454 20.7312
      vertex 4.41421 64.5858 20.5858
    endloop
  endfacet
  facet normal 0.707089 0.707124 -1.87832e-05
    outer loop
      vertex 4 65 21
      vertex 4.66293 64.3371 20.8889
      vertex 4.54602 64.454 20.7312
    endloop
  endfacet
  facet normal 0.707089 0.707125 -2.07446e-05
    outer loop
      vertex 4 65 21
      vertex 4.76384 64.2362 21.0572
      vertex 4.66293 64.3371 20.8889
    endloop
  endfacet
  facet normal 0.707089 0.707124 -2.31659e-05
    outer loop
      vertex 4 65 21
      vertex 4.84775 64.1523 21.2346
      vertex 4.76384 64.2362 21.0572
    endloop
  endfacet
  facet normal 0.707182 0.707031 0.000213695
    outer loop
      vertex 4 65 22
      vertex 4.91388 64.0861 21.4194
      vertex 4.84775 64.1523 21.2346
    endloop
  endfacet
  facet normal 0.707134 0.70708 6.07353e-05
    outer loop
      vertex 4 65 22
      vertex 4.96156 64.0384 21.6098
      vertex 4.91388 64.0861 21.4194
    endloop
  endfacet
  facet normal 0.707121 0.707093 -4.11456e-06
    outer loop
      vertex 4 65 22
      vertex 4.99036 64.0096 21.804
      vertex 4.96156 64.0384 21.6098
    endloop
  endfacet
  facet normal 0.707107 0.707107 -0.000144308
    outer loop
      vertex 4.99036 64.0096 21.804
      vertex 4 65 22
      vertex 5 64 22
    endloop
  endfacet
  facet normal 0.707107 0.707107 -0
    outer loop
      vertex 5 64 19
      vertex 4 65 20
      vertex 5 64 20
    endloop
  endfacet
  facet normal 0.707107 0.707107 0
    outer loop
      vertex 4 65 20
      vertex 5 64 19
      vertex 4 65 5
    endloop
  endfacet
  facet normal 0.707107 0.707107 -0
    outer loop
      vertex 5 64 6
      vertex 4 65 5
      vertex 5 64 19
    endloop
  endfacet
  facet normal 0.707107 0.707107 0
    outer loop
      vertex 4 65 5
      vertex 5 64 6
      vertex 5 64 5
    endloop
  endfacet
  facet normal -0 -0 -1
    outer loop
      vertex 5 65 22
      vertex 5 64 22
      vertex 4 65 22
    endloop
  endfacet
  facet normal -0.707107 0.707107 0
    outer loop
      vertex 92 64 6
      vertex 93 65 5
      vertex 92 64 5
    endloop
  endfacet
  facet normal -0.707107 0.707107 0
    outer loop
      vertex 93 65 5
      vertex 92 64 6
      vertex 93 65 20
    endloop
  endfacet
  facet normal -0.707107 0.707107 0
    outer loop
      vertex 92 64 19
      vertex 93 65 20
      vertex 92 64 6
    endloop
  endfacet
  facet normal -0.707107 0.707107 0
    outer loop
      vertex 93 65 20
      vertex 92 64 19
      vertex 92 64 20
    endloop
  endfacet
  facet normal -0.707107 0.707107 0
    outer loop
      vertex 92 64 3
      vertex 93 65 4
      vertex 93 65 1
    endloop
  endfacet
  facet normal -0.707107 0.707107 0
    outer loop
      vertex 92.0096 64.0096 3.19603
      vertex 93 65 4
      vertex 92 64 3
    endloop
  endfacet
  facet normal -0.707107 0.707107 0
    outer loop
      vertex 92.5858 64.5858 4.4142
      vertex 93 65 4
      vertex 92.454 64.454 4.26878
    endloop
  endfacet
  facet normal -0.707107 0.707107 0
    outer loop
      vertex 93 65 4
      vertex 92.5858 64.5858 4.4142
      vertex 92.5858 64.5858 4.41421
    endloop
  endfacet
  facet normal -0.707107 0.707107 0
    outer loop
      vertex 93 65 4
      vertex 92.3371 64.3371 4.11113
      vertex 92.454 64.454 4.26878
    endloop
  endfacet
  facet normal -0.707107 0.707107 0
    outer loop
      vertex 93 65 4
      vertex 92.2361 64.2361 3.94278
      vertex 92.3371 64.3371 4.11113
    endloop
  endfacet
  facet normal -0.707107 0.707107 0
    outer loop
      vertex 93 65 4
      vertex 92.1522 64.1522 3.76537
      vertex 92.2361 64.2361 3.94278
    endloop
  endfacet
  facet normal -0.707107 0.707107 0
    outer loop
      vertex 93 65 4
      vertex 92.0861 64.0861 3.58057
      vertex 92.1522 64.1522 3.76537
    endloop
  endfacet
  facet normal -0.707107 0.707107 0
    outer loop
      vertex 93 65 4
      vertex 92.0384 64.0384 3.39017
      vertex 92.0861 64.0861 3.58057
    endloop
  endfacet
  facet normal -0.707107 0.707107 0
    outer loop
      vertex 92 64 3
      vertex 93 65 1
      vertex 92 64 0
    endloop
  endfacet
  facet normal -0.707107 0.707107 0
    outer loop
      vertex 93 65 4
      vertex 92.0096 64.0096 3.19603
      vertex 92.0384 64.0384 3.39017
    endloop
  endfacet
  facet normal -0.707107 0.707107 0
    outer loop
      vertex 92.454 64.454 20.7312
      vertex 93 65 21
      vertex 92.5858 64.5858 20.5858
    endloop
  endfacet
  facet normal -0.707107 0.707107 0
    outer loop
      vertex 92.3371 64.3371 20.8889
      vertex 93 65 21
      vertex 92.454 64.454 20.7312
    endloop
  endfacet
  facet normal -0.707107 0.707107 0
    outer loop
      vertex 92.2361 64.2361 21.0572
      vertex 93 65 21
      vertex 92.3371 64.3371 20.8889
    endloop
  endfacet
  facet normal -0.707107 0.707107 0
    outer loop
      vertex 92.1522 64.1522 21.2346
      vertex 93 65 21
      vertex 92.2361 64.2361 21.0572
    endloop
  endfacet
  facet normal -0.707107 0.707107 0
    outer loop
      vertex 93 65 21
      vertex 92.1522 64.1522 21.2346
      vertex 93 65 22
    endloop
  endfacet
  facet normal -0.707107 0.707107 0
    outer loop
      vertex 92.0861 64.0861 21.4194
      vertex 93 65 22
      vertex 92.1522 64.1522 21.2346
    endloop
  endfacet
  facet normal -0.707107 0.707107 0
    outer loop
      vertex 92.0384 64.0384 21.6098
      vertex 93 65 22
      vertex 92.0861 64.0861 21.4194
    endloop
  endfacet
  facet normal -0.707107 0.707107 0
    outer loop
      vertex 92.0096 64.0096 21.804
      vertex 93 65 22
      vertex 92.0384 64.0384 21.6098
    endloop
  endfacet
  facet normal -0.707107 0.707107 0
    outer loop
      vertex 93 65 22
      vertex 92.0096 64.0096 21.804
      vertex 92 64 22
    endloop
  endfacet
  facet normal 0 0 -1
    outer loop
      vertex 92 65 22
      vertex 93 65 22
      vertex 92 64 22
    endloop
  endfacet
  facet normal 0.707107 0.707107 -0
    outer loop
      vertex 7 64 21.7256
      vertex 6 65 24
      vertex 7 64 25
    endloop
  endfacet
  facet normal 0.707021 0.707192 -7.53262e-05
    outer loop
      vertex 6.90637 64.0936 21.6569
      vertex 6 65 24
      vertex 7 64 21.7256
    endloop
  endfacet
  facet normal 0.707182 0.707031 4.93529e-05
    outer loop
      vertex 6.75531 64.2447 21.546
      vertex 6 65 24
      vertex 6.90637 64.0936 21.6569
    endloop
  endfacet
  facet normal 0.706374 0.707839 -0.000447874
    outer loop
      vertex 6.7517 64.2483 21.542
      vertex 6 65 24
      vertex 6.75531 64.2447 21.546
    endloop
  endfacet
  facet normal 0.707107 0.707107 3.67864e-14
    outer loop
      vertex 6 65 21
      vertex 6.7517 64.2483 21.542
      vertex 6.6236 64.3764 21.3815
    endloop
  endfacet
  facet normal 0.707257 0.706957 -0.000490284
    outer loop
      vertex 6 65 21
      vertex 6.6236 64.3764 21.3815
      vertex 6.53366 64.4663 21.2688
    endloop
  endfacet
  facet normal 0.707107 0.707107 0
    outer loop
      vertex 6.7517 64.2483 21.542
      vertex 6 65 21
      vertex 6 65 24
    endloop
  endfacet
  facet normal 0.707107 0.707107 0.000105064
    outer loop
      vertex 6.3902 64.6098 20.9997
      vertex 6 65 21
      vertex 6.53366 64.4663 21.2688
    endloop
  endfacet
  facet normal 0.707106 0.707107 -0.000621105
    outer loop
      vertex 6.35985 64.6401 20.9428
      vertex 6 65 21
      vertex 6.3902 64.6098 20.9997
    endloop
  endfacet
  facet normal 0.707153 0.70706 -3.08046e-05
    outer loop
      vertex 6.34995 64.65 20.9128
      vertex 6 65 21
      vertex 6.35985 64.6401 20.9428
    endloop
  endfacet
  facet normal 0.707172 0.707041 0.000120531
    outer loop
      vertex 6.29289 64.7071 20.7402
      vertex 6 65 21
      vertex 6.34995 64.65 20.9128
    endloop
  endfacet
  facet normal 0.706922 0.707292 -0.000444441
    outer loop
      vertex 6 65 21
      vertex 6.29289 64.7071 20.7402
      vertex 6.28517 64.7148 20.7148
    endloop
  endfacet
  facet normal -0.707107 0.707107 0
    outer loop
      vertex 90.7071 64.7071 20.7402
      vertex 91 65 21
      vertex 90.7148 64.7148 20.7148
    endloop
  endfacet
  facet normal -0.707107 0.707107 0
    outer loop
      vertex 90.65 64.65 20.9128
      vertex 91 65 21
      vertex 90.7071 64.7071 20.7402
    endloop
  endfacet
  facet normal -0.707107 0.707107 0
    outer loop
      vertex 90.6401 64.6401 20.9428
      vertex 91 65 21
      vertex 90.65 64.65 20.9128
    endloop
  endfacet
  facet normal -0.707107 0.707107 0
    outer loop
      vertex 90.6098 64.6098 20.9997
      vertex 91 65 21
      vertex 90.6401 64.6401 20.9428
    endloop
  endfacet
  facet normal -0.707107 0.707107 0
    outer loop
      vertex 90.4663 64.4663 21.2688
      vertex 91 65 21
      vertex 90.6098 64.6098 20.9997
    endloop
  endfacet
  facet normal -0.707107 0.707107 0
    outer loop
      vertex 90.3764 64.3764 21.3815
      vertex 91 65 21
      vertex 90.4663 64.4663 21.2688
    endloop
  endfacet
  facet normal -0.707107 0.707107 0
    outer loop
      vertex 90.2483 64.2483 21.542
      vertex 91 65 21
      vertex 90.3764 64.3764 21.3815
    endloop
  endfacet
  facet normal -0.707107 0.707107 0
    outer loop
      vertex 91 65 21
      vertex 90.2483 64.2483 21.542
      vertex 91 65 24
    endloop
  endfacet
  facet normal -0.707107 0.707107 0
    outer loop
      vertex 90.2447 64.2447 21.546
      vertex 91 65 24
      vertex 90.2483 64.2483 21.542
    endloop
  endfacet
  facet normal -0.707107 0.707107 0
    outer loop
      vertex 90.0936 64.0936 21.6569
      vertex 91 65 24
      vertex 90.2447 64.2447 21.546
    endloop
  endfacet
  facet normal -0.707107 0.707107 0
    outer loop
      vertex 90 64 21.7256
      vertex 91 65 24
      vertex 90.0936 64.0936 21.6569
    endloop
  endfacet
  facet normal -0.707107 0.707107 0
    outer loop
      vertex 91 65 24
      vertex 90 64 21.7256
      vertex 90 64 25
    endloop
  endfacet
  facet normal 0.938723 -0.284781 0.194161
    outer loop
      vertex 5.2318 63.7324 19.4194
      vertex 5.16114 63.7617 19.804
      vertex 5.12289 63.3734 19.4194
    endloop
  endfacet
  facet normal 0.187578 0.0568936 -0.980601
    outer loop
      vertex 6.80773 62.9618 21.9904
      vertex 6.46362 62.7778 21.9139
      vertex 6.43059 62.8867 21.9139
    endloop
  endfacet
  facet normal 0.705348 -0.0694804 -0.705448
    outer loop
      vertex 5.75559 63.2475 21.546
      vertex 5.73121 63 21.546
      vertex 5.48368 63.3016 21.2688
    endloop
  endfacet
  facet normal 0.938723 0.284781 -0.194161
    outer loop
      vertex 5.2318 62.2676 20.5806
      vertex 5.16114 62.2383 20.196
      vertex 5.12289 62.6266 20.5806
    endloop
  endfacet
  facet normal 0.5547 0.0546408 -0.830254
    outer loop
      vertex 6.07532 62.8161 21.7638
      vertex 5.75559 62.7525 21.546
      vertex 5.73121 63 21.546
    endloop
  endfacet
  facet normal 0.97625 -0.0961347 -0.194151
    outer loop
      vertex 5.12289 63.3734 20.5806
      vertex 5.08612 63 20.5806
      vertex 5.04787 63.3883 20.196
    endloop
  endfacet
  facet normal 0.0962183 0.97625 -0.194109
    outer loop
      vertex 6.62662 61.1229 20.5806
      vertex 7 61.0861 20.5806
      vertex 6.6117 61.0479 20.196
    endloop
  endfacet
  facet normal 0.884706 -0.268353 -0.38116
    outer loop
      vertex 5.37042 63.675 20.9428
      vertex 5.27005 63.3441 20.9428
      vertex 5.12289 63.3734 20.5806
    endloop
  endfacet
  facet normal 0.95694 0.290285 0
    outer loop
      vertex 5.16114 62.2383 20.196
      vertex 5.04787 62.6117 19.804
      vertex 5.04787 62.6117 20.196
    endloop
  endfacet
  facet normal 0.95694 0.290285 0
    outer loop
      vertex 5.04787 62.6117 19.804
      vertex 5.16114 62.2383 20.196
      vertex 5.16114 62.2383 19.804
    endloop
  endfacet
  facet normal 0.24377 0.297163 -0.923185
    outer loop
      vertex 6.58947 62.5895 21.9139
      vertex 6.47621 62.2161 21.7638
      vertex 6.33334 62.3333 21.7638
    endloop
  endfacet
  facet normal 0.554695 0.0546249 -0.830259
    outer loop
      vertex 6.05721 63 21.7638
      vertex 6.07532 62.8161 21.7638
      vertex 5.73121 63 21.546
    endloop
  endfacet
  facet normal 0.297141 -0.243805 -0.923183
    outer loop
      vertex 6.33334 63.6667 21.7638
      vertex 6.58947 63.4105 21.9139
      vertex 6.21609 63.5238 21.7638
    endloop
  endfacet
  facet normal 0.920079 0.0907737 0.38107
    outer loop
      vertex 5.19837 62.79 19.1984
      vertex 5.18374 63 19.1837
      vertex 5.08612 63 19.4194
    endloop
  endfacet
  facet normal 0.533382 0.161808 -0.830254
    outer loop
      vertex 6.07532 62.8161 21.7638
      vertex 5.82779 62.5145 21.546
      vertex 5.75559 62.7525 21.546
    endloop
  endfacet
  facet normal 0.73437 0.392516 -0.553744
    outer loop
      vertex 5.57166 62.4084 21.2688
      vertex 5.71453 62.1411 21.2688
      vertex 5.37042 62.325 20.9428
    endloop
  endfacet
  facet normal 0.151553 0.124343 -0.980597
    outer loop
      vertex 6.837 62.8911 21.9904
      vertex 6.58947 62.5895 21.9139
      vertex 6.51727 62.6775 21.9139
    endloop
  endfacet
  facet normal 0.67824 -0.205764 -0.705444
    outer loop
      vertex 5.57166 63.5916 21.2688
      vertex 5.82779 63.4855 21.546
      vertex 5.48368 63.3016 21.2688
    endloop
  endfacet
  facet normal 0.533413 -0.161773 -0.830241
    outer loop
      vertex 6.12897 63.3608 21.7638
      vertex 6.07532 63.1839 21.7638
      vertex 5.82779 63.4855 21.546
    endloop
  endfacet
  facet normal 0.36786 -0.111574 -0.923163
    outer loop
      vertex 6.46362 63.2222 21.9139
      vertex 6.43059 63.1133 21.9139
      vertex 6.07532 63.1839 21.7638
    endloop
  endfacet
  facet normal 0.772994 -0.634414 0
    outer loop
      vertex 5.34507 64.1058 20
      vertex 5.5926 64.4074 19.804
      vertex 5.5926 64.4074 20
    endloop
  endfacet
  facet normal 0.772994 -0.634414 0
    outer loop
      vertex 5.5926 64.4074 19.804
      vertex 5.34507 64.1058 20
      vertex 5.34507 64.1058 19.804
    endloop
  endfacet
  facet normal 0.772864 -0.634571 0
    outer loop
      vertex 5.41913 64.196 20.196
      vertex 5.34507 64.1058 20.196
      vertex 5.34507 64.1058 20.1058
    endloop
  endfacet
  facet normal 0.815288 -0.435992 0.381074
    outer loop
      vertex 5.28373 63.7109 19.2837
      vertex 5.31705 63.8024 19.3171
      vertex 5.2318 63.7324 19.4194
    endloop
  endfacet
  facet normal 0.36786 -0.111564 -0.923165
    outer loop
      vertex 6.12897 63.3608 21.7638
      vertex 6.46362 63.2222 21.9139
      vertex 6.07532 63.1839 21.7638
    endloop
  endfacet
  facet normal 0.5547 -0.0546408 -0.830254
    outer loop
      vertex 5.75559 63.2475 21.546
      vertex 6.07532 63.1839 21.7638
      vertex 5.73121 63 21.546
    endloop
  endfacet
  facet normal 0.18118 0.339062 -0.923153
    outer loop
      vertex 6.77783 62.4636 21.9139
      vertex 6.63921 62.129 21.7638
      vertex 6.47621 62.2161 21.7638
    endloop
  endfacet
  facet normal 0.382546 0.0376806 -0.923168
    outer loop
      vertex 6.41943 63 21.9139
      vertex 6.43059 62.8867 21.9139
      vertex 6.07532 62.8161 21.7638
    endloop
  endfacet
  facet normal 0.161929 0.533311 -0.830276
    outer loop
      vertex 6.63921 62.129 21.7638
      vertex 6.81607 62.0753 21.7638
      vertex 6.51446 61.8278 21.546
    endloop
  endfacet
  facet normal 0.0816433 0.82874 -0.553646
    outer loop
      vertex 6.69839 61.4837 21.2688
      vertex 7 61.2362 20.9428
      vertex 6.65589 61.2701 20.9428
    endloop
  endfacet
  facet normal 0.586489 0.714678 -0.381137
    outer loop
      vertex 5.75277 61.7528 20.9428
      vertex 5.9367 61.4087 20.5806
      vertex 5.64668 61.6467 20.5806
    endloop
  endfacet
  facet normal 0.491601 0.26275 -0.830235
    outer loop
      vertex 6.12897 62.6392 21.7638
      vertex 6.21609 62.4762 21.7638
      vertex 5.82779 62.5145 21.546
    endloop
  endfacet
  facet normal 0.884707 0.268394 -0.381126
    outer loop
      vertex 5.37042 62.325 20.9428
      vertex 5.2318 62.2676 20.5806
      vertex 5.12289 62.6266 20.5806
    endloop
  endfacet
  facet normal 0.81533 0.435876 -0.381116
    outer loop
      vertex 5.37042 62.325 20.9428
      vertex 5.53342 62.0201 20.9428
      vertex 5.2318 62.2676 20.5806
    endloop
  endfacet
  facet normal 0.828708 0.0816184 -0.553698
    outer loop
      vertex 5.48368 62.6984 21.2688
      vertex 5.27005 62.6559 20.9428
      vertex 5.23616 63 20.9428
    endloop
  endfacet
  facet normal 0.828708 -0.0816184 -0.553698
    outer loop
      vertex 5.27005 63.3441 20.9428
      vertex 5.48368 63.3016 21.2688
      vertex 5.23616 63 20.9428
    endloop
  endfacet
  facet normal 0.622411 -0.758258 -0.194035
    outer loop
      vertex 5.92359 64.5806 20.5806
      vertex 5.64668 64.3533 20.5806
      vertex 5.61866 64.3813 20.3813
    endloop
  endfacet
  facet normal 0.865135 -0.462425 0.194175
    outer loop
      vertex 5.2318 63.7324 19.4194
      vertex 5.40867 64.0633 19.4194
      vertex 5.16114 63.7617 19.804
    endloop
  endfacet
  facet normal 0.920064 -0.090602 -0.381147
    outer loop
      vertex 5.12289 63.3734 20.5806
      vertex 5.27005 63.3441 20.9428
      vertex 5.08612 63 20.5806
    endloop
  endfacet
  facet normal 0.881926 -0.471388 0
    outer loop
      vertex 5.34507 64.1058 20.196
      vertex 5.28852 64 20
      vertex 5.34507 64.1058 20.1058
    endloop
  endfacet
  facet normal 0.881916 -0.471406 1.22787e-05
    outer loop
      vertex 5.28852 64 20
      vertex 5.34507 64.1058 20.196
      vertex 5.16114 63.7617 20.196
    endloop
  endfacet
  facet normal 0.881926 -0.471388 0
    outer loop
      vertex 5.28852 64 20
      vertex 5.34507 64.1058 19.804
      vertex 5.34507 64.1058 20
    endloop
  endfacet
  facet normal 0.881912 -0.471414 0
    outer loop
      vertex 5.16114 63.7617 19.804
      vertex 5.28852 64 20
      vertex 5.16114 63.7617 20.196
    endloop
  endfacet
  facet normal 0.881916 -0.471406 -1.22787e-05
    outer loop
      vertex 5.28852 64 20
      vertex 5.16114 63.7617 19.804
      vertex 5.34507 64.1058 19.804
    endloop
  endfacet
  facet normal 0.172854 0.0924587 -0.980598
    outer loop
      vertex 6.837 62.8911 21.9904
      vertex 6.51727 62.6775 21.9139
      vertex 6.46362 62.7778 21.9139
    endloop
  endfacet
  facet normal 0.491603 -0.262718 -0.830244
    outer loop
      vertex 5.94504 63.7049 21.546
      vertex 6.21609 63.5238 21.7638
      vertex 5.82779 63.4855 21.546
    endloop
  endfacet
  facet normal 0.533382 -0.161808 -0.830254
    outer loop
      vertex 5.82779 63.4855 21.546
      vertex 6.07532 63.1839 21.7638
      vertex 5.75559 63.2475 21.546
    endloop
  endfacet
  facet normal 0.38255 0.0376725 -0.923166
    outer loop
      vertex 6.41943 63 21.9139
      vertex 6.07532 62.8161 21.7638
      vertex 6.05721 63 21.7638
    endloop
  endfacet
  facet normal 0.338922 -0.181288 -0.923183
    outer loop
      vertex 6.51727 63.3225 21.9139
      vertex 6.46362 63.2222 21.9139
      vertex 6.21609 63.5238 21.7638
    endloop
  endfacet
  facet normal 0.938733 0.284762 -0.194141
    outer loop
      vertex 5.12289 62.6266 20.5806
      vertex 5.16114 62.2383 20.196
      vertex 5.04787 62.6117 20.196
    endloop
  endfacet
  facet normal 0.71256 0.591116 0.377943
    outer loop
      vertex 5.41391 61.9339 19.4139
      vertex 5.41142 61.9385 19.4114
      vertex 5.40867 61.9367 19.4194
    endloop
  endfacet
  facet normal 0.284731 0.938724 -0.194233
    outer loop
      vertex 6.26759 61.2318 20.5806
      vertex 6.62662 61.1229 20.5806
      vertex 6.23832 61.1611 20.196
    endloop
  endfacet
  facet normal 0.241755 0.796776 -0.553808
    outer loop
      vertex 6.40836 61.5717 21.2688
      vertex 6.69839 61.4837 21.2688
      vertex 6.32501 61.3704 20.9428
    endloop
  endfacet
  facet normal 0.12436 0.15154 -0.980597
    outer loop
      vertex 6.89109 62.837 21.9904
      vertex 6.67745 62.5173 21.9139
      vertex 6.58947 62.5895 21.9139
    endloop
  endfacet
  facet normal 0.678238 0.205751 -0.70545
    outer loop
      vertex 5.75559 62.7525 21.546
      vertex 5.82779 62.5145 21.546
      vertex 5.48368 62.6984 21.2688
    endloop
  endfacet
  facet normal 0.67824 0.205764 -0.705444
    outer loop
      vertex 5.82779 62.5145 21.546
      vertex 5.57166 62.4084 21.2688
      vertex 5.48368 62.6984 21.2688
    endloop
  endfacet
  facet normal 0.796833 0.241743 -0.55373
    outer loop
      vertex 5.48368 62.6984 21.2688
      vertex 5.57166 62.4084 21.2688
      vertex 5.37042 62.325 20.9428
    endloop
  endfacet
  facet normal 0.881916 0.471406 0
    outer loop
      vertex 5.34507 61.8942 20.196
      vertex 5.16114 62.2383 19.804
      vertex 5.16114 62.2383 20.196
    endloop
  endfacet
  facet normal 0.881916 0.471406 0
    outer loop
      vertex 5.16114 62.2383 19.804
      vertex 5.34507 61.8942 20.196
      vertex 5.34507 61.8942 19.804
    endloop
  endfacet
  facet normal 0.533413 0.161773 -0.830241
    outer loop
      vertex 6.07532 62.8161 21.7638
      vertex 6.12897 62.6392 21.7638
      vertex 5.82779 62.5145 21.546
    endloop
  endfacet
  facet normal 0.995186 0.0980064 0
    outer loop
      vertex 5.04787 62.6117 20.196
      vertex 5.00963 63 19.804
      vertex 5.00963 63 20.196
    endloop
  endfacet
  facet normal 0.995186 0.0980064 0
    outer loop
      vertex 5.00963 63 19.804
      vertex 5.04787 62.6117 20.196
      vertex 5.04787 62.6117 19.804
    endloop
  endfacet
  facet normal 0.0547151 -0.554723 -0.830234
    outer loop
      vertex 6.75247 64.2444 21.546
      vertex 6.90637 64.0936 21.6569
      vertex 6.81607 63.9247 21.7638
    endloop
  endfacet
  facet normal 0.0583236 -0.55213 -0.831715
    outer loop
      vertex 6.90637 64.0936 21.6569
      vertex 6.75247 64.2444 21.546
      vertex 6.75531 64.2447 21.546
    endloop
  endfacet
  facet normal 0.705348 0.0694804 -0.705448
    outer loop
      vertex 5.73121 63 21.546
      vertex 5.75559 62.7525 21.546
      vertex 5.48368 62.6984 21.2688
    endloop
  endfacet
  facet normal 0.243843 -0.297137 -0.923174
    outer loop
      vertex 6.67745 63.4827 21.9139
      vertex 6.58947 63.4105 21.9139
      vertex 6.47621 63.7839 21.7638
    endloop
  endfacet
  facet normal 0.643724 -0.528249 -0.55369
    outer loop
      vertex 5.75277 64.2472 20.9428
      vertex 5.71453 63.8589 21.2688
      vertex 5.53342 63.9799 20.9428
    endloop
  endfacet
  facet normal 0.938733 -0.284762 -0.194141
    outer loop
      vertex 5.16114 63.7617 20.196
      vertex 5.12289 63.3734 20.5806
      vertex 5.04787 63.3883 20.196
    endloop
  endfacet
  facet normal 0.471747 -0.881734 0
    outer loop
      vertex 6 64.7115 20
      vertex 5.89421 64.6549 20
      vertex 5.89421 64.6549 19.8942
    endloop
  endfacet
  facet normal 0.796864 -0.241708 -0.553701
    outer loop
      vertex 5.37042 63.675 20.9428
      vertex 5.48368 63.3016 21.2688
      vertex 5.27005 63.3441 20.9428
    endloop
  endfacet
  facet normal 0.884707 -0.268394 -0.381126
    outer loop
      vertex 5.2318 63.7324 20.5806
      vertex 5.37042 63.675 20.9428
      vertex 5.12289 63.3734 20.5806
    endloop
  endfacet
  facet normal 0.24166 -0.796842 -0.553754
    outer loop
      vertex 6.40836 64.4283 21.2688
      vertex 6.3902 64.6098 20.9997
      vertex 6.53366 64.4663 21.2688
    endloop
  endfacet
  facet normal 0.241316 -0.796924 -0.553786
    outer loop
      vertex 6.3902 64.6098 20.9997
      vertex 6.40836 64.4283 21.2688
      vertex 6.32501 64.6296 20.9428
    endloop
  endfacet
  facet normal 0.195081 0.0192154 -0.980599
    outer loop
      vertex 6.80773 62.9618 21.9904
      vertex 6.43059 62.8867 21.9139
      vertex 6.41943 63 21.9139
    endloop
  endfacet
  facet normal 0.195081 -0.0192154 -0.980599
    outer loop
      vertex 6.43059 63.1133 21.9139
      vertex 6.80773 63.0382 21.9904
      vertex 6.41943 63 21.9139
    endloop
  endfacet
  facet normal 0.865135 0.462425 -0.194175
    outer loop
      vertex 5.2318 62.2676 20.5806
      vertex 5.40867 61.9367 20.5806
      vertex 5.16114 62.2383 20.196
    endloop
  endfacet
  facet normal 0.865135 0.462425 0.194175
    outer loop
      vertex 5.40867 61.9367 19.4194
      vertex 5.2318 62.2676 19.4194
      vertex 5.16114 62.2383 19.804
    endloop
  endfacet
  facet normal 0.95694 -0.290285 0
    outer loop
      vertex 5.04787 63.3883 20.196
      vertex 5.16114 63.7617 19.804
      vertex 5.16114 63.7617 20.196
    endloop
  endfacet
  facet normal 0.95694 -0.290285 0
    outer loop
      vertex 5.16114 63.7617 19.804
      vertex 5.04787 63.3883 20.196
      vertex 5.04787 63.3883 19.804
    endloop
  endfacet
  facet normal 0.938723 0.284781 0.194161
    outer loop
      vertex 5.16114 62.2383 19.804
      vertex 5.2318 62.2676 19.4194
      vertex 5.12289 62.6266 19.4194
    endloop
  endfacet
  facet normal 0.634355 0.773042 -0
    outer loop
      vertex 5.89421 61.3451 19.8942
      vertex 5.5926 61.5926 20.196
      vertex 5.89421 61.3451 20.196
    endloop
  endfacet
  facet normal 0.634225 0.773148 -0.000216721
    outer loop
      vertex 5.80397 61.4191 19.804
      vertex 5.5926 61.5926 20.196
      vertex 5.89421 61.3451 19.8942
    endloop
  endfacet
  facet normal 0.634466 0.772951 0
    outer loop
      vertex 5.5926 61.5926 20.196
      vertex 5.80397 61.4191 19.804
      vertex 5.5926 61.5926 19.804
    endloop
  endfacet
  facet normal 0.290135 0.956986 -0
    outer loop
      vertex 6.6117 61.0479 20
      vertex 6.23832 61.1611 20.196
      vertex 6.6117 61.0479 20.196
    endloop
  endfacet
  facet normal 0.290135 0.956986 0
    outer loop
      vertex 6.23832 61.1611 20.196
      vertex 6.6117 61.0479 20
      vertex 6.23832 61.1611 20
    endloop
  endfacet
  facet normal 0.757985 0.622589 0.194531
    outer loop
      vertex 5.5926 61.5926 19.804
      vertex 5.41943 61.9236 19.4194
      vertex 5.40867 61.9367 19.4194
    endloop
  endfacet
  facet normal 0.758182 0.622421 0.194298
    outer loop
      vertex 5.41943 61.9236 19.4194
      vertex 5.5926 61.5926 19.804
      vertex 5.61866 61.6187 19.6187
    endloop
  endfacet
  facet normal 0.0962904 0.976229 -0.19418
    outer loop
      vertex 7 61.0861 20.5806
      vertex 7 61.0096 20.196
      vertex 6.6117 61.0479 20.196
    endloop
  endfacet
  facet normal 0.714647 0.586528 -0.381136
    outer loop
      vertex 5.75277 61.7528 20.9428
      vertex 5.64668 61.6467 20.5806
      vertex 5.40867 61.9367 20.5806
    endloop
  endfacet
  facet normal 0.0981587 0.995171 -0
    outer loop
      vertex 7 61.0096 20
      vertex 6.6117 61.0479 20.196
      vertex 7 61.0096 20.196
    endloop
  endfacet
  facet normal 0.0981587 0.995171 0
    outer loop
      vertex 6.6117 61.0479 20.196
      vertex 7 61.0096 20
      vertex 6.6117 61.0479 20
    endloop
  endfacet
  facet normal 0.241576 0.796935 -0.553657
    outer loop
      vertex 6.69839 61.4837 21.2688
      vertex 6.65589 61.2701 20.9428
      vertex 6.32501 61.3704 20.9428
    endloop
  endfacet
  facet normal 0.36786 0.111574 -0.923163
    outer loop
      vertex 6.43059 62.8867 21.9139
      vertex 6.46362 62.7778 21.9139
      vertex 6.07532 62.8161 21.7638
    endloop
  endfacet
  facet normal 0.36786 0.111564 -0.923165
    outer loop
      vertex 6.46362 62.7778 21.9139
      vertex 6.12897 62.6392 21.7638
      vertex 6.07532 62.8161 21.7638
    endloop
  endfacet
  facet normal 0.172885 0.0923584 -0.980602
    outer loop
      vertex 6.81889 62.925 21.9904
      vertex 6.837 62.8911 21.9904
      vertex 6.46362 62.7778 21.9139
    endloop
  endfacet
  facet normal 0.35362 0.430865 -0.830246
    outer loop
      vertex 6.33334 62.3333 21.7638
      vertex 6.2951 61.945 21.546
      vertex 6.10283 62.1028 21.546
    endloop
  endfacet
  facet normal 0.392371 0.734403 -0.553802
    outer loop
      vertex 6.40836 61.5717 21.2688
      vertex 6.32501 61.3704 20.9428
      vertex 6.14108 61.7145 21.2688
    endloop
  endfacet
  facet normal 0.0546818 0.554729 -0.830232
    outer loop
      vertex 6.81607 62.0753 21.7638
      vertex 7 61.7312 21.546
      vertex 6.75247 61.7556 21.546
    endloop
  endfacet
  facet normal 0.547949 0.449614 -0.705407
    outer loop
      vertex 5.94504 62.2951 21.546
      vertex 6.10283 62.1028 21.546
      vertex 5.9068 61.9068 21.2688
    endloop
  endfacet
  facet normal 0.339019 0.181199 -0.923165
    outer loop
      vertex 6.46362 62.7778 21.9139
      vertex 6.21609 62.4762 21.7638
      vertex 6.12897 62.6392 21.7638
    endloop
  endfacet
  facet normal 0.884706 0.268353 -0.38116
    outer loop
      vertex 5.27005 62.6559 20.9428
      vertex 5.37042 62.325 20.9428
      vertex 5.12289 62.6266 20.5806
    endloop
  endfacet
  facet normal 0.796864 0.241708 -0.553701
    outer loop
      vertex 5.48368 62.6984 21.2688
      vertex 5.37042 62.325 20.9428
      vertex 5.27005 62.6559 20.9428
    endloop
  endfacet
  facet normal 0.828704 -0.0816064 -0.553706
    outer loop
      vertex 5.48368 63.3016 21.2688
      vertex 5.45398 63 21.2688
      vertex 5.23616 63 20.9428
    endloop
  endfacet
  facet normal 0.828704 0.0816064 -0.553706
    outer loop
      vertex 5.45398 63 21.2688
      vertex 5.48368 62.6984 21.2688
      vertex 5.23616 63 20.9428
    endloop
  endfacet
  facet normal 0.382546 -0.0376806 -0.923168
    outer loop
      vertex 6.43059 63.1133 21.9139
      vertex 6.41943 63 21.9139
      vertex 6.07532 63.1839 21.7638
    endloop
  endfacet
  facet normal 0.678238 -0.205751 -0.70545
    outer loop
      vertex 5.82779 63.4855 21.546
      vertex 5.75559 63.2475 21.546
      vertex 5.48368 63.3016 21.2688
    endloop
  endfacet
  facet normal 0.266877 -0.885525 -0.380293
    outer loop
      vertex 6.34995 64.65 20.9128
      vertex 6.35985 64.6401 20.9428
      vertex 6.32501 64.6296 20.9428
    endloop
  endfacet
  facet normal 0.266105 -0.885491 -0.380912
    outer loop
      vertex 6.34995 64.65 20.9128
      vertex 6.32501 64.6296 20.9428
      vertex 6.29289 64.7071 20.7402
    endloop
  endfacet
  facet normal 0.71256 -0.591116 0.377943
    outer loop
      vertex 5.41142 64.0615 19.4114
      vertex 5.41391 64.0661 19.4139
      vertex 5.40867 64.0633 19.4194
    endloop
  endfacet
  facet normal 0.714647 -0.586528 -0.381136
    outer loop
      vertex 5.64668 64.3533 20.5806
      vertex 5.75277 64.2472 20.9428
      vertex 5.40867 64.0633 20.5806
    endloop
  endfacet
  facet normal 0.865135 -0.462425 -0.194175
    outer loop
      vertex 5.40867 64.0633 20.5806
      vertex 5.2318 63.7324 20.5806
      vertex 5.16114 63.7617 20.196
    endloop
  endfacet
  facet normal 0.938723 -0.284781 -0.194161
    outer loop
      vertex 5.16114 63.7617 20.196
      vertex 5.2318 63.7324 20.5806
      vertex 5.12289 63.3734 20.5806
    endloop
  endfacet
  facet normal 0.81533 -0.435876 -0.381116
    outer loop
      vertex 5.53342 63.9799 20.9428
      vertex 5.37042 63.675 20.9428
      vertex 5.2318 63.7324 20.5806
    endloop
  endfacet
  facet normal 0.18131 -0.338919 -0.92318
    outer loop
      vertex 6.77783 63.5364 21.9139
      vertex 6.67745 63.4827 21.9139
      vertex 6.47621 63.7839 21.7638
    endloop
  endfacet
  facet normal 0.339019 -0.181199 -0.923165
    outer loop
      vertex 6.21609 63.5238 21.7638
      vertex 6.46362 63.2222 21.9139
      vertex 6.12897 63.3608 21.7638
    endloop
  endfacet
  facet normal 0.758283 0.62234 -0.194166
    outer loop
      vertex 5.40867 61.9367 20.5806
      vertex 5.5926 61.5926 20.196
      vertex 5.34507 61.8942 20.196
    endloop
  endfacet
  facet normal 0.865132 0.462435 -0.194165
    outer loop
      vertex 5.40867 61.9367 20.5806
      vertex 5.34507 61.8942 20.196
      vertex 5.16114 62.2383 20.196
    endloop
  endfacet
  facet normal 0.97625 -0.0961347 0.194151
    outer loop
      vertex 5.08612 63 19.4194
      vertex 5.12289 63.3734 19.4194
      vertex 5.04787 63.3883 19.804
    endloop
  endfacet
  facet normal 0.938733 -0.284762 0.194141
    outer loop
      vertex 5.12289 63.3734 19.4194
      vertex 5.16114 63.7617 19.804
      vertex 5.04787 63.3883 19.804
    endloop
  endfacet
  facet normal 0.815318 0.435797 0.381232
    outer loop
      vertex 5.40867 61.9367 19.4194
      vertex 5.31705 62.1976 19.3171
      vertex 5.2318 62.2676 19.4194
    endloop
  endfacet
  facet normal 0.816755 0.43531 0.378704
    outer loop
      vertex 5.31705 62.1976 19.3171
      vertex 5.40867 61.9367 19.4194
      vertex 5.41142 61.9385 19.4114
    endloop
  endfacet
  facet normal 0.976248 0.0961414 0.194158
    outer loop
      vertex 5.04787 62.6117 19.804
      vertex 5.08612 63 19.4194
      vertex 5.00963 63 19.804
    endloop
  endfacet
  facet normal 0.97625 0.0961347 0.194151
    outer loop
      vertex 5.12289 62.6266 19.4194
      vertex 5.08612 63 19.4194
      vertex 5.04787 62.6117 19.804
    endloop
  endfacet
  facet normal 0.938733 0.284762 0.194141
    outer loop
      vertex 5.16114 62.2383 19.804
      vertex 5.12289 62.6266 19.4194
      vertex 5.04787 62.6117 19.804
    endloop
  endfacet
  facet normal 0.622727 0.757922 0.194334
    outer loop
      vertex 5.69242 61.5392 19.6924
      vertex 5.61866 61.6187 19.6187
      vertex 5.5926 61.5926 19.804
    endloop
  endfacet
  facet normal 0.622425 0.758283 0.193891
    outer loop
      vertex 5.80397 61.4191 19.804
      vertex 5.69242 61.5392 19.6924
      vertex 5.5926 61.5926 19.804
    endloop
  endfacet
  facet normal 0.268188 0.884725 -0.38123
    outer loop
      vertex 6.65589 61.2701 20.9428
      vertex 6.62662 61.1229 20.5806
      vertex 6.32501 61.3704 20.9428
    endloop
  endfacet
  facet normal 0.462492 0.865088 -0.194225
    outer loop
      vertex 6.26759 61.2318 20.5806
      vertex 6.23832 61.1611 20.196
      vertex 5.9367 61.4087 20.5806
    endloop
  endfacet
  facet normal 0.471441 0.881898 0
    outer loop
      vertex 6 61.2885 20
      vertex 6.23832 61.1611 20.196
      vertex 6.23832 61.1611 20
    endloop
  endfacet
  facet normal 0.471535 0.881847 -0.000147302
    outer loop
      vertex 6.23832 61.1611 20.196
      vertex 6 61.2885 20
      vertex 5.89421 61.3451 20.196
    endloop
  endfacet
  facet normal 0.471747 0.881734 0
    outer loop
      vertex 5.89421 61.3451 20.196
      vertex 6 61.2885 20
      vertex 5.89421 61.3451 19.8942
    endloop
  endfacet
  facet normal 0.462562 0.865066 -0.194156
    outer loop
      vertex 5.9367 61.4087 20.5806
      vertex 6.23832 61.1611 20.196
      vertex 5.89421 61.3451 20.196
    endloop
  endfacet
  facet normal 0.435903 0.815353 -0.381036
    outer loop
      vertex 6.02006 61.5334 20.9428
      vertex 6.26759 61.2318 20.5806
      vertex 5.9367 61.4087 20.5806
    endloop
  endfacet
  facet normal 0.435824 0.815365 -0.3811
    outer loop
      vertex 6.32501 61.3704 20.9428
      vertex 6.26759 61.2318 20.5806
      vertex 6.02006 61.5334 20.9428
    endloop
  endfacet
  facet normal 0.758282 0.62234 -0.194167
    outer loop
      vertex 5.64668 61.6467 20.5806
      vertex 5.5926 61.5926 20.196
      vertex 5.40867 61.9367 20.5806
    endloop
  endfacet
  facet normal 0.622298 0.758315 -0.194172
    outer loop
      vertex 5.64668 61.6467 20.5806
      vertex 5.9367 61.4087 20.5806
      vertex 5.5926 61.5926 20.196
    endloop
  endfacet
  facet normal 0.643724 0.528249 -0.55369
    outer loop
      vertex 5.71453 62.1411 21.2688
      vertex 5.75277 61.7528 20.9428
      vertex 5.53342 62.0201 20.9428
    endloop
  endfacet
  facet normal 0.734365 0.392593 -0.553695
    outer loop
      vertex 5.71453 62.1411 21.2688
      vertex 5.53342 62.0201 20.9428
      vertex 5.37042 62.325 20.9428
    endloop
  endfacet
  facet normal 0.262678 0.49158 -0.830271
    outer loop
      vertex 6.63921 62.129 21.7638
      vertex 6.51446 61.8278 21.546
      vertex 6.47621 62.2161 21.7638
    endloop
  endfacet
  facet normal 0.187582 0.0568863 -0.9806
    outer loop
      vertex 6.80773 62.9618 21.9904
      vertex 6.81889 62.925 21.9904
      vertex 6.46362 62.7778 21.9139
    endloop
  endfacet
  facet normal 0.625079 0.3341 -0.705446
    outer loop
      vertex 5.82779 62.5145 21.546
      vertex 5.71453 62.1411 21.2688
      vertex 5.57166 62.4084 21.2688
    endloop
  endfacet
  facet normal 0.528326 0.643662 -0.553688
    outer loop
      vertex 5.9068 61.9068 21.2688
      vertex 6.14108 61.7145 21.2688
      vertex 5.75277 61.7528 20.9428
    endloop
  endfacet
  facet normal 0.0376474 0.382568 -0.92316
    outer loop
      vertex 7 62.4194 21.9139
      vertex 7 62.0572 21.7638
      vertex 6.81607 62.0753 21.7638
    endloop
  endfacet
  facet normal 0.0695297 0.705356 -0.705435
    outer loop
      vertex 6.75247 61.7556 21.546
      vertex 7 61.7312 21.546
      vertex 6.69839 61.4837 21.2688
    endloop
  endfacet
  facet normal 0.297141 0.243805 -0.923183
    outer loop
      vertex 6.58947 62.5895 21.9139
      vertex 6.33334 62.3333 21.7638
      vertex 6.21609 62.4762 21.7638
    endloop
  endfacet
  facet normal 0.35348 0.430902 -0.830286
    outer loop
      vertex 6.33334 62.3333 21.7638
      vertex 6.47621 62.2161 21.7638
      vertex 6.2951 61.945 21.546
    endloop
  endfacet
  facet normal 0.334009 0.625156 -0.70542
    outer loop
      vertex 6.2951 61.945 21.546
      vertex 6.51446 61.8278 21.546
      vertex 6.14108 61.7145 21.2688
    endloop
  endfacet
  facet normal 0.262643 0.491582 -0.830281
    outer loop
      vertex 6.47621 62.2161 21.7638
      vertex 6.51446 61.8278 21.546
      vertex 6.2951 61.945 21.546
    endloop
  endfacet
  facet normal 0.62512 0.334071 -0.705423
    outer loop
      vertex 5.82779 62.5145 21.546
      vertex 5.94504 62.2951 21.546
      vertex 5.71453 62.1411 21.2688
    endloop
  endfacet
  facet normal 0.430905 0.353575 -0.830244
    outer loop
      vertex 6.33334 62.3333 21.7638
      vertex 6.10283 62.1028 21.546
      vertex 5.94504 62.2951 21.546
    endloop
  endfacet
  facet normal 0.97625 0.0961347 -0.194151
    outer loop
      vertex 5.08612 63 20.5806
      vertex 5.12289 62.6266 20.5806
      vertex 5.04787 62.6117 20.196
    endloop
  endfacet
  facet normal 0.920064 0.090602 -0.381147
    outer loop
      vertex 5.27005 62.6559 20.9428
      vertex 5.12289 62.6266 20.5806
      vertex 5.08612 63 20.5806
    endloop
  endfacet
  facet normal 0.920068 -0.0906164 -0.381135
    outer loop
      vertex 5.27005 63.3441 20.9428
      vertex 5.23616 63 20.9428
      vertex 5.08612 63 20.5806
    endloop
  endfacet
  facet normal 0.920068 0.0906164 -0.381135
    outer loop
      vertex 5.23616 63 20.9428
      vertex 5.27005 62.6559 20.9428
      vertex 5.08612 63 20.5806
    endloop
  endfacet
  facet normal 0.705361 -0.0694603 -0.705437
    outer loop
      vertex 5.48368 63.3016 21.2688
      vertex 5.73121 63 21.546
      vertex 5.45398 63 21.2688
    endloop
  endfacet
  facet normal 0.705361 0.0694603 -0.705437
    outer loop
      vertex 5.73121 63 21.546
      vertex 5.48368 62.6984 21.2688
      vertex 5.45398 63 21.2688
    endloop
  endfacet
  facet normal 0.625079 -0.3341 -0.705446
    outer loop
      vertex 5.71453 63.8589 21.2688
      vertex 5.82779 63.4855 21.546
      vertex 5.57166 63.5916 21.2688
    endloop
  endfacet
  facet normal 0.796833 -0.241743 -0.55373
    outer loop
      vertex 5.57166 63.5916 21.2688
      vertex 5.48368 63.3016 21.2688
      vertex 5.37042 63.675 20.9428
    endloop
  endfacet
  facet normal 0.554695 -0.0546249 -0.830259
    outer loop
      vertex 6.07532 63.1839 21.7638
      vertex 6.05721 63 21.7638
      vertex 5.73121 63 21.546
    endloop
  endfacet
  facet normal 0.38255 -0.0376725 -0.923166
    outer loop
      vertex 6.07532 63.1839 21.7638
      vertex 6.41943 63 21.9139
      vertex 6.05721 63 21.7638
    endloop
  endfacet
  facet normal 0.35348 -0.430902 -0.830286
    outer loop
      vertex 6.47621 63.7839 21.7638
      vertex 6.33334 63.6667 21.7638
      vertex 6.2951 64.055 21.546
    endloop
  endfacet
  facet normal 0.435841 -0.815398 -0.38101
    outer loop
      vertex 6.02006 64.4666 20.9428
      vertex 6.29289 64.7071 20.7402
      vertex 6.32501 64.6296 20.9428
    endloop
  endfacet
  facet normal 0.436119 -0.815415 -0.380657
    outer loop
      vertex 6.19763 64.6829 20.6829
      vertex 6.29289 64.7071 20.7402
      vertex 6.02006 64.4666 20.9428
    endloop
  endfacet
  facet normal 0.43576 -0.815999 -0.379813
    outer loop
      vertex 6.29289 64.7071 20.7402
      vertex 6.19763 64.6829 20.6829
      vertex 6.28517 64.7148 20.7148
    endloop
  endfacet
  facet normal 0.586577 -0.714613 -0.381125
    outer loop
      vertex 5.75277 64.2472 20.9428
      vertex 5.93855 64.5886 20.5886
      vertex 6.02006 64.4666 20.9428
    endloop
  endfacet
  facet normal 0.5881 -0.714066 -0.3798
    outer loop
      vertex 5.93855 64.5886 20.5886
      vertex 5.75277 64.2472 20.9428
      vertex 5.9339 64.5861 20.5861
    endloop
  endfacet
  facet normal 0.435547 -0.815503 -0.38112
    outer loop
      vertex 6.19763 64.6829 20.6829
      vertex 6.02006 64.4666 20.9428
      vertex 5.93855 64.5886 20.5886
    endloop
  endfacet
  facet normal 0.634355 -0.773042 -0.000199552
    outer loop
      vertex 5.80397 64.5809 19.804
      vertex 5.89421 64.6549 20
      vertex 5.5926 64.4074 20
    endloop
  endfacet
  facet normal 0.634466 -0.772951 0
    outer loop
      vertex 5.80397 64.5809 19.804
      vertex 5.5926 64.4074 20
      vertex 5.5926 64.4074 19.804
    endloop
  endfacet
  facet normal 0.634096 -0.773254 0
    outer loop
      vertex 5.89421 64.6549 20
      vertex 5.80397 64.5809 19.804
      vertex 5.89421 64.6549 19.8942
    endloop
  endfacet
  facet normal 0.622425 -0.758283 0.193891
    outer loop
      vertex 5.69242 64.4608 19.6924
      vertex 5.80397 64.5809 19.804
      vertex 5.5926 64.4074 19.804
    endloop
  endfacet
  facet normal 0.622727 -0.757922 0.194334
    outer loop
      vertex 5.61866 64.3813 19.6187
      vertex 5.69242 64.4608 19.6924
      vertex 5.5926 64.4074 19.804
    endloop
  endfacet
  facet normal 0.757976 -0.622748 -0.194056
    outer loop
      vertex 5.64668 64.3533 20.5806
      vertex 5.53924 64.3076 20.3076
      vertex 5.61866 64.3813 20.3813
    endloop
  endfacet
  facet normal 0.758271 -0.622331 -0.194242
    outer loop
      vertex 5.53924 64.3076 20.3076
      vertex 5.64668 64.3533 20.5806
      vertex 5.40867 64.0633 20.5806
    endloop
  endfacet
  facet normal 0.865132 -0.462435 -0.194165
    outer loop
      vertex 5.34507 64.1058 20.196
      vertex 5.40867 64.0633 20.5806
      vertex 5.16114 63.7617 20.196
    endloop
  endfacet
  facet normal 0.643724 -0.528249 -0.55369
    outer loop
      vertex 5.75277 64.2472 20.9428
      vertex 5.9068 64.0932 21.2688
      vertex 5.71453 63.8589 21.2688
    endloop
  endfacet
  facet normal 0.187578 -0.0568936 -0.980601
    outer loop
      vertex 6.46362 63.2222 21.9139
      vertex 6.80773 63.0382 21.9904
      vertex 6.43059 63.1133 21.9139
    endloop
  endfacet
  facet normal 0.297145 -0.243794 -0.923184
    outer loop
      vertex 6.58947 63.4105 21.9139
      vertex 6.51727 63.3225 21.9139
      vertex 6.21609 63.5238 21.7638
    endloop
  endfacet
  facet normal 0.920015 -0.0906611 0.381252
    outer loop
      vertex 5.12289 63.3734 19.4194
      vertex 5.19837 63.21 19.1984
      vertex 5.20856 63.3563 19.2086
    endloop
  endfacet
  facet normal 0.920037 -0.0905992 0.381214
    outer loop
      vertex 5.19837 63.21 19.1984
      vertex 5.12289 63.3734 19.4194
      vertex 5.08612 63 19.4194
    endloop
  endfacet
  facet normal 0.995186 -0.0980064 0
    outer loop
      vertex 5.00963 63 20.196
      vertex 5.04787 63.3883 19.804
      vertex 5.04787 63.3883 20.196
    endloop
  endfacet
  facet normal 0.995186 -0.0980064 0
    outer loop
      vertex 5.04787 63.3883 19.804
      vertex 5.00963 63 20.196
      vertex 5.00963 63 19.804
    endloop
  endfacet
  facet normal 0.976248 -0.0961414 0.194158
    outer loop
      vertex 5.08612 63 19.4194
      vertex 5.04787 63.3883 19.804
      vertex 5.00963 63 19.804
    endloop
  endfacet
  facet normal 0.815288 0.435992 0.381074
    outer loop
      vertex 5.31705 62.1976 19.3171
      vertex 5.28373 62.2891 19.2837
      vertex 5.2318 62.2676 19.4194
    endloop
  endfacet
  facet normal 0.884686 0.268388 0.381181
    outer loop
      vertex 5.2318 62.2676 19.4194
      vertex 5.24327 62.4799 19.2433
      vertex 5.12289 62.6266 19.4194
    endloop
  endfacet
  facet normal 0.88475 0.268307 0.381088
    outer loop
      vertex 5.24327 62.4799 19.2433
      vertex 5.2318 62.2676 19.4194
      vertex 5.28373 62.2891 19.2837
    endloop
  endfacet
  facet normal 0.714208 0.586632 0.381797
    outer loop
      vertex 5.41943 61.9236 19.4194
      vertex 5.41391 61.9339 19.4139
      vertex 5.40867 61.9367 19.4194
    endloop
  endfacet
  facet normal 0.758283 0.62234 0.194166
    outer loop
      vertex 5.5926 61.5926 19.804
      vertex 5.40867 61.9367 19.4194
      vertex 5.34507 61.8942 19.804
    endloop
  endfacet
  facet normal 0.772994 0.634414 0
    outer loop
      vertex 5.5926 61.5926 20.196
      vertex 5.34507 61.8942 19.804
      vertex 5.34507 61.8942 20.196
    endloop
  endfacet
  facet normal 0.772994 0.634414 0
    outer loop
      vertex 5.34507 61.8942 19.804
      vertex 5.5926 61.5926 20.196
      vertex 5.5926 61.5926 19.804
    endloop
  endfacet
  facet normal 0.284617 0.938783 -0.194111
    outer loop
      vertex 6.62662 61.1229 20.5806
      vertex 6.6117 61.0479 20.196
      vertex 6.23832 61.1611 20.196
    endloop
  endfacet
  facet normal 0.268355 0.884733 -0.381096
    outer loop
      vertex 6.32501 61.3704 20.9428
      vertex 6.62662 61.1229 20.5806
      vertex 6.26759 61.2318 20.5806
    endloop
  endfacet
  facet normal 0.392543 0.734393 -0.553694
    outer loop
      vertex 6.14108 61.7145 21.2688
      vertex 6.32501 61.3704 20.9428
      vertex 6.02006 61.5334 20.9428
    endloop
  endfacet
  facet normal 0.622284 0.758332 -0.194152
    outer loop
      vertex 5.9367 61.4087 20.5806
      vertex 5.89421 61.3451 20.196
      vertex 5.5926 61.5926 20.196
    endloop
  endfacet
  facet normal 0.0906766 0.920023 -0.38123
    outer loop
      vertex 6.65589 61.2701 20.9428
      vertex 7 61.0861 20.5806
      vertex 6.62662 61.1229 20.5806
    endloop
  endfacet
  facet normal 0.090635 0.920012 -0.381264
    outer loop
      vertex 7 61.2362 20.9428
      vertex 7 61.0861 20.5806
      vertex 6.65589 61.2701 20.9428
    endloop
  endfacet
  facet normal 0.205798 0.678267 -0.705409
    outer loop
      vertex 6.51446 61.8278 21.546
      vertex 6.69839 61.4837 21.2688
      vertex 6.40836 61.5717 21.2688
    endloop
  endfacet
  facet normal 0.334006 0.625161 -0.705418
    outer loop
      vertex 6.51446 61.8278 21.546
      vertex 6.40836 61.5717 21.2688
      vertex 6.14108 61.7145 21.2688
    endloop
  endfacet
  facet normal 0.528331 0.643653 -0.553694
    outer loop
      vertex 6.14108 61.7145 21.2688
      vertex 6.02006 61.5334 20.9428
      vertex 5.75277 61.7528 20.9428
    endloop
  endfacet
  facet normal 0.586598 0.714639 -0.381044
    outer loop
      vertex 6.02006 61.5334 20.9428
      vertex 5.9367 61.4087 20.5806
      vertex 5.75277 61.7528 20.9428
    endloop
  endfacet
  facet normal 0.11169 0.36785 -0.923153
    outer loop
      vertex 6.77783 62.4636 21.9139
      vertex 6.81607 62.0753 21.7638
      vertex 6.63921 62.129 21.7638
    endloop
  endfacet
  facet normal 0.243843 0.297137 -0.923174
    outer loop
      vertex 6.58947 62.5895 21.9139
      vertex 6.67745 62.5173 21.9139
      vertex 6.47621 62.2161 21.7638
    endloop
  endfacet
  facet normal 0.0568492 0.187619 -0.980595
    outer loop
      vertex 6.96175 62.8077 21.9904
      vertex 6.88674 62.4306 21.9139
      vertex 6.77783 62.4636 21.9139
    endloop
  endfacet
  facet normal 0.0571069 0.187484 -0.980606
    outer loop
      vertex 6.92498 62.8189 21.9904
      vertex 6.96175 62.8077 21.9904
      vertex 6.77783 62.4636 21.9139
    endloop
  endfacet
  facet normal 0.0923383 0.172892 -0.980603
    outer loop
      vertex 6.89109 62.837 21.9904
      vertex 6.92498 62.8189 21.9904
      vertex 6.77783 62.4636 21.9139
    endloop
  endfacet
  facet normal 0.124408 0.151482 -0.9806
    outer loop
      vertex 6.86138 62.8614 21.9904
      vertex 6.89109 62.837 21.9904
      vertex 6.58947 62.5895 21.9139
    endloop
  endfacet
  facet normal 0.151515 0.124375 -0.980599
    outer loop
      vertex 6.837 62.8911 21.9904
      vertex 6.86138 62.8614 21.9904
      vertex 6.58947 62.5895 21.9139
    endloop
  endfacet
  facet normal 0.297145 0.243794 -0.923184
    outer loop
      vertex 6.51727 62.6775 21.9139
      vertex 6.58947 62.5895 21.9139
      vertex 6.21609 62.4762 21.7638
    endloop
  endfacet
  facet normal 0.338922 0.181288 -0.923183
    outer loop
      vertex 6.46362 62.7778 21.9139
      vertex 6.51727 62.6775 21.9139
      vertex 6.21609 62.4762 21.7638
    endloop
  endfacet
  facet normal 0.449674 0.547902 -0.705405
    outer loop
      vertex 6.10283 62.1028 21.546
      vertex 6.2951 61.945 21.546
      vertex 5.9068 61.9068 21.2688
    endloop
  endfacet
  facet normal 0.449692 0.547862 -0.705425
    outer loop
      vertex 6.2951 61.945 21.546
      vertex 6.14108 61.7145 21.2688
      vertex 5.9068 61.9068 21.2688
    endloop
  endfacet
  facet normal 0.81534 0.435809 -0.381171
    outer loop
      vertex 5.53342 62.0201 20.9428
      vertex 5.40867 61.9367 20.5806
      vertex 5.2318 62.2676 20.5806
    endloop
  endfacet
  facet normal 0.714669 0.586467 -0.381188
    outer loop
      vertex 5.53342 62.0201 20.9428
      vertex 5.75277 61.7528 20.9428
      vertex 5.40867 61.9367 20.5806
    endloop
  endfacet
  facet normal 0.491601 -0.26275 -0.830235
    outer loop
      vertex 6.21609 63.5238 21.7638
      vertex 6.12897 63.3608 21.7638
      vertex 5.82779 63.4855 21.546
    endloop
  endfacet
  facet normal 0.449674 -0.547902 -0.705405
    outer loop
      vertex 6.2951 64.055 21.546
      vertex 6.10283 63.8972 21.546
      vertex 5.9068 64.0932 21.2688
    endloop
  endfacet
  facet normal 0.586578 -0.714603 -0.381141
    outer loop
      vertex 5.92359 64.5806 20.5806
      vertex 5.75277 64.2472 20.9428
      vertex 5.64668 64.3533 20.5806
    endloop
  endfacet
  facet normal 0.585336 -0.715076 -0.382163
    outer loop
      vertex 5.75277 64.2472 20.9428
      vertex 5.92359 64.5806 20.5806
      vertex 5.9339 64.5861 20.5861
    endloop
  endfacet
  facet normal 0.758257 -0.622578 -0.1935
    outer loop
      vertex 5.53924 64.3076 20.3076
      vertex 5.34507 64.1058 20.196
      vertex 5.41913 64.196 20.196
    endloop
  endfacet
  facet normal 0.758331 -0.62228 -0.194167
    outer loop
      vertex 5.34507 64.1058 20.196
      vertex 5.53924 64.3076 20.3076
      vertex 5.40867 64.0633 20.5806
    endloop
  endfacet
  facet normal 0.547917 -0.449629 -0.705423
    outer loop
      vertex 5.9068 64.0932 21.2688
      vertex 5.94504 63.7049 21.546
      vertex 5.71453 63.8589 21.2688
    endloop
  endfacet
  facet normal 0.430909 -0.353562 -0.830248
    outer loop
      vertex 6.33334 63.6667 21.7638
      vertex 6.21609 63.5238 21.7638
      vertex 5.94504 63.7049 21.546
    endloop
  endfacet
  facet normal 0.816755 -0.43531 0.378704
    outer loop
      vertex 5.40867 64.0633 19.4194
      vertex 5.31705 63.8024 19.3171
      vertex 5.41142 64.0615 19.4114
    endloop
  endfacet
  facet normal 0.815318 -0.435797 0.381232
    outer loop
      vertex 5.31705 63.8024 19.3171
      vertex 5.40867 64.0633 19.4194
      vertex 5.2318 63.7324 19.4194
    endloop
  endfacet
  facet normal 0.865132 -0.462435 0.194165
    outer loop
      vertex 5.40867 64.0633 19.4194
      vertex 5.34507 64.1058 19.804
      vertex 5.16114 63.7617 19.804
    endloop
  endfacet
  facet normal 0.758283 -0.62234 0.194166
    outer loop
      vertex 5.40867 64.0633 19.4194
      vertex 5.5926 64.4074 19.804
      vertex 5.34507 64.1058 19.804
    endloop
  endfacet
  facet normal 0.88468 -0.268243 0.381297
    outer loop
      vertex 5.20856 63.3563 19.2086
      vertex 5.24327 63.5201 19.2433
      vertex 5.12289 63.3734 19.4194
    endloop
  endfacet
  facet normal 0.88475 -0.268307 0.381088
    outer loop
      vertex 5.2318 63.7324 19.4194
      vertex 5.24327 63.5201 19.2433
      vertex 5.28373 63.7109 19.2837
    endloop
  endfacet
  facet normal 0.884686 -0.268388 0.381181
    outer loop
      vertex 5.24327 63.5201 19.2433
      vertex 5.2318 63.7324 19.4194
      vertex 5.12289 63.3734 19.4194
    endloop
  endfacet
  facet normal 0.73437 -0.392516 -0.553744
    outer loop
      vertex 5.71453 63.8589 21.2688
      vertex 5.57166 63.5916 21.2688
      vertex 5.37042 63.675 20.9428
    endloop
  endfacet
  facet normal 0.734365 -0.392593 -0.553695
    outer loop
      vertex 5.53342 63.9799 20.9428
      vertex 5.71453 63.8589 21.2688
      vertex 5.37042 63.675 20.9428
    endloop
  endfacet
  facet normal 0.81534 -0.435809 -0.381171
    outer loop
      vertex 5.40867 64.0633 20.5806
      vertex 5.53342 63.9799 20.9428
      vertex 5.2318 63.7324 20.5806
    endloop
  endfacet
  facet normal 0.714669 -0.586467 -0.381188
    outer loop
      vertex 5.75277 64.2472 20.9428
      vertex 5.53342 63.9799 20.9428
      vertex 5.40867 64.0633 20.5806
    endloop
  endfacet
  facet normal 0.0923383 -0.172892 -0.980603
    outer loop
      vertex 6.92498 63.1811 21.9904
      vertex 6.89109 63.163 21.9904
      vertex 6.77783 63.5364 21.9139
    endloop
  endfacet
  facet normal 0.262678 -0.49158 -0.830271
    outer loop
      vertex 6.51446 64.1722 21.546
      vertex 6.63921 63.871 21.7638
      vertex 6.47621 63.7839 21.7638
    endloop
  endfacet
  facet normal 0.11169 -0.36785 -0.923153
    outer loop
      vertex 6.81607 63.9247 21.7638
      vertex 6.77783 63.5364 21.9139
      vertex 6.63921 63.871 21.7638
    endloop
  endfacet
  facet normal 0.195079 -0.0192015 -0.980599
    outer loop
      vertex 6.80773 63.0382 21.9904
      vertex 6.80397 63 21.9904
      vertex 6.41943 63 21.9139
    endloop
  endfacet
  facet normal 0.24377 -0.297163 -0.923185
    outer loop
      vertex 6.47621 63.7839 21.7638
      vertex 6.58947 63.4105 21.9139
      vertex 6.33334 63.6667 21.7638
    endloop
  endfacet
  facet normal 0.151553 -0.124343 -0.980597
    outer loop
      vertex 6.58947 63.4105 21.9139
      vertex 6.837 63.1089 21.9904
      vertex 6.51727 63.3225 21.9139
    endloop
  endfacet
  facet normal 0.976248 0.0961414 -0.194158
    outer loop
      vertex 5.08612 63 20.5806
      vertex 5.04787 62.6117 20.196
      vertex 5.00963 63 20.196
    endloop
  endfacet
  facet normal 0.976248 -0.0961414 -0.194158
    outer loop
      vertex 5.04787 63.3883 20.196
      vertex 5.08612 63 20.5806
      vertex 5.00963 63 20.196
    endloop
  endfacet
  facet normal 0.920037 0.0905992 0.381214
    outer loop
      vertex 5.12289 62.6266 19.4194
      vertex 5.19837 62.79 19.1984
      vertex 5.08612 63 19.4194
    endloop
  endfacet
  facet normal 0.920015 0.0906611 0.381252
    outer loop
      vertex 5.19837 62.79 19.1984
      vertex 5.12289 62.6266 19.4194
      vertex 5.20856 62.6437 19.2086
    endloop
  endfacet
  facet normal 0.88468 0.268243 0.381297
    outer loop
      vertex 5.24327 62.4799 19.2433
      vertex 5.20856 62.6437 19.2086
      vertex 5.12289 62.6266 19.4194
    endloop
  endfacet
  facet normal 0.865132 0.462435 0.194165
    outer loop
      vertex 5.34507 61.8942 19.804
      vertex 5.40867 61.9367 19.4194
      vertex 5.16114 62.2383 19.804
    endloop
  endfacet
  facet normal 0.0924697 0.172851 -0.980598
    outer loop
      vertex 6.89109 62.837 21.9904
      vertex 6.77783 62.4636 21.9139
      vertex 6.67745 62.5173 21.9139
    endloop
  endfacet
  facet normal 0.18131 0.338919 -0.92318
    outer loop
      vertex 6.67745 62.5173 21.9139
      vertex 6.77783 62.4636 21.9139
      vertex 6.47621 62.2161 21.7638
    endloop
  endfacet
  facet normal 0.0545859 0.554696 -0.830261
    outer loop
      vertex 7 62.0572 21.7638
      vertex 7 61.7312 21.546
      vertex 6.81607 62.0753 21.7638
    endloop
  endfacet
  facet normal 0.161811 0.533416 -0.830231
    outer loop
      vertex 6.81607 62.0753 21.7638
      vertex 6.75247 61.7556 21.546
      vertex 6.51446 61.8278 21.546
    endloop
  endfacet
  facet normal 0.205749 0.678259 -0.705431
    outer loop
      vertex 6.75247 61.7556 21.546
      vertex 6.69839 61.4837 21.2688
      vertex 6.51446 61.8278 21.546
    endloop
  endfacet
  facet normal 0.0694617 0.705399 -0.705399
    outer loop
      vertex 7 61.7312 21.546
      vertex 7 61.454 21.2688
      vertex 6.69839 61.4837 21.2688
    endloop
  endfacet
  facet normal 0.081606 0.828727 -0.553671
    outer loop
      vertex 7 61.454 21.2688
      vertex 7 61.2362 20.9428
      vertex 6.69839 61.4837 21.2688
    endloop
  endfacet
  facet normal 0.430909 0.353562 -0.830248
    outer loop
      vertex 6.21609 62.4762 21.7638
      vertex 6.33334 62.3333 21.7638
      vertex 5.94504 62.2951 21.546
    endloop
  endfacet
  facet normal 0.491603 0.262718 -0.830244
    outer loop
      vertex 6.21609 62.4762 21.7638
      vertex 5.94504 62.2951 21.546
      vertex 5.82779 62.5145 21.546
    endloop
  endfacet
  facet normal 0.643724 0.528249 -0.55369
    outer loop
      vertex 5.9068 61.9068 21.2688
      vertex 5.75277 61.7528 20.9428
      vertex 5.71453 62.1411 21.2688
    endloop
  endfacet
  facet normal 0.547917 0.449629 -0.705423
    outer loop
      vertex 5.94504 62.2951 21.546
      vertex 5.9068 61.9068 21.2688
      vertex 5.71453 62.1411 21.2688
    endloop
  endfacet
  facet normal 0.547949 -0.449614 -0.705407
    outer loop
      vertex 6.10283 63.8972 21.546
      vertex 5.94504 63.7049 21.546
      vertex 5.9068 64.0932 21.2688
    endloop
  endfacet
  facet normal 0.62512 -0.334071 -0.705423
    outer loop
      vertex 5.94504 63.7049 21.546
      vertex 5.82779 63.4855 21.546
      vertex 5.71453 63.8589 21.2688
    endloop
  endfacet
  facet normal 0.240415 -0.79772 -0.553032
    outer loop
      vertex 6.35985 64.6401 20.9428
      vertex 6.3902 64.6098 20.9997
      vertex 6.32501 64.6296 20.9428
    endloop
  endfacet
  facet normal 0.205806 -0.678264 -0.705409
    outer loop
      vertex 6.40836 64.4283 21.2688
      vertex 6.6236 64.3764 21.3815
      vertex 6.51446 64.1722 21.546
    endloop
  endfacet
  facet normal 0.205733 -0.678377 -0.705321
    outer loop
      vertex 6.6236 64.3764 21.3815
      vertex 6.40836 64.4283 21.2688
      vertex 6.53366 64.4663 21.2688
    endloop
  endfacet
  facet normal 0.392371 -0.734403 -0.553802
    outer loop
      vertex 6.32501 64.6296 20.9428
      vertex 6.40836 64.4283 21.2688
      vertex 6.14108 64.2855 21.2688
    endloop
  endfacet
  facet normal 0.528326 -0.643662 -0.553688
    outer loop
      vertex 6.14108 64.2855 21.2688
      vertex 5.9068 64.0932 21.2688
      vertex 5.75277 64.2472 20.9428
    endloop
  endfacet
  facet normal 0.714208 -0.586632 0.381797
    outer loop
      vertex 5.41391 64.0661 19.4139
      vertex 5.41943 64.0764 19.4194
      vertex 5.40867 64.0633 19.4194
    endloop
  endfacet
  facet normal 0.758182 -0.622421 0.194298
    outer loop
      vertex 5.5926 64.4074 19.804
      vertex 5.41943 64.0764 19.4194
      vertex 5.61866 64.3813 19.6187
    endloop
  endfacet
  facet normal 0.757985 -0.622589 0.194531
    outer loop
      vertex 5.41943 64.0764 19.4194
      vertex 5.5926 64.4074 19.804
      vertex 5.40867 64.0633 19.4194
    endloop
  endfacet
  facet normal 0.920079 -0.0907737 0.38107
    outer loop
      vertex 5.18374 63 19.1837
      vertex 5.19837 63.21 19.1984
      vertex 5.08612 63 19.4194
    endloop
  endfacet
  facet normal 0.054571 -0.554543 -0.830364
    outer loop
      vertex 6.81607 63.9247 21.7638
      vertex 7 64 21.7256
      vertex 7 63.9428 21.7638
    endloop
  endfacet
  facet normal 0.0546604 -0.554704 -0.83025
    outer loop
      vertex 7 64 21.7256
      vertex 6.81607 63.9247 21.7638
      vertex 6.90637 64.0936 21.6569
    endloop
  endfacet
  facet normal 0.161929 -0.533311 -0.830276
    outer loop
      vertex 6.81607 63.9247 21.7638
      vertex 6.63921 63.871 21.7638
      vertex 6.51446 64.1722 21.546
    endloop
  endfacet
  facet normal 0.0376474 -0.382568 -0.92316
    outer loop
      vertex 7 63.9428 21.7638
      vertex 7 63.5806 21.9139
      vertex 6.81607 63.9247 21.7638
    endloop
  endfacet
  facet normal 0.0378231 -0.382486 -0.923187
    outer loop
      vertex 7 63.5806 21.9139
      vertex 6.88674 63.5694 21.9139
      vertex 6.81607 63.9247 21.7638
    endloop
  endfacet
  facet normal 0.0571069 -0.187484 -0.980606
    outer loop
      vertex 6.96175 63.1923 21.9904
      vertex 6.92498 63.1811 21.9904
      vertex 6.77783 63.5364 21.9139
    endloop
  endfacet
  facet normal 0.12436 -0.15154 -0.980597
    outer loop
      vertex 6.67745 63.4827 21.9139
      vertex 6.89109 63.163 21.9904
      vertex 6.58947 63.4105 21.9139
    endloop
  endfacet
  facet normal 0.0924697 -0.172851 -0.980598
    outer loop
      vertex 6.77783 63.5364 21.9139
      vertex 6.89109 63.163 21.9904
      vertex 6.67745 63.4827 21.9139
    endloop
  endfacet
  facet normal 0.172854 -0.0924587 -0.980598
    outer loop
      vertex 6.51727 63.3225 21.9139
      vertex 6.837 63.1089 21.9904
      vertex 6.46362 63.2222 21.9139
    endloop
  endfacet
  facet normal 0.172885 -0.0923584 -0.980602
    outer loop
      vertex 6.837 63.1089 21.9904
      vertex 6.81889 63.075 21.9904
      vertex 6.46362 63.2222 21.9139
    endloop
  endfacet
  facet normal 0.195079 0.0192015 -0.980599
    outer loop
      vertex 6.80397 63 21.9904
      vertex 6.80773 62.9618 21.9904
      vertex 6.41943 63 21.9139
    endloop
  endfacet
  facet normal 0 0 -1
    outer loop
      vertex 6.96175 62.8077 21.9904
      vertex 7 63.196 21.9904
      vertex 7 62.804 21.9904
    endloop
  endfacet
  facet normal 0 0 -1
    outer loop
      vertex 6.96175 62.8077 21.9904
      vertex 6.96175 63.1923 21.9904
      vertex 7 63.196 21.9904
    endloop
  endfacet
  facet normal 0 0 -1
    outer loop
      vertex 6.92498 62.8189 21.9904
      vertex 6.96175 63.1923 21.9904
      vertex 6.96175 62.8077 21.9904
    endloop
  endfacet
  facet normal 0 0 -1
    outer loop
      vertex 6.92498 62.8189 21.9904
      vertex 6.92498 63.1811 21.9904
      vertex 6.96175 63.1923 21.9904
    endloop
  endfacet
  facet normal 0 0 -1
    outer loop
      vertex 6.89109 62.837 21.9904
      vertex 6.92498 63.1811 21.9904
      vertex 6.92498 62.8189 21.9904
    endloop
  endfacet
  facet normal 0 0 -1
    outer loop
      vertex 6.89109 62.837 21.9904
      vertex 6.89109 63.163 21.9904
      vertex 6.92498 63.1811 21.9904
    endloop
  endfacet
  facet normal 0 0 -1
    outer loop
      vertex 6.86138 62.8614 21.9904
      vertex 6.89109 63.163 21.9904
      vertex 6.89109 62.837 21.9904
    endloop
  endfacet
  facet normal 0 0 -1
    outer loop
      vertex 6.86138 62.8614 21.9904
      vertex 6.86138 63.1386 21.9904
      vertex 6.89109 63.163 21.9904
    endloop
  endfacet
  facet normal 0 0 -1
    outer loop
      vertex 6.837 62.8911 21.9904
      vertex 6.86138 63.1386 21.9904
      vertex 6.86138 62.8614 21.9904
    endloop
  endfacet
  facet normal 0 0 -1
    outer loop
      vertex 6.837 62.8911 21.9904
      vertex 6.837 63.1089 21.9904
      vertex 6.86138 63.1386 21.9904
    endloop
  endfacet
  facet normal 0 0 -1
    outer loop
      vertex 6.81889 62.925 21.9904
      vertex 6.837 63.1089 21.9904
      vertex 6.837 62.8911 21.9904
    endloop
  endfacet
  facet normal 0 0 -1
    outer loop
      vertex 6.81889 62.925 21.9904
      vertex 6.81889 63.075 21.9904
      vertex 6.837 63.1089 21.9904
    endloop
  endfacet
  facet normal 0 0 -1
    outer loop
      vertex 6.80773 62.9618 21.9904
      vertex 6.81889 63.075 21.9904
      vertex 6.81889 62.925 21.9904
    endloop
  endfacet
  facet normal 0 0 -1
    outer loop
      vertex 6.80773 62.9618 21.9904
      vertex 6.80773 63.0382 21.9904
      vertex 6.81889 63.075 21.9904
    endloop
  endfacet
  facet normal 0 -0 -1
    outer loop
      vertex 6.80773 63.0382 21.9904
      vertex 6.80773 62.9618 21.9904
      vertex 6.80397 63 21.9904
    endloop
  endfacet
  facet normal 0.111456 0.36784 -0.923185
    outer loop
      vertex 6.88674 62.4306 21.9139
      vertex 6.81607 62.0753 21.7638
      vertex 6.77783 62.4636 21.9139
    endloop
  endfacet
  facet normal 0.0188677 0.195051 -0.980612
    outer loop
      vertex 7 62.804 21.9904
      vertex 7 62.4194 21.9139
      vertex 6.96175 62.8077 21.9904
    endloop
  endfacet
  facet normal 0.0378231 0.382486 -0.923187
    outer loop
      vertex 6.88674 62.4306 21.9139
      vertex 7 62.4194 21.9139
      vertex 6.81607 62.0753 21.7638
    endloop
  endfacet
  facet normal 0.019292 0.19509 -0.980596
    outer loop
      vertex 6.96175 62.8077 21.9904
      vertex 7 62.4194 21.9139
      vertex 6.88674 62.4306 21.9139
    endloop
  endfacet
  facet normal 0.430905 -0.353575 -0.830244
    outer loop
      vertex 6.10283 63.8972 21.546
      vertex 6.33334 63.6667 21.7638
      vertex 5.94504 63.7049 21.546
    endloop
  endfacet
  facet normal 0.35362 -0.430865 -0.830246
    outer loop
      vertex 6.2951 64.055 21.546
      vertex 6.33334 63.6667 21.7638
      vertex 6.10283 63.8972 21.546
    endloop
  endfacet
  facet normal 0.18118 -0.339062 -0.923153
    outer loop
      vertex 6.63921 63.871 21.7638
      vertex 6.77783 63.5364 21.9139
      vertex 6.47621 63.7839 21.7638
    endloop
  endfacet
  facet normal 0.161811 -0.533416 -0.830231
    outer loop
      vertex 6.75247 64.2444 21.546
      vertex 6.81607 63.9247 21.7638
      vertex 6.51446 64.1722 21.546
    endloop
  endfacet
  facet normal 0.392543 -0.734393 -0.553694
    outer loop
      vertex 6.32501 64.6296 20.9428
      vertex 6.14108 64.2855 21.2688
      vertex 6.02006 64.4666 20.9428
    endloop
  endfacet
  facet normal 0.528331 -0.643653 -0.553694
    outer loop
      vertex 6.02006 64.4666 20.9428
      vertex 6.14108 64.2855 21.2688
      vertex 5.75277 64.2472 20.9428
    endloop
  endfacet
  facet normal 0.449692 -0.547862 -0.705425
    outer loop
      vertex 6.14108 64.2855 21.2688
      vertex 6.2951 64.055 21.546
      vertex 5.9068 64.0932 21.2688
    endloop
  endfacet
  facet normal 0.262643 -0.491582 -0.830281
    outer loop
      vertex 6.51446 64.1722 21.546
      vertex 6.47621 63.7839 21.7638
      vertex 6.2951 64.055 21.546
    endloop
  endfacet
  facet normal 0.019292 -0.19509 -0.980596
    outer loop
      vertex 7 63.5806 21.9139
      vertex 6.96175 63.1923 21.9904
      vertex 6.88674 63.5694 21.9139
    endloop
  endfacet
  facet normal 0.334009 -0.625156 -0.70542
    outer loop
      vertex 6.51446 64.1722 21.546
      vertex 6.2951 64.055 21.546
      vertex 6.14108 64.2855 21.2688
    endloop
  endfacet
  facet normal 0.334006 -0.625161 -0.705418
    outer loop
      vertex 6.40836 64.4283 21.2688
      vertex 6.51446 64.1722 21.546
      vertex 6.14108 64.2855 21.2688
    endloop
  endfacet
  facet normal 0.0746599 -0.70678 -0.703483
    outer loop
      vertex 6.75531 64.2447 21.546
      vertex 6.75247 64.2444 21.546
      vertex 6.7517 64.2483 21.542
    endloop
  endfacet
  facet normal 0.206406 -0.680426 -0.703148
    outer loop
      vertex 6.51446 64.1722 21.546
      vertex 6.7517 64.2483 21.542
      vertex 6.75247 64.2444 21.546
    endloop
  endfacet
  facet normal 0.205666 -0.67824 -0.705473
    outer loop
      vertex 6.7517 64.2483 21.542
      vertex 6.51446 64.1722 21.546
      vertex 6.6236 64.3764 21.3815
    endloop
  endfacet
  facet normal 0.0188677 -0.195051 -0.980612
    outer loop
      vertex 7 63.5806 21.9139
      vertex 7 63.196 21.9904
      vertex 6.96175 63.1923 21.9904
    endloop
  endfacet
  facet normal 0.111456 -0.36784 -0.923185
    outer loop
      vertex 6.81607 63.9247 21.7638
      vertex 6.88674 63.5694 21.9139
      vertex 6.77783 63.5364 21.9139
    endloop
  endfacet
  facet normal 0.0568492 -0.187619 -0.980595
    outer loop
      vertex 6.88674 63.5694 21.9139
      vertex 6.96175 63.1923 21.9904
      vertex 6.77783 63.5364 21.9139
    endloop
  endfacet
  facet normal 0.187582 -0.0568863 -0.9806
    outer loop
      vertex 6.81889 63.075 21.9904
      vertex 6.80773 63.0382 21.9904
      vertex 6.46362 63.2222 21.9139
    endloop
  endfacet
  facet normal 0.124408 -0.151482 -0.9806
    outer loop
      vertex 6.89109 63.163 21.9904
      vertex 6.86138 63.1386 21.9904
      vertex 6.58947 63.4105 21.9139
    endloop
  endfacet
  facet normal 0.151515 -0.124375 -0.980599
    outer loop
      vertex 6.86138 63.1386 21.9904
      vertex 6.837 63.1089 21.9904
      vertex 6.58947 63.4105 21.9139
    endloop
  endfacet
  facet normal -0.353438 -0.430941 -0.830284
    outer loop
      vertex 90.7049 64.055 21.546
      vertex 90.6667 63.6667 21.7638
      vertex 90.5238 63.7839 21.7638
    endloop
  endfacet
  facet normal -0.920021 -0.0906715 -0.381236
    outer loop
      vertex 91.8771 63.3734 20.5806
      vertex 91.9139 63 20.5806
      vertex 91.7299 63.3441 20.9428
    endloop
  endfacet
  facet normal -0.0546883 0.554728 -0.830233
    outer loop
      vertex 90.1839 62.0753 21.7638
      vertex 90.2475 61.7556 21.546
      vertex 90 61.7312 21.546
    endloop
  endfacet
  facet normal -0.333969 -0.625194 -0.705406
    outer loop
      vertex 90.8589 64.2855 21.2688
      vertex 90.7049 64.055 21.546
      vertex 90.4855 64.1722 21.546
    endloop
  endfacet
  facet normal -0.815343 -0.435885 -0.381077
    outer loop
      vertex 91.5913 64.0633 20.5806
      vertex 91.7682 63.7324 20.5806
      vertex 91.4666 63.9799 20.9428
    endloop
  endfacet
  facet normal -0.67825 0.205755 -0.705438
    outer loop
      vertex 91.2444 62.7525 21.546
      vertex 91.5163 62.6984 21.2688
      vertex 91.1722 62.5145 21.546
    endloop
  endfacet
  facet normal -0.268377 0.884731 -0.381084
    outer loop
      vertex 90.675 61.3704 20.9428
      vertex 90.7324 61.2318 20.5806
      vertex 90.3734 61.1229 20.5806
    endloop
  endfacet
  facet normal -0.392334 0.734391 -0.553845
    outer loop
      vertex 90.8589 61.7145 21.2688
      vertex 90.675 61.3704 20.9428
      vertex 90.5916 61.5717 21.2688
    endloop
  endfacet
  facet normal -0.938713 -0.284752 0.194254
    outer loop
      vertex 91.8771 63.3734 19.4194
      vertex 91.8389 63.7617 19.804
      vertex 91.7682 63.7324 19.4194
    endloop
  endfacet
  facet normal -0.528314 0.643703 -0.553652
    outer loop
      vertex 91.0932 61.9068 21.2688
      vertex 91.2472 61.7528 20.9428
      vertex 90.8589 61.7145 21.2688
    endloop
  endfacet
  facet normal -0.0378106 0.382495 -0.923184
    outer loop
      vertex 90.1133 62.4306 21.9139
      vertex 90.1839 62.0753 21.7638
      vertex 90 62.4194 21.9139
    endloop
  endfacet
  facet normal -0.67826 0.205817 -0.70541
    outer loop
      vertex 91.5163 62.6984 21.2688
      vertex 91.4283 62.4084 21.2688
      vertex 91.1722 62.5145 21.546
    endloop
  endfacet
  facet normal -0.0545798 -0.554543 -0.830363
    outer loop
      vertex 90 64 21.7256
      vertex 90.1839 63.9247 21.7638
      vertex 90 63.9428 21.7638
    endloop
  endfacet
  facet normal -0.0546716 -0.554708 -0.830247
    outer loop
      vertex 90.1839 63.9247 21.7638
      vertex 90 64 21.7256
      vertex 90.0936 64.0936 21.6569
    endloop
  endfacet
  facet normal -0.625194 0.333969 -0.705406
    outer loop
      vertex 91.1722 62.5145 21.546
      vertex 91.2855 62.1411 21.2688
      vertex 91.055 62.2951 21.546
    endloop
  endfacet
  facet normal -0.976251 -0.0962133 -0.194104
    outer loop
      vertex 91.9521 63.3883 20.196
      vertex 91.9139 63 20.5806
      vertex 91.8771 63.3734 20.5806
    endloop
  endfacet
  facet normal -0.430941 -0.353438 -0.830284
    outer loop
      vertex 91.055 63.7049 21.546
      vertex 90.7839 63.5238 21.7638
      vertex 90.6667 63.6667 21.7638
    endloop
  endfacet
  facet normal -0.430901 -0.353594 -0.830239
    outer loop
      vertex 90.8972 63.8972 21.546
      vertex 91.055 63.7049 21.546
      vertex 90.6667 63.6667 21.7638
    endloop
  endfacet
  facet normal -0.796752 0.241773 -0.553834
    outer loop
      vertex 91.5163 62.6984 21.2688
      vertex 91.6296 62.325 20.9428
      vertex 91.4283 62.4084 21.2688
    endloop
  endfacet
  facet normal -0.172891 -0.0923106 -0.980606
    outer loop
      vertex 90.5364 63.2222 21.9139
      vertex 90.1811 63.075 21.9904
      vertex 90.163 63.1089 21.9904
    endloop
  endfacet
  facet normal -0.243716 -0.297159 -0.9232
    outer loop
      vertex 90.5238 63.7839 21.7638
      vertex 90.6667 63.6667 21.7638
      vertex 90.4105 63.4105 21.9139
    endloop
  endfacet
  facet normal -0.0192849 0.195087 -0.980596
    outer loop
      vertex 90.0382 62.8077 21.9904
      vertex 90.1133 62.4306 21.9139
      vertex 90 62.4194 21.9139
    endloop
  endfacet
  facet normal -0.586509 0.714654 -0.381152
    outer loop
      vertex 91.2472 61.7528 20.9428
      vertex 91.3533 61.6467 20.5806
      vertex 91.0633 61.4087 20.5806
    endloop
  endfacet
  facet normal -0.796752 -0.241773 -0.553834
    outer loop
      vertex 91.6296 63.675 20.9428
      vertex 91.5163 63.3016 21.2688
      vertex 91.4283 63.5916 21.2688
    endloop
  endfacet
  facet normal -0.976229 -0.0962904 0.19418
    outer loop
      vertex 91.9904 63 19.804
      vertex 91.9521 63.3883 19.804
      vertex 91.9139 63 19.4194
    endloop
  endfacet
  facet normal -0.920021 0.0906715 -0.381236
    outer loop
      vertex 91.9139 63 20.5806
      vertex 91.8771 62.6266 20.5806
      vertex 91.7299 62.6559 20.9428
    endloop
  endfacet
  facet normal -0.290121 0.95699 0
    outer loop
      vertex 90.7617 61.1611 20
      vertex 90.3883 61.0479 20.196
      vertex 90.7617 61.1611 20.196
    endloop
  endfacet
  facet normal -0.290121 0.95699 0
    outer loop
      vertex 90.3883 61.0479 20.196
      vertex 90.7617 61.1611 20
      vertex 90.3883 61.0479 20
    endloop
  endfacet
  facet normal -0.976229 0.0962904 -0.19418
    outer loop
      vertex 91.9904 63 20.196
      vertex 91.9521 62.6117 20.196
      vertex 91.9139 63 20.5806
    endloop
  endfacet
  facet normal -0.976251 0.0962133 -0.194104
    outer loop
      vertex 91.9139 63 20.5806
      vertex 91.9521 62.6117 20.196
      vertex 91.8771 62.6266 20.5806
    endloop
  endfacet
  facet normal -0.111471 -0.367855 -0.923177
    outer loop
      vertex 90.1839 63.9247 21.7638
      vertex 90.2222 63.5364 21.9139
      vertex 90.1133 63.5694 21.9139
    endloop
  endfacet
  facet normal -0.734375 -0.392598 -0.55368
    outer loop
      vertex 91.4666 63.9799 20.9428
      vertex 91.6296 63.675 20.9428
      vertex 91.2855 63.8589 21.2688
    endloop
  endfacet
  facet normal -0.338827 -0.181406 -0.923195
    outer loop
      vertex 90.7839 63.5238 21.7638
      vertex 90.5364 63.2222 21.9139
      vertex 90.4827 63.3225 21.9139
    endloop
  endfacet
  facet normal -0.0925285 0.172823 -0.980597
    outer loop
      vertex 90.3225 62.5173 21.9139
      vertex 90.2222 62.4636 21.9139
      vertex 90.1089 62.837 21.9904
    endloop
  endfacet
  facet normal -0.938713 0.284752 0.194254
    outer loop
      vertex 91.8389 62.2383 19.804
      vertex 91.8771 62.6266 19.4194
      vertex 91.7682 62.2676 19.4194
    endloop
  endfacet
  facet normal -0.815344 0.435884 -0.381078
    outer loop
      vertex 91.6296 62.325 20.9428
      vertex 91.7682 62.2676 20.5806
      vertex 91.4666 62.0201 20.9428
    endloop
  endfacet
  facet normal -0.533415 -0.161817 -0.830231
    outer loop
      vertex 91.1722 63.4855 21.546
      vertex 91.2444 63.2475 21.546
      vertex 90.9247 63.1839 21.7638
    endloop
  endfacet
  facet normal -0.297159 -0.243716 -0.9232
    outer loop
      vertex 90.6667 63.6667 21.7638
      vertex 90.7839 63.5238 21.7638
      vertex 90.4105 63.4105 21.9139
    endloop
  endfacet
  facet normal -0.353594 0.430901 -0.830239
    outer loop
      vertex 90.8972 62.1028 21.546
      vertex 90.7049 61.945 21.546
      vertex 90.6667 62.3333 21.7638
    endloop
  endfacet
  facet normal -0.0545948 0.554695 -0.83026
    outer loop
      vertex 90 62.0572 21.7638
      vertex 90.1839 62.0753 21.7638
      vertex 90 61.7312 21.546
    endloop
  endfacet
  facet normal -0.865088 0.462478 -0.19426
    outer loop
      vertex 91.7682 62.2676 20.5806
      vertex 91.8389 62.2383 20.196
      vertex 91.5913 61.9367 20.5806
    endloop
  endfacet
  facet normal -0.919961 -0.0907282 0.381367
    outer loop
      vertex 91.8016 63.21 19.1984
      vertex 91.8771 63.3734 19.4194
      vertex 91.7914 63.3563 19.2086
    endloop
  endfacet
  facet normal -0.919982 -0.0906678 0.381329
    outer loop
      vertex 91.8771 63.3734 19.4194
      vertex 91.8016 63.21 19.1984
      vertex 91.9139 63 19.4194
    endloop
  endfacet
  facet normal -0.884644 -0.268205 0.381406
    outer loop
      vertex 91.7914 63.3563 19.2086
      vertex 91.8771 63.3734 19.4194
      vertex 91.7567 63.5201 19.2433
    endloop
  endfacet
  facet normal -0.828727 -0.0816087 -0.553671
    outer loop
      vertex 91.7638 63 20.9428
      vertex 91.546 63 21.2688
      vertex 91.5163 63.3016 21.2688
    endloop
  endfacet
  facet normal -0.976229 -0.0962904 -0.19418
    outer loop
      vertex 91.9521 63.3883 20.196
      vertex 91.9904 63 20.196
      vertex 91.9139 63 20.5806
    endloop
  endfacet
  facet normal -0.622905 0.757741 0.194468
    outer loop
      vertex 91.4074 61.5926 19.804
      vertex 91.3813 61.6187 19.6187
      vertex 91.3076 61.5392 19.6924
    endloop
  endfacet
  facet normal -0.995171 -0.0981587 0
    outer loop
      vertex 91.9904 63 19.804
      vertex 91.9521 63.3883 20.196
      vertex 91.9521 63.3883 19.804
    endloop
  endfacet
  facet normal -0.995171 -0.0981587 0
    outer loop
      vertex 91.9521 63.3883 20.196
      vertex 91.9904 63 19.804
      vertex 91.9904 63 20.196
    endloop
  endfacet
  facet normal -0.634368 0.773031 0
    outer loop
      vertex 91.4074 61.5926 20.196
      vertex 91.1058 61.3451 19.8942
      vertex 91.1058 61.3451 20.196
    endloop
  endfacet
  facet normal -0.634368 0.773031 0
    outer loop
      vertex 91.4074 61.5926 19.804
      vertex 91.1058 61.3451 19.8942
      vertex 91.4074 61.5926 20.196
    endloop
  endfacet
  facet normal -0.634412 0.772995 -0.000247283
    outer loop
      vertex 91.1058 61.3451 19.8942
      vertex 91.4074 61.5926 19.804
      vertex 91.196 61.4191 19.804
    endloop
  endfacet
  facet normal -0.284752 0.938713 -0.194254
    outer loop
      vertex 90.7324 61.2318 20.5806
      vertex 90.7617 61.1611 20.196
      vertex 90.3734 61.1229 20.5806
    endloop
  endfacet
  facet normal -0.758289 0.62232 -0.194204
    outer loop
      vertex 91.5913 61.9367 20.5806
      vertex 91.4074 61.5926 20.196
      vertex 91.3533 61.6467 20.5806
    endloop
  endfacet
  facet normal -0.622295 0.75832 -0.194167
    outer loop
      vertex 91.4074 61.5926 20.196
      vertex 91.1058 61.3451 20.196
      vertex 91.0633 61.4087 20.5806
    endloop
  endfacet
  facet normal -0.471546 0.881842 -0.000115847
    outer loop
      vertex 91.1058 61.3451 20.196
      vertex 91 61.2885 20
      vertex 90.7617 61.1611 20.196
    endloop
  endfacet
  facet normal -0.471713 0.881752 0
    outer loop
      vertex 91 61.2885 20
      vertex 91.1058 61.3451 20.196
      vertex 91.1058 61.3451 19.8942
    endloop
  endfacet
  facet normal -0.471472 0.881881 0
    outer loop
      vertex 90.7617 61.1611 20.196
      vertex 91 61.2885 20
      vertex 90.7617 61.1611 20
    endloop
  endfacet
  facet normal -0.634264 -0.773116 0
    outer loop
      vertex 91.196 64.5809 19.804
      vertex 91.1058 64.6549 20
      vertex 91.1058 64.6549 19.8942
    endloop
  endfacet
  facet normal -0.634368 -0.773031 -7.977e-05
    outer loop
      vertex 91.1058 64.6549 20
      vertex 91.196 64.5809 19.804
      vertex 91.4074 64.4074 20
    endloop
  endfacet
  facet normal -0.634412 -0.772995 -0
    outer loop
      vertex 91.4074 64.4074 20
      vertex 91.196 64.5809 19.804
      vertex 91.4074 64.4074 19.804
    endloop
  endfacet
  facet normal -0.865088 -0.462478 -0.19426
    outer loop
      vertex 91.8389 63.7617 20.196
      vertex 91.7682 63.7324 20.5806
      vertex 91.5913 64.0633 20.5806
    endloop
  endfacet
  facet normal -0.815066 0.43656 0.380899
    outer loop
      vertex 91.7682 62.2676 19.4194
      vertex 91.7163 62.2891 19.2837
      vertex 91.6829 62.1976 19.3171
    endloop
  endfacet
  facet normal -0.58653 -0.714583 -0.381253
    outer loop
      vertex 91.0615 64.5886 20.5886
      vertex 91.2472 64.2472 20.9428
      vertex 90.9799 64.4666 20.9428
    endloop
  endfacet
  facet normal -0.591935 -0.712626 -0.376534
    outer loop
      vertex 91.2472 64.2472 20.9428
      vertex 91.0615 64.5886 20.5886
      vertex 91.0661 64.5861 20.5861
    endloop
  endfacet
  facet normal -0.920012 -0.0906376 -0.381264
    outer loop
      vertex 91.9139 63 20.5806
      vertex 91.7638 63 20.9428
      vertex 91.7299 63.3441 20.9428
    endloop
  endfacet
  facet normal -0.758431 -0.622216 -0.193981
    outer loop
      vertex 91.6549 64.1058 20.196
      vertex 91.4608 64.3076 20.3076
      vertex 91.5809 64.196 20.196
    endloop
  endfacet
  facet normal -0.758452 -0.622131 -0.194171
    outer loop
      vertex 91.4608 64.3076 20.3076
      vertex 91.6549 64.1058 20.196
      vertex 91.5913 64.0633 20.5806
    endloop
  endfacet
  facet normal -0.815344 -0.435884 -0.381078
    outer loop
      vertex 91.7682 63.7324 20.5806
      vertex 91.6296 63.675 20.9428
      vertex 91.4666 63.9799 20.9428
    endloop
  endfacet
  facet normal -0.528314 -0.643703 -0.553652
    outer loop
      vertex 91.2472 64.2472 20.9428
      vertex 91.0932 64.0932 21.2688
      vertex 90.8589 64.2855 21.2688
    endloop
  endfacet
  facet normal -0.554728 -0.0546883 -0.830233
    outer loop
      vertex 91.2444 63.2475 21.546
      vertex 91.2688 63 21.546
      vertex 90.9247 63.1839 21.7638
    endloop
  endfacet
  facet normal -0.241655 -0.796826 -0.553779
    outer loop
      vertex 90.6098 64.6098 20.9997
      vertex 90.5916 64.4283 21.2688
      vertex 90.4663 64.4663 21.2688
    endloop
  endfacet
  facet normal -0.241305 -0.796909 -0.553812
    outer loop
      vertex 90.5916 64.4283 21.2688
      vertex 90.6098 64.6098 20.9997
      vertex 90.675 64.6296 20.9428
    endloop
  endfacet
  facet normal -0.392598 -0.734375 -0.55368
    outer loop
      vertex 90.9799 64.4666 20.9428
      vertex 90.8589 64.2855 21.2688
      vertex 90.675 64.6296 20.9428
    endloop
  endfacet
  facet normal -0.187494 -0.0570634 -0.980607
    outer loop
      vertex 90.5364 63.2222 21.9139
      vertex 90.1923 63.0382 21.9904
      vertex 90.1811 63.075 21.9904
    endloop
  endfacet
  facet normal -0.195087 -0.0192849 -0.980596
    outer loop
      vertex 90.5694 63.1133 21.9139
      vertex 90.5806 63 21.9139
      vertex 90.1923 63.0382 21.9904
    endloop
  endfacet
  facet normal -0.124433 0.151462 -0.9806
    outer loop
      vertex 90.1386 62.8614 21.9904
      vertex 90.4105 62.5895 21.9139
      vertex 90.1089 62.837 21.9904
    endloop
  endfacet
  facet normal -0.0816087 0.828727 -0.553671
    outer loop
      vertex 90 61.454 21.2688
      vertex 90.3016 61.4837 21.2688
      vertex 90 61.2362 20.9428
    endloop
  endfacet
  facet normal -0.462571 0.865059 -0.194168
    outer loop
      vertex 91.0633 61.4087 20.5806
      vertex 91.1058 61.3451 20.196
      vertex 90.7617 61.1611 20.196
    endloop
  endfacet
  facet normal -0.625171 0.333986 -0.705419
    outer loop
      vertex 91.4283 62.4084 21.2688
      vertex 91.2855 62.1411 21.2688
      vertex 91.1722 62.5145 21.546
    endloop
  endfacet
  facet normal -0.0816457 0.82874 -0.553646
    outer loop
      vertex 90.3016 61.4837 21.2688
      vertex 90.3441 61.2701 20.9428
      vertex 90 61.2362 20.9428
    endloop
  endfacet
  facet normal -0.95699 -0.290121 0
    outer loop
      vertex 91.9521 63.3883 19.804
      vertex 91.8389 63.7617 20.196
      vertex 91.8389 63.7617 19.804
    endloop
  endfacet
  facet normal -0.95699 -0.290121 0
    outer loop
      vertex 91.8389 63.7617 20.196
      vertex 91.9521 63.3883 19.804
      vertex 91.9521 63.3883 20.196
    endloop
  endfacet
  facet normal -0.976251 -0.0962133 0.194104
    outer loop
      vertex 91.9139 63 19.4194
      vertex 91.9521 63.3883 19.804
      vertex 91.8771 63.3734 19.4194
    endloop
  endfacet
  facet normal -0.884722 -0.268171 -0.381249
    outer loop
      vertex 91.8771 63.3734 20.5806
      vertex 91.7299 63.3441 20.9428
      vertex 91.6296 63.675 20.9428
    endloop
  endfacet
  facet normal -0.714235 0.59151 0.374144
    outer loop
      vertex 91.5913 61.9367 19.4194
      vertex 91.5886 61.9385 19.4114
      vertex 91.5861 61.9339 19.4139
    endloop
  endfacet
  facet normal -0.75832 0.622295 0.194167
    outer loop
      vertex 91.6549 61.8942 19.804
      vertex 91.5913 61.9367 19.4194
      vertex 91.4074 61.5926 19.804
    endloop
  endfacet
  facet normal -0.976229 0.0962904 0.19418
    outer loop
      vertex 91.9521 62.6117 19.804
      vertex 91.9904 63 19.804
      vertex 91.9139 63 19.4194
    endloop
  endfacet
  facet normal -0.773031 0.634368 0
    outer loop
      vertex 91.4074 61.5926 19.804
      vertex 91.6549 61.8942 20.196
      vertex 91.6549 61.8942 19.804
    endloop
  endfacet
  facet normal -0.773031 0.634368 0
    outer loop
      vertex 91.6549 61.8942 20.196
      vertex 91.4074 61.5926 19.804
      vertex 91.4074 61.5926 20.196
    endloop
  endfacet
  facet normal -0.865059 0.462571 0.194168
    outer loop
      vertex 91.6549 61.8942 19.804
      vertex 91.8389 62.2383 19.804
      vertex 91.5913 61.9367 19.4194
    endloop
  endfacet
  facet normal -0.622394 0.758353 0.193718
    outer loop
      vertex 91.4074 61.5926 19.804
      vertex 91.3076 61.5392 19.6924
      vertex 91.196 61.4191 19.804
    endloop
  endfacet
  facet normal -0.884644 0.268205 0.381406
    outer loop
      vertex 91.8771 62.6266 19.4194
      vertex 91.7914 62.6437 19.2086
      vertex 91.7567 62.4799 19.2433
    endloop
  endfacet
  facet normal -0.95699 0.290121 0
    outer loop
      vertex 91.8389 62.2383 19.804
      vertex 91.9521 62.6117 20.196
      vertex 91.9521 62.6117 19.804
    endloop
  endfacet
  facet normal -0.95699 0.290121 0
    outer loop
      vertex 91.9521 62.6117 20.196
      vertex 91.8389 62.2383 19.804
      vertex 91.8389 62.2383 20.196
    endloop
  endfacet
  facet normal -0.0962133 0.976251 -0.194104
    outer loop
      vertex 90.3734 61.1229 20.5806
      vertex 90.3883 61.0479 20.196
      vertex 90 61.0861 20.5806
    endloop
  endfacet
  facet normal -0.62232 0.758289 -0.194204
    outer loop
      vertex 91.3533 61.6467 20.5806
      vertex 91.4074 61.5926 20.196
      vertex 91.0633 61.4087 20.5806
    endloop
  endfacet
  facet normal -0.643703 0.528314 -0.553652
    outer loop
      vertex 91.2855 62.1411 21.2688
      vertex 91.2472 61.7528 20.9428
      vertex 91.0932 61.9068 21.2688
    endloop
  endfacet
  facet normal -0.920012 0.0906376 -0.381264
    outer loop
      vertex 91.7638 63 20.9428
      vertex 91.9139 63 20.5806
      vertex 91.7299 62.6559 20.9428
    endloop
  endfacet
  facet normal -0.796938 0.241562 -0.553658
    outer loop
      vertex 91.7299 62.6559 20.9428
      vertex 91.6296 62.325 20.9428
      vertex 91.5163 62.6984 21.2688
    endloop
  endfacet
  facet normal -0.995171 0.0981587 0
    outer loop
      vertex 91.9521 62.6117 19.804
      vertex 91.9904 63 20.196
      vertex 91.9904 63 19.804
    endloop
  endfacet
  facet normal -0.995171 0.0981587 0
    outer loop
      vertex 91.9904 63 20.196
      vertex 91.9521 62.6117 19.804
      vertex 91.9521 62.6117 20.196
    endloop
  endfacet
  facet normal -0.881842 0.471546 0
    outer loop
      vertex 91.6549 61.8942 19.804
      vertex 91.8389 62.2383 20.196
      vertex 91.8389 62.2383 19.804
    endloop
  endfacet
  facet normal -0.881842 0.471546 0
    outer loop
      vertex 91.8389 62.2383 20.196
      vertex 91.6549 61.8942 19.804
      vertex 91.6549 61.8942 20.196
    endloop
  endfacet
  facet normal -0.0192849 -0.195087 -0.980596
    outer loop
      vertex 90.1133 63.5694 21.9139
      vertex 90.0382 63.1923 21.9904
      vertex 90 63.5806 21.9139
    endloop
  endfacet
  facet normal -0.151562 -0.12435 -0.980595
    outer loop
      vertex 90.4105 63.4105 21.9139
      vertex 90.4827 63.3225 21.9139
      vertex 90.163 63.1089 21.9904
    endloop
  endfacet
  facet normal -0.367864 -0.111669 -0.92315
    outer loop
      vertex 90.871 63.3608 21.7638
      vertex 90.9247 63.1839 21.7638
      vertex 90.5364 63.2222 21.9139
    endloop
  endfacet
  facet normal -0.705399 0.069464 -0.705399
    outer loop
      vertex 91.546 63 21.2688
      vertex 91.5163 62.6984 21.2688
      vertex 91.2688 63 21.546
    endloop
  endfacet
  facet normal -0.382568 -0.0376535 -0.92316
    outer loop
      vertex 90.9247 63.1839 21.7638
      vertex 90.9428 63 21.7638
      vertex 90.5806 63 21.9139
    endloop
  endfacet
  facet normal -0.392334 -0.734391 -0.553845
    outer loop
      vertex 90.675 64.6296 20.9428
      vertex 90.8589 64.2855 21.2688
      vertex 90.5916 64.4283 21.2688
    endloop
  endfacet
  facet normal -0.205849 -0.678248 -0.705411
    outer loop
      vertex 90.3764 64.3764 21.3815
      vertex 90.5916 64.4283 21.2688
      vertex 90.4855 64.1722 21.546
    endloop
  endfacet
  facet normal -0.205744 -0.678412 -0.705285
    outer loop
      vertex 90.5916 64.4283 21.2688
      vertex 90.3764 64.3764 21.3815
      vertex 90.4663 64.4663 21.2688
    endloop
  endfacet
  facet normal -0.161901 -0.53334 -0.830263
    outer loop
      vertex 90.4855 64.1722 21.546
      vertex 90.3608 63.871 21.7638
      vertex 90.1839 63.9247 21.7638
    endloop
  endfacet
  facet normal -0.353594 -0.430901 -0.830239
    outer loop
      vertex 90.7049 64.055 21.546
      vertex 90.8972 63.8972 21.546
      vertex 90.6667 63.6667 21.7638
    endloop
  endfacet
  facet normal -0.44965 -0.547957 -0.705378
    outer loop
      vertex 91.0932 64.0932 21.2688
      vertex 90.8972 63.8972 21.546
      vertex 90.7049 64.055 21.546
    endloop
  endfacet
  facet normal -0.181184 -0.339069 -0.923149
    outer loop
      vertex 90.3608 63.871 21.7638
      vertex 90.5238 63.7839 21.7638
      vertex 90.2222 63.5364 21.9139
    endloop
  endfacet
  facet normal -0.181184 0.339069 -0.923149
    outer loop
      vertex 90.5238 62.2161 21.7638
      vertex 90.3608 62.129 21.7638
      vertex 90.2222 62.4636 21.9139
    endloop
  endfacet
  facet normal -0.382495 0.0378106 -0.923184
    outer loop
      vertex 90.5806 63 21.9139
      vertex 90.9247 62.8161 21.7638
      vertex 90.5694 62.8867 21.9139
    endloop
  endfacet
  facet normal -0.0570634 0.187494 -0.980607
    outer loop
      vertex 90.075 62.8189 21.9904
      vertex 90.2222 62.4636 21.9139
      vertex 90.0382 62.8077 21.9904
    endloop
  endfacet
  facet normal -0.111669 0.367864 -0.92315
    outer loop
      vertex 90.2222 62.4636 21.9139
      vertex 90.3608 62.129 21.7638
      vertex 90.1839 62.0753 21.7638
    endloop
  endfacet
  facet normal -0.554728 0.0546883 -0.830233
    outer loop
      vertex 91.2688 63 21.546
      vertex 91.2444 62.7525 21.546
      vertex 90.9247 62.8161 21.7638
    endloop
  endfacet
  facet normal -0.53334 0.161901 -0.830263
    outer loop
      vertex 90.9247 62.8161 21.7638
      vertex 91.1722 62.5145 21.546
      vertex 90.871 62.6392 21.7638
    endloop
  endfacet
  facet normal -0.382495 -0.0378106 -0.923184
    outer loop
      vertex 90.9247 63.1839 21.7638
      vertex 90.5806 63 21.9139
      vertex 90.5694 63.1133 21.9139
    endloop
  endfacet
  facet normal -0.195051 -0.0188924 -0.980611
    outer loop
      vertex 90.5806 63 21.9139
      vertex 90.196 63 21.9904
      vertex 90.1923 63.0382 21.9904
    endloop
  endfacet
  facet normal -0.547892 0.449679 -0.70541
    outer loop
      vertex 91.2855 62.1411 21.2688
      vertex 91.0932 61.9068 21.2688
      vertex 91.055 62.2951 21.546
    endloop
  endfacet
  facet normal -0.44965 0.547957 -0.705378
    outer loop
      vertex 90.8972 62.1028 21.546
      vertex 91.0932 61.9068 21.2688
      vertex 90.7049 61.945 21.546
    endloop
  endfacet
  facet normal -0.205817 0.67826 -0.70541
    outer loop
      vertex 90.4855 61.8278 21.546
      vertex 90.5916 61.5717 21.2688
      vertex 90.3016 61.4837 21.2688
    endloop
  endfacet
  facet normal -0.161817 0.533415 -0.830231
    outer loop
      vertex 90.4855 61.8278 21.546
      vertex 90.2475 61.7556 21.546
      vertex 90.1839 62.0753 21.7638
    endloop
  endfacet
  facet normal -0.435884 0.815344 -0.381078
    outer loop
      vertex 90.9799 61.5334 20.9428
      vertex 90.7324 61.2318 20.5806
      vertex 90.675 61.3704 20.9428
    endloop
  endfacet
  facet normal -0.435885 0.815343 -0.381077
    outer loop
      vertex 90.9799 61.5334 20.9428
      vertex 91.0633 61.4087 20.5806
      vertex 90.7324 61.2318 20.5806
    endloop
  endfacet
  facet normal -0.716544 -0.585269 0.379505
    outer loop
      vertex 91.5861 64.0661 19.4139
      vertex 91.5913 64.0633 19.4194
      vertex 91.5806 64.0764 19.4194
    endloop
  endfacet
  facet normal -0.758006 -0.622586 0.19446
    outer loop
      vertex 91.5806 64.0764 19.4194
      vertex 91.4074 64.4074 19.804
      vertex 91.3813 64.3813 19.6187
    endloop
  endfacet
  facet normal -0.760073 -0.620823 0.192012
    outer loop
      vertex 91.4074 64.4074 19.804
      vertex 91.5806 64.0764 19.4194
      vertex 91.5913 64.0633 19.4194
    endloop
  endfacet
  facet normal -0.93879 0.284604 0.194097
    outer loop
      vertex 91.9521 62.6117 19.804
      vertex 91.8771 62.6266 19.4194
      vertex 91.8389 62.2383 19.804
    endloop
  endfacet
  facet normal -0.93879 -0.284604 0.194097
    outer loop
      vertex 91.8771 63.3734 19.4194
      vertex 91.9521 63.3883 19.804
      vertex 91.8389 63.7617 19.804
    endloop
  endfacet
  facet normal -0.920081 -0.0910752 0.380993
    outer loop
      vertex 91.8163 63 19.1837
      vertex 91.9139 63 19.4194
      vertex 91.8016 63.21 19.1984
    endloop
  endfacet
  facet normal -0.884912 0.268025 0.38091
    outer loop
      vertex 91.7682 62.2676 19.4194
      vertex 91.7567 62.4799 19.2433
      vertex 91.7163 62.2891 19.2837
    endloop
  endfacet
  facet normal -0.884651 0.268352 0.381287
    outer loop
      vertex 91.7567 62.4799 19.2433
      vertex 91.7682 62.2676 19.4194
      vertex 91.8771 62.6266 19.4194
    endloop
  endfacet
  facet normal -0.67825 -0.205755 -0.705438
    outer loop
      vertex 91.5163 63.3016 21.2688
      vertex 91.2444 63.2475 21.546
      vertex 91.1722 63.4855 21.546
    endloop
  endfacet
  facet normal -0.884731 -0.268377 -0.381084
    outer loop
      vertex 91.7682 63.7324 20.5806
      vertex 91.8771 63.3734 20.5806
      vertex 91.6296 63.675 20.9428
    endloop
  endfacet
  facet normal -0.881752 -0.471713 0
    outer loop
      vertex 91.6549 64.1058 19.804
      vertex 91.7115 64 20
      vertex 91.6549 64.1058 20
    endloop
  endfacet
  facet normal -0.881842 -0.471546 0.000115847
    outer loop
      vertex 91.7115 64 20
      vertex 91.6549 64.1058 19.804
      vertex 91.8389 63.7617 19.804
    endloop
  endfacet
  facet normal -0.881752 -0.471713 0
    outer loop
      vertex 91.7115 64 20
      vertex 91.6549 64.1058 20.196
      vertex 91.6549 64.1058 20.1058
    endloop
  endfacet
  facet normal -0.881881 -0.471472 -0
    outer loop
      vertex 91.8389 63.7617 20.196
      vertex 91.7115 64 20
      vertex 91.8389 63.7617 19.804
    endloop
  endfacet
  facet normal -0.881842 -0.471546 -0.000115847
    outer loop
      vertex 91.7115 64 20
      vertex 91.8389 63.7617 20.196
      vertex 91.6549 64.1058 20.196
    endloop
  endfacet
  facet normal -0.819293 0.434392 0.37425
    outer loop
      vertex 91.5913 61.9367 19.4194
      vertex 91.6829 62.1976 19.3171
      vertex 91.5886 61.9385 19.4114
    endloop
  endfacet
  facet normal -0.815183 0.435799 0.381517
    outer loop
      vertex 91.6829 62.1976 19.3171
      vertex 91.5913 61.9367 19.4194
      vertex 91.7682 62.2676 19.4194
    endloop
  endfacet
  facet normal -0.865088 0.462478 0.19426
    outer loop
      vertex 91.8389 62.2383 19.804
      vertex 91.7682 62.2676 19.4194
      vertex 91.5913 61.9367 19.4194
    endloop
  endfacet
  facet normal -0.758006 0.622586 0.19446
    outer loop
      vertex 91.4074 61.5926 19.804
      vertex 91.5806 61.9236 19.4194
      vertex 91.3813 61.6187 19.6187
    endloop
  endfacet
  facet normal -0.760073 0.620823 0.192012
    outer loop
      vertex 91.5806 61.9236 19.4194
      vertex 91.4074 61.5926 19.804
      vertex 91.5913 61.9367 19.4194
    endloop
  endfacet
  facet normal -0.716544 0.585269 0.379505
    outer loop
      vertex 91.5913 61.9367 19.4194
      vertex 91.5861 61.9339 19.4139
      vertex 91.5806 61.9236 19.4194
    endloop
  endfacet
  facet normal -0.462478 0.865088 -0.19426
    outer loop
      vertex 91.0633 61.4087 20.5806
      vertex 90.7617 61.1611 20.196
      vertex 90.7324 61.2318 20.5806
    endloop
  endfacet
  facet normal -0.284604 0.93879 -0.194097
    outer loop
      vertex 90.7617 61.1611 20.196
      vertex 90.3883 61.0479 20.196
      vertex 90.3734 61.1229 20.5806
    endloop
  endfacet
  facet normal -0.268171 0.884722 -0.381249
    outer loop
      vertex 90.675 61.3704 20.9428
      vertex 90.3734 61.1229 20.5806
      vertex 90.3441 61.2701 20.9428
    endloop
  endfacet
  facet normal -0.884722 0.268171 -0.381249
    outer loop
      vertex 91.7299 62.6559 20.9428
      vertex 91.8771 62.6266 20.5806
      vertex 91.6296 62.325 20.9428
    endloop
  endfacet
  facet normal -0.884731 0.268377 -0.381084
    outer loop
      vertex 91.8771 62.6266 20.5806
      vertex 91.7682 62.2676 20.5806
      vertex 91.6296 62.325 20.9428
    endloop
  endfacet
  facet normal -0.93879 0.284604 -0.194097
    outer loop
      vertex 91.8771 62.6266 20.5806
      vertex 91.9521 62.6117 20.196
      vertex 91.8389 62.2383 20.196
    endloop
  endfacet
  facet normal -0.938713 0.284752 -0.194254
    outer loop
      vertex 91.8771 62.6266 20.5806
      vertex 91.8389 62.2383 20.196
      vertex 91.7682 62.2676 20.5806
    endloop
  endfacet
  facet normal -0.53334 -0.161901 -0.830263
    outer loop
      vertex 91.1722 63.4855 21.546
      vertex 90.9247 63.1839 21.7638
      vertex 90.871 63.3608 21.7638
    endloop
  endfacet
  facet normal -0.491609 -0.26261 -0.830275
    outer loop
      vertex 91.055 63.7049 21.546
      vertex 91.1722 63.4855 21.546
      vertex 90.7839 63.5238 21.7638
    endloop
  endfacet
  facet normal -0.82874 0.0816457 -0.553646
    outer loop
      vertex 91.7638 63 20.9428
      vertex 91.7299 62.6559 20.9428
      vertex 91.5163 62.6984 21.2688
    endloop
  endfacet
  facet normal -0.828727 0.0816087 -0.553671
    outer loop
      vertex 91.546 63 21.2688
      vertex 91.7638 63 20.9428
      vertex 91.5163 62.6984 21.2688
    endloop
  endfacet
  facet normal -0.333986 -0.625171 -0.705419
    outer loop
      vertex 90.5916 64.4283 21.2688
      vertex 90.8589 64.2855 21.2688
      vertex 90.4855 64.1722 21.546
    endloop
  endfacet
  facet normal -0.865059 -0.462571 -0.194168
    outer loop
      vertex 91.6549 64.1058 20.196
      vertex 91.8389 63.7617 20.196
      vertex 91.5913 64.0633 20.5806
    endloop
  endfacet
  facet normal -0.205695 -0.678222 -0.705481
    outer loop
      vertex 90.4855 64.1722 21.546
      vertex 90.2483 64.2483 21.542
      vertex 90.3764 64.3764 21.3815
    endloop
  endfacet
  facet normal -0.20619 -0.679683 -0.703929
    outer loop
      vertex 90.2483 64.2483 21.542
      vertex 90.4855 64.1722 21.546
      vertex 90.2475 64.2444 21.546
    endloop
  endfacet
  facet normal -0.0756792 -0.706339 -0.703817
    outer loop
      vertex 90.2483 64.2483 21.542
      vertex 90.2475 64.2444 21.546
      vertex 90.2447 64.2447 21.546
    endloop
  endfacet
  facet normal -0.643703 -0.528314 -0.553652
    outer loop
      vertex 91.2472 64.2472 20.9428
      vertex 91.2855 63.8589 21.2688
      vertex 91.0932 64.0932 21.2688
    endloop
  endfacet
  facet normal -0.435535 -0.815466 -0.381215
    outer loop
      vertex 91.0615 64.5886 20.5886
      vertex 90.9799 64.4666 20.9428
      vertex 90.8024 64.6829 20.6829
    endloop
  endfacet
  facet normal -0.773116 -0.634264 0
    outer loop
      vertex 91.6549 64.1058 20.1058
      vertex 91.6549 64.1058 20.196
      vertex 91.5809 64.196 20.196
    endloop
  endfacet
  facet normal -0.773031 -0.634368 0
    outer loop
      vertex 91.6549 64.1058 19.804
      vertex 91.4074 64.4074 20
      vertex 91.4074 64.4074 19.804
    endloop
  endfacet
  facet normal -0.773031 -0.634368 0
    outer loop
      vertex 91.4074 64.4074 20
      vertex 91.6549 64.1058 19.804
      vertex 91.6549 64.1058 20
    endloop
  endfacet
  facet normal -0.757599 -0.623226 -0.193994
    outer loop
      vertex 91.4608 64.3076 20.3076
      vertex 91.3533 64.3533 20.5806
      vertex 91.3813 64.3813 20.3813
    endloop
  endfacet
  facet normal -0.758258 -0.622294 -0.19441
    outer loop
      vertex 91.3533 64.3533 20.5806
      vertex 91.4608 64.3076 20.3076
      vertex 91.5913 64.0633 20.5806
    endloop
  endfacet
  facet normal -0.0376535 -0.382568 -0.92316
    outer loop
      vertex 90 63.9428 21.7638
      vertex 90.1839 63.9247 21.7638
      vertex 90 63.5806 21.9139
    endloop
  endfacet
  facet normal -0.111669 -0.367864 -0.92315
    outer loop
      vertex 90.3608 63.871 21.7638
      vertex 90.2222 63.5364 21.9139
      vertex 90.1839 63.9247 21.7638
    endloop
  endfacet
  facet normal -0.111471 0.367855 -0.923177
    outer loop
      vertex 90.2222 62.4636 21.9139
      vertex 90.1839 62.0753 21.7638
      vertex 90.1133 62.4306 21.9139
    endloop
  endfacet
  facet normal -0.0568503 0.187606 -0.980598
    outer loop
      vertex 90.2222 62.4636 21.9139
      vertex 90.1133 62.4306 21.9139
      vertex 90.0382 62.8077 21.9904
    endloop
  endfacet
  facet normal -0.297134 0.243785 -0.92319
    outer loop
      vertex 90.4827 62.6775 21.9139
      vertex 90.7839 62.4762 21.7638
      vertex 90.4105 62.5895 21.9139
    endloop
  endfacet
  facet normal -0.430941 0.353438 -0.830284
    outer loop
      vertex 90.7839 62.4762 21.7638
      vertex 91.055 62.2951 21.546
      vertex 90.6667 62.3333 21.7638
    endloop
  endfacet
  facet normal -0.12435 0.151562 -0.980595
    outer loop
      vertex 90.4105 62.5895 21.9139
      vertex 90.3225 62.5173 21.9139
      vertex 90.1089 62.837 21.9904
    endloop
  endfacet
  facet normal -0.491609 0.26261 -0.830275
    outer loop
      vertex 91.1722 62.5145 21.546
      vertex 91.055 62.2951 21.546
      vertex 90.7839 62.4762 21.7638
    endloop
  endfacet
  facet normal -0.714654 0.586509 -0.381152
    outer loop
      vertex 91.5913 61.9367 20.5806
      vertex 91.3533 61.6467 20.5806
      vertex 91.2472 61.7528 20.9428
    endloop
  endfacet
  facet normal -0.338827 0.181406 -0.923195
    outer loop
      vertex 90.5364 62.7778 21.9139
      vertex 90.7839 62.4762 21.7638
      vertex 90.4827 62.6775 21.9139
    endloop
  endfacet
  facet normal -0.172823 0.0925285 -0.980597
    outer loop
      vertex 90.5364 62.7778 21.9139
      vertex 90.4827 62.6775 21.9139
      vertex 90.163 62.8911 21.9904
    endloop
  endfacet
  facet normal -0.367855 -0.111471 -0.923177
    outer loop
      vertex 90.9247 63.1839 21.7638
      vertex 90.5694 63.1133 21.9139
      vertex 90.5364 63.2222 21.9139
    endloop
  endfacet
  facet normal -0.187606 -0.0568503 -0.980598
    outer loop
      vertex 90.5364 63.2222 21.9139
      vertex 90.5694 63.1133 21.9139
      vertex 90.1923 63.0382 21.9904
    endloop
  endfacet
  facet normal -0.58657 0.714632 -0.3811
    outer loop
      vertex 91.2472 61.7528 20.9428
      vertex 91.0633 61.4087 20.5806
      vertex 90.9799 61.5334 20.9428
    endloop
  endfacet
  facet normal -0.815343 0.435885 -0.381077
    outer loop
      vertex 91.7682 62.2676 20.5806
      vertex 91.5913 61.9367 20.5806
      vertex 91.4666 62.0201 20.9428
    endloop
  endfacet
  facet normal -0.26261 0.491609 -0.830275
    outer loop
      vertex 90.5238 62.2161 21.7638
      vertex 90.7049 61.945 21.546
      vertex 90.4855 61.8278 21.546
    endloop
  endfacet
  facet normal -0.449679 0.547892 -0.70541
    outer loop
      vertex 91.0932 61.9068 21.2688
      vertex 90.8589 61.7145 21.2688
      vertex 90.7049 61.945 21.546
    endloop
  endfacet
  facet normal -0.0695378 0.705352 -0.705438
    outer loop
      vertex 90.2475 61.7556 21.546
      vertex 90.3016 61.4837 21.2688
      vertex 90 61.7312 21.546
    endloop
  endfacet
  facet normal -0.205755 0.67825 -0.705438
    outer loop
      vertex 90.4855 61.8278 21.546
      vertex 90.3016 61.4837 21.2688
      vertex 90.2475 61.7556 21.546
    endloop
  endfacet
  facet normal -0.528328 0.643674 -0.553672
    outer loop
      vertex 91.2472 61.7528 20.9428
      vertex 90.9799 61.5334 20.9428
      vertex 90.8589 61.7145 21.2688
    endloop
  endfacet
  facet normal -0.392598 0.734375 -0.55368
    outer loop
      vertex 90.8589 61.7145 21.2688
      vertex 90.9799 61.5334 20.9428
      vertex 90.675 61.3704 20.9428
    endloop
  endfacet
  facet normal -0.75832 -0.622295 0.194167
    outer loop
      vertex 91.5913 64.0633 19.4194
      vertex 91.6549 64.1058 19.804
      vertex 91.4074 64.4074 19.804
    endloop
  endfacet
  facet normal -0.622905 -0.757741 0.194468
    outer loop
      vertex 91.3813 64.3813 19.6187
      vertex 91.4074 64.4074 19.804
      vertex 91.3076 64.4608 19.6924
    endloop
  endfacet
  facet normal -0.865088 -0.462478 0.19426
    outer loop
      vertex 91.7682 63.7324 19.4194
      vertex 91.8389 63.7617 19.804
      vertex 91.5913 64.0633 19.4194
    endloop
  endfacet
  facet normal -0.714235 -0.59151 0.374144
    outer loop
      vertex 91.5886 64.0615 19.4114
      vertex 91.5913 64.0633 19.4194
      vertex 91.5861 64.0661 19.4139
    endloop
  endfacet
  facet normal -0.796938 -0.241562 -0.553658
    outer loop
      vertex 91.6296 63.675 20.9428
      vertex 91.7299 63.3441 20.9428
      vertex 91.5163 63.3016 21.2688
    endloop
  endfacet
  facet normal -0.82874 -0.0816457 -0.553646
    outer loop
      vertex 91.7299 63.3441 20.9428
      vertex 91.7638 63 20.9428
      vertex 91.5163 63.3016 21.2688
    endloop
  endfacet
  facet normal -0.714632 -0.58657 -0.3811
    outer loop
      vertex 91.5913 64.0633 20.5806
      vertex 91.4666 63.9799 20.9428
      vertex 91.2472 64.2472 20.9428
    endloop
  endfacet
  facet normal -0.643674 -0.528328 -0.553672
    outer loop
      vertex 91.4666 63.9799 20.9428
      vertex 91.2855 63.8589 21.2688
      vertex 91.2472 64.2472 20.9428
    endloop
  endfacet
  facet normal -0.819293 -0.434392 0.37425
    outer loop
      vertex 91.6829 63.8024 19.3171
      vertex 91.5913 64.0633 19.4194
      vertex 91.5886 64.0615 19.4114
    endloop
  endfacet
  facet normal -0.815183 -0.435799 0.381517
    outer loop
      vertex 91.5913 64.0633 19.4194
      vertex 91.6829 63.8024 19.3171
      vertex 91.7682 63.7324 19.4194
    endloop
  endfacet
  facet normal -0.865059 -0.462571 0.194168
    outer loop
      vertex 91.8389 63.7617 19.804
      vertex 91.6549 64.1058 19.804
      vertex 91.5913 64.0633 19.4194
    endloop
  endfacet
  facet normal -0.976251 0.0962133 0.194104
    outer loop
      vertex 91.9521 62.6117 19.804
      vertex 91.9139 63 19.4194
      vertex 91.8771 62.6266 19.4194
    endloop
  endfacet
  facet normal -0.0906715 0.920021 -0.381236
    outer loop
      vertex 90.3441 61.2701 20.9428
      vertex 90.3734 61.1229 20.5806
      vertex 90 61.0861 20.5806
    endloop
  endfacet
  facet normal -0.0906376 0.920012 -0.381264
    outer loop
      vertex 90 61.2362 20.9428
      vertex 90.3441 61.2701 20.9428
      vertex 90 61.0861 20.5806
    endloop
  endfacet
  facet normal -0.865059 0.462571 -0.194168
    outer loop
      vertex 91.8389 62.2383 20.196
      vertex 91.6549 61.8942 20.196
      vertex 91.5913 61.9367 20.5806
    endloop
  endfacet
  facet normal -0.75832 0.622295 -0.194167
    outer loop
      vertex 91.5913 61.9367 20.5806
      vertex 91.6549 61.8942 20.196
      vertex 91.4074 61.5926 20.196
    endloop
  endfacet
  facet normal -0.297134 -0.243785 -0.92319
    outer loop
      vertex 90.7839 63.5238 21.7638
      vertex 90.4827 63.3225 21.9139
      vertex 90.4105 63.4105 21.9139
    endloop
  endfacet
  facet normal -0.172823 -0.0925285 -0.980597
    outer loop
      vertex 90.4827 63.3225 21.9139
      vertex 90.5364 63.2222 21.9139
      vertex 90.163 63.1089 21.9904
    endloop
  endfacet
  facet normal -0.491604 -0.262692 -0.830252
    outer loop
      vertex 91.1722 63.4855 21.546
      vertex 90.871 63.3608 21.7638
      vertex 90.7839 63.5238 21.7638
    endloop
  endfacet
  facet normal -0.339069 -0.181184 -0.923149
    outer loop
      vertex 90.7839 63.5238 21.7638
      vertex 90.871 63.3608 21.7638
      vertex 90.5364 63.2222 21.9139
    endloop
  endfacet
  facet normal -0.471713 -0.881752 0
    outer loop
      vertex 91.1058 64.6549 19.8942
      vertex 91.1058 64.6549 20
      vertex 91 64.7115 20
    endloop
  endfacet
  facet normal -0.26261 -0.491609 -0.830275
    outer loop
      vertex 90.7049 64.055 21.546
      vertex 90.5238 63.7839 21.7638
      vertex 90.4855 64.1722 21.546
    endloop
  endfacet
  facet normal -0.262692 -0.491604 -0.830252
    outer loop
      vertex 90.4855 64.1722 21.546
      vertex 90.5238 63.7839 21.7638
      vertex 90.3608 63.871 21.7638
    endloop
  endfacet
  facet normal -0.266467 -0.885684 -0.38021
    outer loop
      vertex 90.65 64.65 20.9128
      vertex 90.675 64.6296 20.9428
      vertex 90.6401 64.6401 20.9428
    endloop
  endfacet
  facet normal -0.240083 -0.797989 -0.552787
    outer loop
      vertex 90.6401 64.6401 20.9428
      vertex 90.675 64.6296 20.9428
      vertex 90.6098 64.6098 20.9997
    endloop
  endfacet
  facet normal -0.585685 -0.714932 -0.381897
    outer loop
      vertex 91.0764 64.5806 20.5806
      vertex 91.2472 64.2472 20.9428
      vertex 91.0661 64.5861 20.5861
    endloop
  endfacet
  facet normal -0.586587 -0.714588 -0.381156
    outer loop
      vertex 91.2472 64.2472 20.9428
      vertex 91.0764 64.5806 20.5806
      vertex 91.3533 64.3533 20.5806
    endloop
  endfacet
  facet normal -0.714654 -0.586509 -0.381152
    outer loop
      vertex 91.3533 64.3533 20.5806
      vertex 91.5913 64.0633 20.5806
      vertex 91.2472 64.2472 20.9428
    endloop
  endfacet
  facet normal -0.151462 -0.124433 -0.9806
    outer loop
      vertex 90.4105 63.4105 21.9139
      vertex 90.163 63.1089 21.9904
      vertex 90.1386 63.1386 21.9904
    endloop
  endfacet
  facet normal -0.181406 -0.338827 -0.923195
    outer loop
      vertex 90.5238 63.7839 21.7638
      vertex 90.3225 63.4827 21.9139
      vertex 90.2222 63.5364 21.9139
    endloop
  endfacet
  facet normal -0.0925285 -0.172823 -0.980597
    outer loop
      vertex 90.2222 63.5364 21.9139
      vertex 90.3225 63.4827 21.9139
      vertex 90.1089 63.163 21.9904
    endloop
  endfacet
  facet normal -0.0568503 -0.187606 -0.980598
    outer loop
      vertex 90.1133 63.5694 21.9139
      vertex 90.2222 63.5364 21.9139
      vertex 90.0382 63.1923 21.9904
    endloop
  endfacet
  facet normal -0.0378106 -0.382495 -0.923184
    outer loop
      vertex 90.1839 63.9247 21.7638
      vertex 90.1133 63.5694 21.9139
      vertex 90 63.5806 21.9139
    endloop
  endfacet
  facet normal -0.161817 -0.533415 -0.830231
    outer loop
      vertex 90.2475 64.2444 21.546
      vertex 90.4855 64.1722 21.546
      vertex 90.1839 63.9247 21.7638
    endloop
  endfacet
  facet normal -0.0547151 -0.554723 -0.830234
    outer loop
      vertex 90.0936 64.0936 21.6569
      vertex 90.2475 64.2444 21.546
      vertex 90.1839 63.9247 21.7638
    endloop
  endfacet
  facet normal -0.0590971 -0.551573 -0.832031
    outer loop
      vertex 90.2475 64.2444 21.546
      vertex 90.0936 64.0936 21.6569
      vertex 90.2447 64.2447 21.546
    endloop
  endfacet
  facet normal -0.0376535 0.382568 -0.92316
    outer loop
      vertex 90 62.4194 21.9139
      vertex 90.1839 62.0753 21.7638
      vertex 90 62.0572 21.7638
    endloop
  endfacet
  facet normal -0.0188924 0.195051 -0.980611
    outer loop
      vertex 90 62.804 21.9904
      vertex 90.0382 62.8077 21.9904
      vertex 90 62.4194 21.9139
    endloop
  endfacet
  facet normal -0.0923106 0.172891 -0.980606
    outer loop
      vertex 90.1089 62.837 21.9904
      vertex 90.2222 62.4636 21.9139
      vertex 90.075 62.8189 21.9904
    endloop
  endfacet
  facet normal -0.297159 0.243716 -0.9232
    outer loop
      vertex 90.7839 62.4762 21.7638
      vertex 90.6667 62.3333 21.7638
      vertex 90.4105 62.5895 21.9139
    endloop
  endfacet
  facet normal -0.151562 0.12435 -0.980595
    outer loop
      vertex 90.4827 62.6775 21.9139
      vertex 90.4105 62.5895 21.9139
      vertex 90.163 62.8911 21.9904
    endloop
  endfacet
  facet normal -0.151462 0.124433 -0.9806
    outer loop
      vertex 90.163 62.8911 21.9904
      vertex 90.4105 62.5895 21.9139
      vertex 90.1386 62.8614 21.9904
    endloop
  endfacet
  facet normal -0.353438 0.430941 -0.830284
    outer loop
      vertex 90.6667 62.3333 21.7638
      vertex 90.7049 61.945 21.546
      vertex 90.5238 62.2161 21.7638
    endloop
  endfacet
  facet normal -0.243716 0.297159 -0.9232
    outer loop
      vertex 90.6667 62.3333 21.7638
      vertex 90.5238 62.2161 21.7638
      vertex 90.4105 62.5895 21.9139
    endloop
  endfacet
  facet normal -0.705352 0.0695378 -0.705438
    outer loop
      vertex 91.2688 63 21.546
      vertex 91.5163 62.6984 21.2688
      vertex 91.2444 62.7525 21.546
    endloop
  endfacet
  facet normal -0.382568 0.0376535 -0.92316
    outer loop
      vertex 90.9428 63 21.7638
      vertex 90.9247 62.8161 21.7638
      vertex 90.5806 63 21.9139
    endloop
  endfacet
  facet normal -0.195087 0.0192849 -0.980596
    outer loop
      vertex 90.5806 63 21.9139
      vertex 90.5694 62.8867 21.9139
      vertex 90.1923 62.9618 21.9904
    endloop
  endfacet
  facet normal -0.195051 0.0188924 -0.980611
    outer loop
      vertex 90.196 63 21.9904
      vertex 90.5806 63 21.9139
      vertex 90.1923 62.9618 21.9904
    endloop
  endfacet
  facet normal -0.734375 0.392598 -0.55368
    outer loop
      vertex 91.6296 62.325 20.9428
      vertex 91.4666 62.0201 20.9428
      vertex 91.2855 62.1411 21.2688
    endloop
  endfacet
  facet normal -0.734391 0.392334 -0.553845
    outer loop
      vertex 91.4283 62.4084 21.2688
      vertex 91.6296 62.325 20.9428
      vertex 91.2855 62.1411 21.2688
    endloop
  endfacet
  facet normal -0.547957 0.44965 -0.705378
    outer loop
      vertex 91.055 62.2951 21.546
      vertex 91.0932 61.9068 21.2688
      vertex 90.8972 62.1028 21.546
    endloop
  endfacet
  facet normal -0.430901 0.353594 -0.830239
    outer loop
      vertex 91.055 62.2951 21.546
      vertex 90.8972 62.1028 21.546
      vertex 90.6667 62.3333 21.7638
    endloop
  endfacet
  facet normal -0.241562 0.796938 -0.553658
    outer loop
      vertex 90.675 61.3704 20.9428
      vertex 90.3441 61.2701 20.9428
      vertex 90.3016 61.4837 21.2688
    endloop
  endfacet
  facet normal -0.241773 0.796752 -0.553834
    outer loop
      vertex 90.5916 61.5717 21.2688
      vertex 90.675 61.3704 20.9428
      vertex 90.3016 61.4837 21.2688
    endloop
  endfacet
  facet normal -0.333969 0.625194 -0.705406
    outer loop
      vertex 90.7049 61.945 21.546
      vertex 90.8589 61.7145 21.2688
      vertex 90.4855 61.8278 21.546
    endloop
  endfacet
  facet normal -0.333986 0.625171 -0.705419
    outer loop
      vertex 90.8589 61.7145 21.2688
      vertex 90.5916 61.5717 21.2688
      vertex 90.4855 61.8278 21.546
    endloop
  endfacet
  facet normal -0.714632 0.58657 -0.3811
    outer loop
      vertex 91.4666 62.0201 20.9428
      vertex 91.5913 61.9367 20.5806
      vertex 91.2472 61.7528 20.9428
    endloop
  endfacet
  facet normal -0.643674 0.528328 -0.553672
    outer loop
      vertex 91.2855 62.1411 21.2688
      vertex 91.4666 62.0201 20.9428
      vertex 91.2472 61.7528 20.9428
    endloop
  endfacet
  facet normal -0.069464 0.705399 -0.705399
    outer loop
      vertex 90 61.7312 21.546
      vertex 90.3016 61.4837 21.2688
      vertex 90 61.454 21.2688
    endloop
  endfacet
  facet normal -0.622432 -0.758256 -0.193975
    outer loop
      vertex 91.3813 64.3813 20.3813
      vertex 91.3533 64.3533 20.5806
      vertex 91.0764 64.5806 20.5806
    endloop
  endfacet
  facet normal -0.705352 -0.0695378 -0.705438
    outer loop
      vertex 91.5163 63.3016 21.2688
      vertex 91.2688 63 21.546
      vertex 91.2444 63.2475 21.546
    endloop
  endfacet
  facet normal -0.705399 -0.069464 -0.705399
    outer loop
      vertex 91.5163 63.3016 21.2688
      vertex 91.546 63 21.2688
      vertex 91.2688 63 21.546
    endloop
  endfacet
  facet normal -0.93879 -0.284604 -0.194097
    outer loop
      vertex 91.9521 63.3883 20.196
      vertex 91.8771 63.3734 20.5806
      vertex 91.8389 63.7617 20.196
    endloop
  endfacet
  facet normal -0.938713 -0.284752 -0.194254
    outer loop
      vertex 91.8389 63.7617 20.196
      vertex 91.8771 63.3734 20.5806
      vertex 91.7682 63.7324 20.5806
    endloop
  endfacet
  facet normal -0.625194 -0.333969 -0.705406
    outer loop
      vertex 91.2855 63.8589 21.2688
      vertex 91.1722 63.4855 21.546
      vertex 91.055 63.7049 21.546
    endloop
  endfacet
  facet normal -0.734391 -0.392334 -0.553845
    outer loop
      vertex 91.6296 63.675 20.9428
      vertex 91.4283 63.5916 21.2688
      vertex 91.2855 63.8589 21.2688
    endloop
  endfacet
  facet normal -0.884912 -0.268025 0.38091
    outer loop
      vertex 91.7567 63.5201 19.2433
      vertex 91.7682 63.7324 19.4194
      vertex 91.7163 63.7109 19.2837
    endloop
  endfacet
  facet normal -0.884651 -0.268352 0.381287
    outer loop
      vertex 91.7682 63.7324 19.4194
      vertex 91.7567 63.5201 19.2433
      vertex 91.8771 63.3734 19.4194
    endloop
  endfacet
  facet normal -0.815066 -0.43656 0.380899
    outer loop
      vertex 91.7163 63.7109 19.2837
      vertex 91.7682 63.7324 19.4194
      vertex 91.6829 63.8024 19.3171
    endloop
  endfacet
  facet normal -0.920081 0.0910752 0.380993
    outer loop
      vertex 91.9139 63 19.4194
      vertex 91.8163 63 19.1837
      vertex 91.8016 62.79 19.1984
    endloop
  endfacet
  facet normal -0.919961 0.0907282 0.381367
    outer loop
      vertex 91.8771 62.6266 19.4194
      vertex 91.8016 62.79 19.1984
      vertex 91.7914 62.6437 19.2086
    endloop
  endfacet
  facet normal -0.919982 0.0906678 0.381329
    outer loop
      vertex 91.8016 62.79 19.1984
      vertex 91.8771 62.6266 19.4194
      vertex 91.9139 63 19.4194
    endloop
  endfacet
  facet normal -0.0981587 0.995171 0
    outer loop
      vertex 90.3883 61.0479 20
      vertex 90 61.0096 20.196
      vertex 90.3883 61.0479 20.196
    endloop
  endfacet
  facet normal -0.0981587 0.995171 0
    outer loop
      vertex 90 61.0096 20.196
      vertex 90.3883 61.0479 20
      vertex 90 61.0096 20
    endloop
  endfacet
  facet normal -0.0962904 0.976229 -0.19418
    outer loop
      vertex 90 61.0861 20.5806
      vertex 90.3883 61.0479 20.196
      vertex 90 61.0096 20.196
    endloop
  endfacet
  facet normal -0.622394 -0.758353 0.193718
    outer loop
      vertex 91.3076 64.4608 19.6924
      vertex 91.4074 64.4074 19.804
      vertex 91.196 64.5809 19.804
    endloop
  endfacet
  facet normal -0.449679 -0.547892 -0.70541
    outer loop
      vertex 90.8589 64.2855 21.2688
      vertex 91.0932 64.0932 21.2688
      vertex 90.7049 64.055 21.546
    endloop
  endfacet
  facet normal -0.528328 -0.643674 -0.553672
    outer loop
      vertex 90.9799 64.4666 20.9428
      vertex 91.2472 64.2472 20.9428
      vertex 90.8589 64.2855 21.2688
    endloop
  endfacet
  facet normal -0.435905 -0.815382 -0.380971
    outer loop
      vertex 90.7071 64.7071 20.7402
      vertex 90.9799 64.4666 20.9428
      vertex 90.675 64.6296 20.9428
    endloop
  endfacet
  facet normal -0.435455 -0.81632 -0.379475
    outer loop
      vertex 90.8024 64.6829 20.6829
      vertex 90.7071 64.7071 20.7402
      vertex 90.7148 64.7148 20.7148
    endloop
  endfacet
  facet normal -0.436025 -0.81539 -0.380817
    outer loop
      vertex 90.7071 64.7071 20.7402
      vertex 90.8024 64.6829 20.6829
      vertex 90.9799 64.4666 20.9428
    endloop
  endfacet
  facet normal -0.265641 -0.885647 -0.380872
    outer loop
      vertex 90.7071 64.7071 20.7402
      vertex 90.675 64.6296 20.9428
      vertex 90.65 64.65 20.9128
    endloop
  endfacet
  facet normal -0.124433 -0.151462 -0.9806
    outer loop
      vertex 90.4105 63.4105 21.9139
      vertex 90.1386 63.1386 21.9904
      vertex 90.1089 63.163 21.9904
    endloop
  endfacet
  facet normal -0.12435 -0.151562 -0.980595
    outer loop
      vertex 90.3225 63.4827 21.9139
      vertex 90.4105 63.4105 21.9139
      vertex 90.1089 63.163 21.9904
    endloop
  endfacet
  facet normal -0.243785 -0.297134 -0.92319
    outer loop
      vertex 90.5238 63.7839 21.7638
      vertex 90.4105 63.4105 21.9139
      vertex 90.3225 63.4827 21.9139
    endloop
  endfacet
  facet normal -0.0570634 -0.187494 -0.980607
    outer loop
      vertex 90.2222 63.5364 21.9139
      vertex 90.075 63.1811 21.9904
      vertex 90.0382 63.1923 21.9904
    endloop
  endfacet
  facet normal 0 0 -1
    outer loop
      vertex 90.1923 62.9618 21.9904
      vertex 90.1923 63.0382 21.9904
      vertex 90.196 63 21.9904
    endloop
  endfacet
  facet normal 0 0 -1
    outer loop
      vertex 90.1811 62.925 21.9904
      vertex 90.1923 63.0382 21.9904
      vertex 90.1923 62.9618 21.9904
    endloop
  endfacet
  facet normal 0 0 -1
    outer loop
      vertex 90.1811 62.925 21.9904
      vertex 90.1811 63.075 21.9904
      vertex 90.1923 63.0382 21.9904
    endloop
  endfacet
  facet normal 0 0 -1
    outer loop
      vertex 90.163 62.8911 21.9904
      vertex 90.1811 63.075 21.9904
      vertex 90.1811 62.925 21.9904
    endloop
  endfacet
  facet normal 0 0 -1
    outer loop
      vertex 90.163 62.8911 21.9904
      vertex 90.163 63.1089 21.9904
      vertex 90.1811 63.075 21.9904
    endloop
  endfacet
  facet normal 0 0 -1
    outer loop
      vertex 90.1386 62.8614 21.9904
      vertex 90.163 63.1089 21.9904
      vertex 90.163 62.8911 21.9904
    endloop
  endfacet
  facet normal 0 0 -1
    outer loop
      vertex 90.1386 62.8614 21.9904
      vertex 90.1386 63.1386 21.9904
      vertex 90.163 63.1089 21.9904
    endloop
  endfacet
  facet normal 0 0 -1
    outer loop
      vertex 90.1089 62.837 21.9904
      vertex 90.1386 63.1386 21.9904
      vertex 90.1386 62.8614 21.9904
    endloop
  endfacet
  facet normal 0 0 -1
    outer loop
      vertex 90.1089 62.837 21.9904
      vertex 90.1089 63.163 21.9904
      vertex 90.1386 63.1386 21.9904
    endloop
  endfacet
  facet normal 0 0 -1
    outer loop
      vertex 90.075 62.8189 21.9904
      vertex 90.1089 63.163 21.9904
      vertex 90.1089 62.837 21.9904
    endloop
  endfacet
  facet normal 0 0 -1
    outer loop
      vertex 90.075 62.8189 21.9904
      vertex 90.075 63.1811 21.9904
      vertex 90.1089 63.163 21.9904
    endloop
  endfacet
  facet normal 0 0 -1
    outer loop
      vertex 90.0382 62.8077 21.9904
      vertex 90.075 63.1811 21.9904
      vertex 90.075 62.8189 21.9904
    endloop
  endfacet
  facet normal 0 0 -1
    outer loop
      vertex 90.0382 62.8077 21.9904
      vertex 90.0382 63.1923 21.9904
      vertex 90.075 63.1811 21.9904
    endloop
  endfacet
  facet normal 0 0 -1
    outer loop
      vertex 90 62.804 21.9904
      vertex 90.0382 63.1923 21.9904
      vertex 90.0382 62.8077 21.9904
    endloop
  endfacet
  facet normal -0 0 -1
    outer loop
      vertex 90.0382 63.1923 21.9904
      vertex 90 62.804 21.9904
      vertex 90 63.196 21.9904
    endloop
  endfacet
  facet normal -0.181406 0.338827 -0.923195
    outer loop
      vertex 90.3225 62.5173 21.9139
      vertex 90.5238 62.2161 21.7638
      vertex 90.2222 62.4636 21.9139
    endloop
  endfacet
  facet normal -0.243785 0.297134 -0.92319
    outer loop
      vertex 90.4105 62.5895 21.9139
      vertex 90.5238 62.2161 21.7638
      vertex 90.3225 62.5173 21.9139
    endloop
  endfacet
  facet normal -0.161901 0.53334 -0.830263
    outer loop
      vertex 90.3608 62.129 21.7638
      vertex 90.4855 61.8278 21.546
      vertex 90.1839 62.0753 21.7638
    endloop
  endfacet
  facet normal -0.262692 0.491604 -0.830252
    outer loop
      vertex 90.5238 62.2161 21.7638
      vertex 90.4855 61.8278 21.546
      vertex 90.3608 62.129 21.7638
    endloop
  endfacet
  facet normal -0.367864 0.111669 -0.92315
    outer loop
      vertex 90.9247 62.8161 21.7638
      vertex 90.871 62.6392 21.7638
      vertex 90.5364 62.7778 21.9139
    endloop
  endfacet
  facet normal -0.533415 0.161817 -0.830231
    outer loop
      vertex 91.2444 62.7525 21.546
      vertex 91.1722 62.5145 21.546
      vertex 90.9247 62.8161 21.7638
    endloop
  endfacet
  facet normal -0.367855 0.111471 -0.923177
    outer loop
      vertex 90.5694 62.8867 21.9139
      vertex 90.9247 62.8161 21.7638
      vertex 90.5364 62.7778 21.9139
    endloop
  endfacet
  facet normal -0.187606 0.0568503 -0.980598
    outer loop
      vertex 90.5694 62.8867 21.9139
      vertex 90.5364 62.7778 21.9139
      vertex 90.1923 62.9618 21.9904
    endloop
  endfacet
  facet normal -0.625171 -0.333986 -0.705419
    outer loop
      vertex 91.2855 63.8589 21.2688
      vertex 91.4283 63.5916 21.2688
      vertex 91.1722 63.4855 21.546
    endloop
  endfacet
  facet normal -0.67826 -0.205817 -0.70541
    outer loop
      vertex 91.4283 63.5916 21.2688
      vertex 91.5163 63.3016 21.2688
      vertex 91.1722 63.4855 21.546
    endloop
  endfacet
  facet normal -0.547957 -0.44965 -0.705378
    outer loop
      vertex 91.0932 64.0932 21.2688
      vertex 91.055 63.7049 21.546
      vertex 90.8972 63.8972 21.546
    endloop
  endfacet
  facet normal -0.547892 -0.449679 -0.70541
    outer loop
      vertex 91.0932 64.0932 21.2688
      vertex 91.2855 63.8589 21.2688
      vertex 91.055 63.7049 21.546
    endloop
  endfacet
  facet normal -0.0188924 -0.195051 -0.980611
    outer loop
      vertex 90 63.5806 21.9139
      vertex 90.0382 63.1923 21.9904
      vertex 90 63.196 21.9904
    endloop
  endfacet
  facet normal -0.0923106 -0.172891 -0.980606
    outer loop
      vertex 90.2222 63.5364 21.9139
      vertex 90.1089 63.163 21.9904
      vertex 90.075 63.1811 21.9904
    endloop
  endfacet
  facet normal -0.554695 0.0545948 -0.83026
    outer loop
      vertex 90.9428 63 21.7638
      vertex 91.2688 63 21.546
      vertex 90.9247 62.8161 21.7638
    endloop
  endfacet
  facet normal -0.554695 -0.0545948 -0.83026
    outer loop
      vertex 91.2688 63 21.546
      vertex 90.9428 63 21.7638
      vertex 90.9247 63.1839 21.7638
    endloop
  endfacet
  facet normal -0.172891 0.0923106 -0.980606
    outer loop
      vertex 90.1811 62.925 21.9904
      vertex 90.5364 62.7778 21.9139
      vertex 90.163 62.8911 21.9904
    endloop
  endfacet
  facet normal -0.187494 0.0570634 -0.980607
    outer loop
      vertex 90.1923 62.9618 21.9904
      vertex 90.5364 62.7778 21.9139
      vertex 90.1811 62.925 21.9904
    endloop
  endfacet
  facet normal -0.339069 0.181184 -0.923149
    outer loop
      vertex 90.871 62.6392 21.7638
      vertex 90.7839 62.4762 21.7638
      vertex 90.5364 62.7778 21.9139
    endloop
  endfacet
  facet normal -0.491604 0.262692 -0.830252
    outer loop
      vertex 90.871 62.6392 21.7638
      vertex 91.1722 62.5145 21.546
      vertex 90.7839 62.4762 21.7638
    endloop
  endfacet
  facet normal 1 0 -0
    outer loop
      vertex 4 65 4
      vertex 4 65 4.72954
      vertex 4 64.2705 4.72954
    endloop
  endfacet
  facet normal 5.10123e-05 0.707132 0.707081
    outer loop
      vertex 4 65 4
      vertex 4.26878 64.454 4.54602
      vertex 4.4142 64.5858 4.4142
    endloop
  endfacet
  facet normal 1.87879e-05 0.707124 0.707089
    outer loop
      vertex 4.26878 64.454 4.54602
      vertex 4 65 4
      vertex 4.11113 64.3371 4.66293
    endloop
  endfacet
  facet normal 4.03916e-05 0.707126 0.707087
    outer loop
      vertex 4.11113 64.3371 4.66293
      vertex 4 65 4
      vertex 4 64.2705 4.72954
    endloop
  endfacet
  facet normal 0.000480092 0.707082 0.707131
    outer loop
      vertex 93 65 4
      vertex 92.8889 64.3371 4.66293
      vertex 93 64.2704 4.72955
    endloop
  endfacet
  facet normal -1.87832e-05 0.707124 0.707089
    outer loop
      vertex 93 65 4
      vertex 92.7312 64.454 4.54602
      vertex 92.8889 64.3371 4.66293
    endloop
  endfacet
  facet normal -1.73914e-05 0.707124 0.70709
    outer loop
      vertex 92.7312 64.454 4.54602
      vertex 93 65 4
      vertex 92.5858 64.5858 4.41421
    endloop
  endfacet
  facet normal 0 0.707107 0.707107
    outer loop
      vertex 92 65 4
      vertex 91 64 5
      vertex 92 64 5
    endloop
  endfacet
  facet normal 0 0.707107 0.707107
    outer loop
      vertex 91 64 5
      vertex 92 65 4
      vertex 6 64 5
    endloop
  endfacet
  facet normal -0 0.707107 0.707107
    outer loop
      vertex 5 65 4
      vertex 6 64 5
      vertex 92 65 4
    endloop
  endfacet
  facet normal 0 0.707107 0.707107
    outer loop
      vertex 6 64 5
      vertex 5 65 4
      vertex 5 64 5
    endloop
  endfacet
  facet normal -1 -0 -0
    outer loop
      vertex 93 65 4.72955
      vertex 93 65 4
      vertex 93 64.2704 4.72955
    endloop
  endfacet
  facet normal 1 0 -0
    outer loop
      vertex 4 65 20.2704
      vertex 4 65 21
      vertex 4 64.2704 20.2704
    endloop
  endfacet
  facet normal 4.44369e-14 0.707107 -0.707107
    outer loop
      vertex 6.19763 64.6829 20.6829
      vertex 6 65 21
      vertex 6.28517 64.7148 20.7148
    endloop
  endfacet
  facet normal -1.02716e-14 0.707107 -0.707107
    outer loop
      vertex 5.93855 64.5886 20.5886
      vertex 6 65 21
      vertex 6.19763 64.6829 20.6829
    endloop
  endfacet
  facet normal 5.87474e-13 0.707107 -0.707107
    outer loop
      vertex 5.9339 64.5861 20.5861
      vertex 6 65 21
      vertex 5.93855 64.5886 20.5886
    endloop
  endfacet
  facet normal -3.53496e-15 0.707107 -0.707107
    outer loop
      vertex 5.92359 64.5806 20.5806
      vertex 6 65 21
      vertex 5.9339 64.5861 20.5861
    endloop
  endfacet
  facet normal -2.31697e-14 0.707107 -0.707107
    outer loop
      vertex 5.61866 64.3813 20.3813
      vertex 6 65 21
      vertex 5.92359 64.5806 20.5806
    endloop
  endfacet
  facet normal 0 0.707107 -0.707107
    outer loop
      vertex 6 65 21
      vertex 5.61866 64.3813 20.3813
      vertex 5 65 21
    endloop
  endfacet
  facet normal -1.44504e-14 0.707107 -0.707107
    outer loop
      vertex 5.53924 64.3076 20.3076
      vertex 5 65 21
      vertex 5.61866 64.3813 20.3813
    endloop
  endfacet
  facet normal 1.60193e-14 0.707107 -0.707107
    outer loop
      vertex 5.41913 64.196 20.196
      vertex 5 65 21
      vertex 5.53924 64.3076 20.3076
    endloop
  endfacet
  facet normal -3.25491e-14 0.707107 -0.707107
    outer loop
      vertex 5 64 20
      vertex 5.41913 64.196 20.196
      vertex 5.34507 64.1058 20.1058
    endloop
  endfacet
  facet normal 0 0.707107 -0.707107
    outer loop
      vertex 5 64 20
      vertex 5.34507 64.1058 20.1058
      vertex 5.28852 64 20
    endloop
  endfacet
  facet normal 5.99372e-15 0.707107 -0.707107
    outer loop
      vertex 5.41913 64.196 20.196
      vertex 5 64 20
      vertex 5 65 21
    endloop
  endfacet
  facet normal -4.20471e-14 0.707107 -0.707107
    outer loop
      vertex 4 65 21
      vertex 4.4142 64.5858 20.5858
      vertex 4.26878 64.454 20.454
    endloop
  endfacet
  facet normal 5.17808e-14 0.707107 -0.707107
    outer loop
      vertex 4 65 21
      vertex 4.26878 64.454 20.454
      vertex 4.11113 64.3371 20.3371
    endloop
  endfacet
  facet normal -6.58397e-14 0.707107 -0.707107
    outer loop
      vertex 4 65 21
      vertex 4.11113 64.3371 20.3371
      vertex 4 64.2704 20.2704
    endloop
  endfacet
  facet normal 0 0.707107 -0.707107
    outer loop
      vertex 4.4142 64.5858 20.5858
      vertex 4 65 21
      vertex 4.41421 64.5858 20.5858
    endloop
  endfacet
  facet normal 6.5797e-14 0.707107 -0.707107
    outer loop
      vertex 92.8889 64.3371 20.3371
      vertex 93 65 21
      vertex 93 64.2704 20.2704
    endloop
  endfacet
  facet normal -5.16843e-14 0.707107 -0.707107
    outer loop
      vertex 92.7312 64.454 20.454
      vertex 93 65 21
      vertex 92.8889 64.3371 20.3371
    endloop
  endfacet
  facet normal 4.20501e-14 0.707107 -0.707107
    outer loop
      vertex 93 65 21
      vertex 92.7312 64.454 20.454
      vertex 92.5858 64.5858 20.5858
    endloop
  endfacet
  facet normal 0 0.707107 -0.707107
    outer loop
      vertex 91.3813 64.3813 20.3813
      vertex 91 65 21
      vertex 92 65 21
    endloop
  endfacet
  facet normal -4.43413e-14 0.707107 -0.707107
    outer loop
      vertex 91 65 21
      vertex 90.8024 64.6829 20.6829
      vertex 90.7148 64.7148 20.7148
    endloop
  endfacet
  facet normal 1.01252e-14 0.707107 -0.707107
    outer loop
      vertex 91 65 21
      vertex 91.0615 64.5886 20.5886
      vertex 90.8024 64.6829 20.6829
    endloop
  endfacet
  facet normal -5.98259e-13 0.707107 -0.707107
    outer loop
      vertex 91 65 21
      vertex 91.0661 64.5861 20.5861
      vertex 91.0615 64.5886 20.5886
    endloop
  endfacet
  facet normal 5.03284e-15 0.707107 -0.707107
    outer loop
      vertex 91 65 21
      vertex 91.0764 64.5806 20.5806
      vertex 91.0661 64.5861 20.5861
    endloop
  endfacet
  facet normal 2.29977e-14 0.707107 -0.707107
    outer loop
      vertex 91 65 21
      vertex 91.3813 64.3813 20.3813
      vertex 91.0764 64.5806 20.5806
    endloop
  endfacet
  facet normal 1.44942e-14 0.707107 -0.707107
    outer loop
      vertex 92 65 21
      vertex 91.4608 64.3076 20.3076
      vertex 91.3813 64.3813 20.3813
    endloop
  endfacet
  facet normal -1.58836e-14 0.707107 -0.707107
    outer loop
      vertex 92 65 21
      vertex 91.5809 64.196 20.196
      vertex 91.4608 64.3076 20.3076
    endloop
  endfacet
  facet normal -5.99415e-15 0.707107 -0.707107
    outer loop
      vertex 92 64 20
      vertex 91.5809 64.196 20.196
      vertex 92 65 21
    endloop
  endfacet
  facet normal 3.25364e-14 0.707107 -0.707107
    outer loop
      vertex 91.5809 64.196 20.196
      vertex 92 64 20
      vertex 91.6549 64.1058 20.1058
    endloop
  endfacet
  facet normal 0 0.707107 -0.707107
    outer loop
      vertex 91.6549 64.1058 20.1058
      vertex 92 64 20
      vertex 91.7115 64 20
    endloop
  endfacet
  facet normal -1 0 -0
    outer loop
      vertex 93 65 21
      vertex 93 65 20.2704
      vertex 93 64.2704 20.2704
    endloop
  endfacet
  facet normal 0 1 0
    outer loop
      vertex 5 55 5
      vertex 3.19603 55 4.99036
      vertex 3 55 5
    endloop
  endfacet
  facet normal 0 1 0
    outer loop
      vertex 5 55 5
      vertex 3.39017 55 4.96156
      vertex 3.19603 55 4.99036
    endloop
  endfacet
  facet normal 0 1 0
    outer loop
      vertex 5 55 5
      vertex 3.58057 55 4.91388
      vertex 3.39017 55 4.96156
    endloop
  endfacet
  facet normal 0 1 0
    outer loop
      vertex 5 55 5
      vertex 3.76537 55 4.84775
      vertex 3.58057 55 4.91388
    endloop
  endfacet
  facet normal 0 1 0
    outer loop
      vertex 5 55 5
      vertex 3.94278 55 4.76384
      vertex 3.76537 55 4.84775
    endloop
  endfacet
  facet normal 0 1 0
    outer loop
      vertex 5 55 5
      vertex 4.11113 55 4.66293
      vertex 3.94278 55 4.76384
    endloop
  endfacet
  facet normal 0 1 0
    outer loop
      vertex 5 55 5
      vertex 4.26878 55 4.54602
      vertex 4.11113 55 4.66293
    endloop
  endfacet
  facet normal 0 1 0
    outer loop
      vertex 5 55 5
      vertex 4.4142 55 4.4142
      vertex 4.26878 55 4.54602
    endloop
  endfacet
  facet normal 0 1 0
    outer loop
      vertex 5 55 5
      vertex 4.54602 55 4.26878
      vertex 4.4142 55 4.4142
    endloop
  endfacet
  facet normal 0 1 0
    outer loop
      vertex 5 55 5
      vertex 4.66293 55 4.11113
      vertex 4.54602 55 4.26878
    endloop
  endfacet
  facet normal 0 1 0
    outer loop
      vertex 5 55 5
      vertex 4.76384 55 3.94278
      vertex 4.66293 55 4.11113
    endloop
  endfacet
  facet normal 0 1 0
    outer loop
      vertex 5 55 5
      vertex 4.84775 55 3.76537
      vertex 4.76384 55 3.94278
    endloop
  endfacet
  facet normal 0 1 0
    outer loop
      vertex 5 55 5
      vertex 4.91388 55 3.58057
      vertex 4.84775 55 3.76537
    endloop
  endfacet
  facet normal 0 1 0
    outer loop
      vertex 5 55 5
      vertex 4.96156 55 3.39017
      vertex 4.91388 55 3.58057
    endloop
  endfacet
  facet normal 0 1 0
    outer loop
      vertex 5 55 5
      vertex 4.99036 55 3.19603
      vertex 4.96156 55 3.39017
    endloop
  endfacet
  facet normal -0 1 0
    outer loop
      vertex 4.99036 55 3.19603
      vertex 5 55 5
      vertex 5 55 3
    endloop
  endfacet
  facet normal 0.998793 -0 0.0491168
    outer loop
      vertex 4.99036 55 3.19603
      vertex 5 64 3
      vertex 4.99036 64.0096 3.19603
    endloop
  endfacet
  facet normal 0.998793 0 0.0491168
    outer loop
      vertex 5 64 3
      vertex 4.99036 55 3.19603
      vertex 5 55 3
    endloop
  endfacet
  facet normal 0.989175 -0 0.146741
    outer loop
      vertex 4.96156 55 3.39017
      vertex 4.99036 64.0096 3.19603
      vertex 4.96156 64.0384 3.39017
    endloop
  endfacet
  facet normal 0.989175 0 0.146741
    outer loop
      vertex 4.99036 64.0096 3.19603
      vertex 4.96156 55 3.39017
      vertex 4.99036 55 3.19603
    endloop
  endfacet
  facet normal 0.970047 -0 0.242919
    outer loop
      vertex 4.91388 55 3.58057
      vertex 4.96156 64.0384 3.39017
      vertex 4.91388 64.0861 3.58057
    endloop
  endfacet
  facet normal 0.970047 0 0.242919
    outer loop
      vertex 4.96156 64.0384 3.39017
      vertex 4.91388 55 3.58057
      vertex 4.96156 55 3.39017
    endloop
  endfacet
  facet normal 0.941532 -0 0.336924
    outer loop
      vertex 4.84775 55 3.76537
      vertex 4.91388 64.0861 3.58057
      vertex 4.84775 64.1523 3.76537
    endloop
  endfacet
  facet normal 0.941532 0 0.336924
    outer loop
      vertex 4.91388 64.0861 3.58057
      vertex 4.84775 55 3.76537
      vertex 4.91388 55 3.58057
    endloop
  endfacet
  facet normal 0.903987 -0 0.427561
    outer loop
      vertex 4.76384 55 3.94278
      vertex 4.84775 64.1523 3.76537
      vertex 4.76384 64.2362 3.94278
    endloop
  endfacet
  facet normal 0.903987 0 0.427561
    outer loop
      vertex 4.84775 64.1523 3.76537
      vertex 4.76384 55 3.94278
      vertex 4.84775 55 3.76537
    endloop
  endfacet
  facet normal 0.857718 -0 0.514121
    outer loop
      vertex 4.66293 55 4.11113
      vertex 4.76384 64.2362 3.94278
      vertex 4.66293 64.3371 4.11113
    endloop
  endfacet
  facet normal 0.857718 0 0.514121
    outer loop
      vertex 4.76384 64.2362 3.94278
      vertex 4.66293 55 4.11113
      vertex 4.76384 55 3.94278
    endloop
  endfacet
  facet normal 0.803235 -0 0.595662
    outer loop
      vertex 4.54602 55 4.26878
      vertex 4.66293 64.3371 4.11113
      vertex 4.54602 64.454 4.26878
    endloop
  endfacet
  facet normal 0.803235 0 0.595662
    outer loop
      vertex 4.66293 64.3371 4.11113
      vertex 4.54602 55 4.26878
      vertex 4.66293 55 4.11113
    endloop
  endfacet
  facet normal 0.740903 -0 0.671612
    outer loop
      vertex 4.4142 55 4.4142
      vertex 4.54602 64.454 4.26878
      vertex 4.4142 64.5858 4.4142
    endloop
  endfacet
  facet normal 0.740903 0 0.671612
    outer loop
      vertex 4.54602 64.454 4.26878
      vertex 4.4142 55 4.4142
      vertex 4.54602 55 4.26878
    endloop
  endfacet
  facet normal 0.671612 0 0.740903
    outer loop
      vertex 4.26878 64.454 4.54602
      vertex 4.4142 55 4.4142
      vertex 4.4142 64.5858 4.4142
    endloop
  endfacet
  facet normal 0.671612 0 0.740903
    outer loop
      vertex 4.4142 55 4.4142
      vertex 4.26878 64.454 4.54602
      vertex 4.26878 55 4.54602
    endloop
  endfacet
  facet normal 0.595662 0 0.803235
    outer loop
      vertex 4.11113 64.3371 4.66293
      vertex 4.26878 55 4.54602
      vertex 4.26878 64.454 4.54602
    endloop
  endfacet
  facet normal 0.595662 0 0.803235
    outer loop
      vertex 4.26878 55 4.54602
      vertex 4.11113 64.3371 4.66293
      vertex 4.11113 55 4.66293
    endloop
  endfacet
  facet normal 0.514143 0 0.857704
    outer loop
      vertex 4 65 4.72954
      vertex 3.94278 65 4.76384
      vertex 4 64.2705 4.72954
    endloop
  endfacet
  facet normal 0.51411 0 0.857724
    outer loop
      vertex 4 64.2705 4.72954
      vertex 4.11113 55 4.66293
      vertex 4.11113 64.3371 4.66293
    endloop
  endfacet
  facet normal 0.514143 -0 0.857704
    outer loop
      vertex 3.94278 55 4.76384
      vertex 4 64.2705 4.72954
      vertex 3.94278 65 4.76384
    endloop
  endfacet
  facet normal 0.514121 1.83998e-07 0.857718
    outer loop
      vertex 4 64.2705 4.72954
      vertex 3.94278 55 4.76384
      vertex 4.11113 55 4.66293
    endloop
  endfacet
  facet normal 0.427561 0 0.903987
    outer loop
      vertex 3.76537 65 4.84775
      vertex 3.94278 55 4.76384
      vertex 3.94278 65 4.76384
    endloop
  endfacet
  facet normal 0.427561 0 0.903987
    outer loop
      vertex 3.94278 55 4.76384
      vertex 3.76537 65 4.84775
      vertex 3.76537 55 4.84775
    endloop
  endfacet
  facet normal 0.336924 0 0.941532
    outer loop
      vertex 3.58057 65 4.91388
      vertex 3.76537 55 4.84775
      vertex 3.76537 65 4.84775
    endloop
  endfacet
  facet normal 0.336924 0 0.941532
    outer loop
      vertex 3.76537 55 4.84775
      vertex 3.58057 65 4.91388
      vertex 3.58057 55 4.91388
    endloop
  endfacet
  facet normal 0.242919 0 0.970047
    outer loop
      vertex 3.39017 65 4.96156
      vertex 3.58057 55 4.91388
      vertex 3.58057 65 4.91388
    endloop
  endfacet
  facet normal 0.242919 0 0.970047
    outer loop
      vertex 3.58057 55 4.91388
      vertex 3.39017 65 4.96156
      vertex 3.39017 55 4.96156
    endloop
  endfacet
  facet normal 0.146741 0 0.989175
    outer loop
      vertex 3.19603 65 4.99036
      vertex 3.39017 55 4.96156
      vertex 3.39017 65 4.96156
    endloop
  endfacet
  facet normal 0.146741 0 0.989175
    outer loop
      vertex 3.39017 55 4.96156
      vertex 3.19603 65 4.99036
      vertex 3.19603 55 4.99036
    endloop
  endfacet
  facet normal 0.0491168 0 0.998793
    outer loop
      vertex 3 65 5
      vertex 3.19603 55 4.99036
      vertex 3.19603 65 4.99036
    endloop
  endfacet
  facet normal 0.0491168 0 0.998793
    outer loop
      vertex 3.19603 55 4.99036
      vertex 3 65 5
      vertex 3 55 5
    endloop
  endfacet
  facet normal 0 1 -0
    outer loop
      vertex 93.804 55 4.99036
      vertex 92 55 5
      vertex 94 55 5
    endloop
  endfacet
  facet normal 0 1 -0
    outer loop
      vertex 93.6098 55 4.96156
      vertex 92 55 5
      vertex 93.804 55 4.99036
    endloop
  endfacet
  facet normal 0 1 -0
    outer loop
      vertex 93.4194 55 4.91388
      vertex 92 55 5
      vertex 93.6098 55 4.96156
    endloop
  endfacet
  facet normal 0 1 -0
    outer loop
      vertex 93.2346 55 4.84775
      vertex 92 55 5
      vertex 93.4194 55 4.91388
    endloop
  endfacet
  facet normal 0 1 -0
    outer loop
      vertex 93.0572 55 4.76384
      vertex 92 55 5
      vertex 93.2346 55 4.84775
    endloop
  endfacet
  facet normal 0 1 -0
    outer loop
      vertex 92.8889 55 4.66293
      vertex 92 55 5
      vertex 93.0572 55 4.76384
    endloop
  endfacet
  facet normal 0 1 -0
    outer loop
      vertex 92.7312 55 4.54602
      vertex 92 55 5
      vertex 92.8889 55 4.66293
    endloop
  endfacet
  facet normal 0 1 -0
    outer loop
      vertex 92.5858 55 4.4142
      vertex 92 55 5
      vertex 92.7312 55 4.54602
    endloop
  endfacet
  facet normal 0 1 -0
    outer loop
      vertex 92.454 55 4.26878
      vertex 92 55 5
      vertex 92.5858 55 4.4142
    endloop
  endfacet
  facet normal 0 1 -0
    outer loop
      vertex 92.3371 55 4.11113
      vertex 92 55 5
      vertex 92.454 55 4.26878
    endloop
  endfacet
  facet normal 0 1 -0
    outer loop
      vertex 92.2361 55 3.94278
      vertex 92 55 5
      vertex 92.3371 55 4.11113
    endloop
  endfacet
  facet normal 0 1 -0
    outer loop
      vertex 92.1522 55 3.76537
      vertex 92 55 5
      vertex 92.2361 55 3.94278
    endloop
  endfacet
  facet normal 0 1 -0
    outer loop
      vertex 92.0861 55 3.58057
      vertex 92 55 5
      vertex 92.1522 55 3.76537
    endloop
  endfacet
  facet normal 0 1 -0
    outer loop
      vertex 92.0384 55 3.39017
      vertex 92 55 5
      vertex 92.0861 55 3.58057
    endloop
  endfacet
  facet normal 0 1 -0
    outer loop
      vertex 92.0096 55 3.19603
      vertex 92 55 5
      vertex 92.0384 55 3.39017
    endloop
  endfacet
  facet normal 0 1 0
    outer loop
      vertex 92 55 5
      vertex 92.0096 55 3.19603
      vertex 92 55 3
    endloop
  endfacet
  facet normal -0.146696 0 0.989182
    outer loop
      vertex 93.6098 65 4.96156
      vertex 93.804 55 4.99036
      vertex 93.804 65 4.99036
    endloop
  endfacet
  facet normal -0.146696 0 0.989182
    outer loop
      vertex 93.804 55 4.99036
      vertex 93.6098 65 4.96156
      vertex 93.6098 55 4.96156
    endloop
  endfacet
  facet normal -0.242919 0 0.970047
    outer loop
      vertex 93.4194 65 4.91388
      vertex 93.6098 55 4.96156
      vertex 93.6098 65 4.96156
    endloop
  endfacet
  facet normal -0.242919 0 0.970047
    outer loop
      vertex 93.6098 55 4.96156
      vertex 93.4194 65 4.91388
      vertex 93.4194 55 4.91388
    endloop
  endfacet
  facet normal -0.336924 0 0.941532
    outer loop
      vertex 93.2346 65 4.84775
      vertex 93.4194 55 4.91388
      vertex 93.4194 65 4.91388
    endloop
  endfacet
  facet normal -0.336924 0 0.941532
    outer loop
      vertex 93.4194 55 4.91388
      vertex 93.2346 65 4.84775
      vertex 93.2346 55 4.84775
    endloop
  endfacet
  facet normal -0.42758 0 0.903977
    outer loop
      vertex 93.0572 65 4.76384
      vertex 93.2346 55 4.84775
      vertex 93.2346 65 4.84775
    endloop
  endfacet
  facet normal -0.42758 0 0.903977
    outer loop
      vertex 93.2346 55 4.84775
      vertex 93.0572 65 4.76384
      vertex 93.0572 55 4.76384
    endloop
  endfacet
  facet normal -0.514165 0 0.857691
    outer loop
      vertex 93 64.2704 4.72955
      vertex 93.0572 65 4.76384
      vertex 93 65 4.72955
    endloop
  endfacet
  facet normal -0.514165 0 0.857691
    outer loop
      vertex 93.0572 65 4.76384
      vertex 93 64.2704 4.72955
      vertex 93.0572 55 4.76384
    endloop
  endfacet
  facet normal -0.514269 0 0.857629
    outer loop
      vertex 92.8889 55 4.66293
      vertex 93 64.2704 4.72955
      vertex 92.8889 64.3371 4.66293
    endloop
  endfacet
  facet normal -0.514233 -5.74439e-07 0.85765
    outer loop
      vertex 93 64.2704 4.72955
      vertex 92.8889 55 4.66293
      vertex 93.0572 55 4.76384
    endloop
  endfacet
  facet normal -0.595541 0 0.803325
    outer loop
      vertex 92.7312 55 4.54602
      vertex 92.8889 64.3371 4.66293
      vertex 92.7312 64.454 4.54602
    endloop
  endfacet
  facet normal -0.595541 0 0.803325
    outer loop
      vertex 92.8889 64.3371 4.66293
      vertex 92.7312 55 4.54602
      vertex 92.8889 55 4.66293
    endloop
  endfacet
  facet normal -0.671607 -0.740908 0
    outer loop
      vertex 92.5858 64.5858 4.4142
      vertex 92.7312 64.454 4.54602
      vertex 92.5858 64.5858 4.41421
    endloop
  endfacet
  facet normal -0.671663 0 0.740857
    outer loop
      vertex 92.5858 55 4.4142
      vertex 92.7312 64.454 4.54602
      vertex 92.5858 64.5858 4.4142
    endloop
  endfacet
  facet normal -0.671663 0 0.740857
    outer loop
      vertex 92.7312 64.454 4.54602
      vertex 92.5858 55 4.4142
      vertex 92.7312 55 4.54602
    endloop
  endfacet
  facet normal -0.740954 0 0.671556
    outer loop
      vertex 92.5858 55 4.4142
      vertex 92.454 64.454 4.26878
      vertex 92.454 55 4.26878
    endloop
  endfacet
  facet normal -0.740954 0 0.671556
    outer loop
      vertex 92.454 64.454 4.26878
      vertex 92.5858 55 4.4142
      vertex 92.5858 64.5858 4.4142
    endloop
  endfacet
  facet normal -0.803259 0 0.59563
    outer loop
      vertex 92.454 55 4.26878
      vertex 92.3371 64.3371 4.11113
      vertex 92.3371 55 4.11113
    endloop
  endfacet
  facet normal -0.803259 0 0.59563
    outer loop
      vertex 92.3371 64.3371 4.11113
      vertex 92.454 55 4.26878
      vertex 92.454 64.454 4.26878
    endloop
  endfacet
  facet normal -0.857515 0 0.514458
    outer loop
      vertex 92.3371 55 4.11113
      vertex 92.2361 64.2361 3.94278
      vertex 92.2361 55 3.94278
    endloop
  endfacet
  facet normal -0.857515 0 0.514458
    outer loop
      vertex 92.2361 64.2361 3.94278
      vertex 92.3371 55 4.11113
      vertex 92.3371 64.3371 4.11113
    endloop
  endfacet
  facet normal -0.904006 0 0.427519
    outer loop
      vertex 92.2361 55 3.94278
      vertex 92.1522 64.1522 3.76537
      vertex 92.1522 55 3.76537
    endloop
  endfacet
  facet normal -0.904006 0 0.427519
    outer loop
      vertex 92.1522 64.1522 3.76537
      vertex 92.2361 55 3.94278
      vertex 92.2361 64.2361 3.94278
    endloop
  endfacet
  facet normal -0.94158 0 0.336788
    outer loop
      vertex 92.1522 55 3.76537
      vertex 92.0861 64.0861 3.58057
      vertex 92.0861 55 3.58057
    endloop
  endfacet
  facet normal -0.94158 0 0.336788
    outer loop
      vertex 92.0861 64.0861 3.58057
      vertex 92.1522 55 3.76537
      vertex 92.1522 64.1522 3.76537
    endloop
  endfacet
  facet normal -0.970023 0 0.243015
    outer loop
      vertex 92.0861 55 3.58057
      vertex 92.0384 64.0384 3.39017
      vertex 92.0384 55 3.39017
    endloop
  endfacet
  facet normal -0.970023 0 0.243015
    outer loop
      vertex 92.0384 64.0384 3.39017
      vertex 92.0861 55 3.58057
      vertex 92.0861 64.0861 3.58057
    endloop
  endfacet
  facet normal -0.989175 0 0.146741
    outer loop
      vertex 92.0384 55 3.39017
      vertex 92.0096 64.0096 3.19603
      vertex 92.0096 55 3.19603
    endloop
  endfacet
  facet normal -0.989175 0 0.146741
    outer loop
      vertex 92.0096 64.0096 3.19603
      vertex 92.0384 55 3.39017
      vertex 92.0384 64.0384 3.39017
    endloop
  endfacet
  facet normal -0.998803 0 0.0489135
    outer loop
      vertex 92.0096 55 3.19603
      vertex 92 64 3
      vertex 92 55 3
    endloop
  endfacet
  facet normal -0.998803 0 0.0489135
    outer loop
      vertex 92 64 3
      vertex 92.0096 55 3.19603
      vertex 92.0096 64.0096 3.19603
    endloop
  endfacet
  facet normal -0.0491243 0 0.998793
    outer loop
      vertex 93.804 65 4.99036
      vertex 94 55 5
      vertex 94 65 5
    endloop
  endfacet
  facet normal -0.0491243 0 0.998793
    outer loop
      vertex 94 55 5
      vertex 93.804 65 4.99036
      vertex 93.804 55 4.99036
    endloop
  endfacet
  facet normal 0 1 -0
    outer loop
      vertex 5 55 20
      vertex 4.99036 55 21.804
      vertex 5 55 22
    endloop
  endfacet
  facet normal 0 1 0
    outer loop
      vertex 5 55 20
      vertex 4.96156 55 21.6098
      vertex 4.99036 55 21.804
    endloop
  endfacet
  facet normal 0 1 0
    outer loop
      vertex 5 55 20
      vertex 4.91388 55 21.4194
      vertex 4.96156 55 21.6098
    endloop
  endfacet
  facet normal 0 1 0
    outer loop
      vertex 5 55 20
      vertex 4.84775 55 21.2346
      vertex 4.91388 55 21.4194
    endloop
  endfacet
  facet normal 0 1 0
    outer loop
      vertex 5 55 20
      vertex 4.76384 55 21.0572
      vertex 4.84775 55 21.2346
    endloop
  endfacet
  facet normal 0 1 0
    outer loop
      vertex 5 55 20
      vertex 4.66293 55 20.8889
      vertex 4.76384 55 21.0572
    endloop
  endfacet
  facet normal 0 1 0
    outer loop
      vertex 5 55 20
      vertex 4.54602 55 20.7312
      vertex 4.66293 55 20.8889
    endloop
  endfacet
  facet normal 0 1 0
    outer loop
      vertex 5 55 20
      vertex 4.4142 55 20.5858
      vertex 4.54602 55 20.7312
    endloop
  endfacet
  facet normal 0 1 0
    outer loop
      vertex 5 55 20
      vertex 4.26878 55 20.454
      vertex 4.4142 55 20.5858
    endloop
  endfacet
  facet normal 0 1 0
    outer loop
      vertex 5 55 20
      vertex 4.11113 55 20.3371
      vertex 4.26878 55 20.454
    endloop
  endfacet
  facet normal 0 1 0
    outer loop
      vertex 5 55 20
      vertex 3.94278 55 20.2361
      vertex 4.11113 55 20.3371
    endloop
  endfacet
  facet normal 0 1 0
    outer loop
      vertex 5 55 20
      vertex 3.76537 55 20.1522
      vertex 3.94278 55 20.2361
    endloop
  endfacet
  facet normal 0 1 0
    outer loop
      vertex 5 55 20
      vertex 3.58057 55 20.0861
      vertex 3.76537 55 20.1522
    endloop
  endfacet
  facet normal 0 1 0
    outer loop
      vertex 5 55 20
      vertex 3.39017 55 20.0384
      vertex 3.58057 55 20.0861
    endloop
  endfacet
  facet normal 0 1 0
    outer loop
      vertex 5 55 20
      vertex 3.19603 55 20.0096
      vertex 3.39017 55 20.0384
    endloop
  endfacet
  facet normal 0 1 0
    outer loop
      vertex 3.19603 55 20.0096
      vertex 5 55 20
      vertex 3 55 20
    endloop
  endfacet
  facet normal 0.0489135 0 -0.998803
    outer loop
      vertex 3 55 20
      vertex 3.19603 65 20.0096
      vertex 3.19603 55 20.0096
    endloop
  endfacet
  facet normal 0.0489135 0 -0.998803
    outer loop
      vertex 3.19603 65 20.0096
      vertex 3 55 20
      vertex 3 65 20
    endloop
  endfacet
  facet normal 0.146741 0 -0.989175
    outer loop
      vertex 3.19603 55 20.0096
      vertex 3.39017 65 20.0384
      vertex 3.39017 55 20.0384
    endloop
  endfacet
  facet normal 0.146741 0 -0.989175
    outer loop
      vertex 3.39017 65 20.0384
      vertex 3.19603 55 20.0096
      vertex 3.19603 65 20.0096
    endloop
  endfacet
  facet normal 0.243015 0 -0.970023
    outer loop
      vertex 3.39017 55 20.0384
      vertex 3.58057 65 20.0861
      vertex 3.58057 55 20.0861
    endloop
  endfacet
  facet normal 0.243015 0 -0.970023
    outer loop
      vertex 3.58057 65 20.0861
      vertex 3.39017 55 20.0384
      vertex 3.39017 65 20.0384
    endloop
  endfacet
  facet normal 0.336788 0 -0.94158
    outer loop
      vertex 3.58057 55 20.0861
      vertex 3.76537 65 20.1522
      vertex 3.76537 55 20.1522
    endloop
  endfacet
  facet normal 0.336788 0 -0.94158
    outer loop
      vertex 3.76537 65 20.1522
      vertex 3.58057 55 20.0861
      vertex 3.58057 65 20.0861
    endloop
  endfacet
  facet normal 0.427519 0 -0.904006
    outer loop
      vertex 3.76537 55 20.1522
      vertex 3.94278 65 20.2361
      vertex 3.94278 55 20.2361
    endloop
  endfacet
  facet normal 0.427519 0 -0.904006
    outer loop
      vertex 3.94278 65 20.2361
      vertex 3.76537 55 20.1522
      vertex 3.76537 65 20.1522
    endloop
  endfacet
  facet normal 0.514621 0 -0.857418
    outer loop
      vertex 4.11113 55 20.3371
      vertex 4 64.2704 20.2704
      vertex 4.11113 64.3371 20.3371
    endloop
  endfacet
  facet normal 0.514458 -2.64561e-06 -0.857515
    outer loop
      vertex 3.94278 55 20.2361
      vertex 4 64.2704 20.2704
      vertex 4.11113 55 20.3371
    endloop
  endfacet
  facet normal 0.514143 0 -0.857704
    outer loop
      vertex 3.94278 65 20.2361
      vertex 4 64.2704 20.2704
      vertex 3.94278 55 20.2361
    endloop
  endfacet
  facet normal 0.514143 0 -0.857704
    outer loop
      vertex 4 64.2704 20.2704
      vertex 3.94278 65 20.2361
      vertex 4 65 20.2704
    endloop
  endfacet
  facet normal 0.59563 0 -0.803259
    outer loop
      vertex 4.11113 64.3371 20.3371
      vertex 4.26878 55 20.454
      vertex 4.11113 55 20.3371
    endloop
  endfacet
  facet normal 0.59563 0 -0.803259
    outer loop
      vertex 4.26878 55 20.454
      vertex 4.11113 64.3371 20.3371
      vertex 4.26878 64.454 20.454
    endloop
  endfacet
  facet normal 0.671556 0 -0.740954
    outer loop
      vertex 4.26878 64.454 20.454
      vertex 4.4142 55 20.5858
      vertex 4.26878 55 20.454
    endloop
  endfacet
  facet normal 0.671556 0 -0.740954
    outer loop
      vertex 4.4142 55 20.5858
      vertex 4.26878 64.454 20.454
      vertex 4.4142 64.5858 20.5858
    endloop
  endfacet
  facet normal 0 -0.740908 -0.671607
    outer loop
      vertex 4.54602 64.454 20.7312
      vertex 4.4142 64.5858 20.5858
      vertex 4.41421 64.5858 20.5858
    endloop
  endfacet
  facet normal 0.740857 0 -0.671663
    outer loop
      vertex 4.4142 55 20.5858
      vertex 4.54602 64.454 20.7312
      vertex 4.54602 55 20.7312
    endloop
  endfacet
  facet normal 0.740857 0 -0.671663
    outer loop
      vertex 4.54602 64.454 20.7312
      vertex 4.4142 55 20.5858
      vertex 4.4142 64.5858 20.5858
    endloop
  endfacet
  facet normal 0.803325 0 -0.595541
    outer loop
      vertex 4.54602 55 20.7312
      vertex 4.66293 64.3371 20.8889
      vertex 4.66293 55 20.8889
    endloop
  endfacet
  facet normal 0.803325 0 -0.595541
    outer loop
      vertex 4.66293 64.3371 20.8889
      vertex 4.54602 55 20.7312
      vertex 4.54602 64.454 20.7312
    endloop
  endfacet
  facet normal 0.85765 0 -0.514233
    outer loop
      vertex 4.66293 55 20.8889
      vertex 4.76384 64.2362 21.0572
      vertex 4.76384 55 21.0572
    endloop
  endfacet
  facet normal 0.85765 0 -0.514233
    outer loop
      vertex 4.76384 64.2362 21.0572
      vertex 4.66293 55 20.8889
      vertex 4.66293 64.3371 20.8889
    endloop
  endfacet
  facet normal 0.903977 0 -0.42758
    outer loop
      vertex 4.76384 55 21.0572
      vertex 4.84775 64.1523 21.2346
      vertex 4.84775 55 21.2346
    endloop
  endfacet
  facet normal 0.903977 0 -0.42758
    outer loop
      vertex 4.84775 64.1523 21.2346
      vertex 4.76384 55 21.0572
      vertex 4.76384 64.2362 21.0572
    endloop
  endfacet
  facet normal 0.941532 0 -0.336924
    outer loop
      vertex 4.84775 55 21.2346
      vertex 4.91388 64.0861 21.4194
      vertex 4.91388 55 21.4194
    endloop
  endfacet
  facet normal 0.941532 0 -0.336924
    outer loop
      vertex 4.91388 64.0861 21.4194
      vertex 4.84775 55 21.2346
      vertex 4.84775 64.1523 21.2346
    endloop
  endfacet
  facet normal 0.970047 0 -0.242919
    outer loop
      vertex 4.91388 55 21.4194
      vertex 4.96156 64.0384 21.6098
      vertex 4.96156 55 21.6098
    endloop
  endfacet
  facet normal 0.970047 0 -0.242919
    outer loop
      vertex 4.96156 64.0384 21.6098
      vertex 4.91388 55 21.4194
      vertex 4.91388 64.0861 21.4194
    endloop
  endfacet
  facet normal 0.989182 0 -0.146696
    outer loop
      vertex 4.96156 55 21.6098
      vertex 4.99036 64.0096 21.804
      vertex 4.99036 55 21.804
    endloop
  endfacet
  facet normal 0.989182 0 -0.146696
    outer loop
      vertex 4.99036 64.0096 21.804
      vertex 4.96156 55 21.6098
      vertex 4.96156 64.0384 21.6098
    endloop
  endfacet
  facet normal 0.998793 0 -0.0491243
    outer loop
      vertex 4.99036 55 21.804
      vertex 5 64 22
      vertex 5 55 22
    endloop
  endfacet
  facet normal 0.998793 0 -0.0491243
    outer loop
      vertex 5 64 22
      vertex 4.99036 55 21.804
      vertex 4.99036 64.0096 21.804
    endloop
  endfacet
  facet normal 0 1 0
    outer loop
      vertex 92.0096 55 21.804
      vertex 92 55 20
      vertex 92 55 22
    endloop
  endfacet
  facet normal 0 1 0
    outer loop
      vertex 92.0384 55 21.6098
      vertex 92 55 20
      vertex 92.0096 55 21.804
    endloop
  endfacet
  facet normal 0 1 0
    outer loop
      vertex 92.0861 55 21.4194
      vertex 92 55 20
      vertex 92.0384 55 21.6098
    endloop
  endfacet
  facet normal 0 1 0
    outer loop
      vertex 92.1522 55 21.2346
      vertex 92 55 20
      vertex 92.0861 55 21.4194
    endloop
  endfacet
  facet normal 0 1 0
    outer loop
      vertex 92.2361 55 21.0572
      vertex 92 55 20
      vertex 92.1522 55 21.2346
    endloop
  endfacet
  facet normal 0 1 0
    outer loop
      vertex 92.3371 55 20.8889
      vertex 92 55 20
      vertex 92.2361 55 21.0572
    endloop
  endfacet
  facet normal 0 1 0
    outer loop
      vertex 92.454 55 20.7312
      vertex 92 55 20
      vertex 92.3371 55 20.8889
    endloop
  endfacet
  facet normal 0 1 0
    outer loop
      vertex 92.5858 55 20.5858
      vertex 92 55 20
      vertex 92.454 55 20.7312
    endloop
  endfacet
  facet normal 0 1 0
    outer loop
      vertex 92.7312 55 20.454
      vertex 92 55 20
      vertex 92.5858 55 20.5858
    endloop
  endfacet
  facet normal 0 1 0
    outer loop
      vertex 92.8889 55 20.3371
      vertex 92 55 20
      vertex 92.7312 55 20.454
    endloop
  endfacet
  facet normal 0 1 0
    outer loop
      vertex 93.0572 55 20.2361
      vertex 92 55 20
      vertex 92.8889 55 20.3371
    endloop
  endfacet
  facet normal 0 1 0
    outer loop
      vertex 93.2346 55 20.1522
      vertex 92 55 20
      vertex 93.0572 55 20.2361
    endloop
  endfacet
  facet normal 0 1 0
    outer loop
      vertex 93.4194 55 20.0861
      vertex 92 55 20
      vertex 93.2346 55 20.1522
    endloop
  endfacet
  facet normal 0 1 0
    outer loop
      vertex 93.6098 55 20.0384
      vertex 92 55 20
      vertex 93.4194 55 20.0861
    endloop
  endfacet
  facet normal 0 1 0
    outer loop
      vertex 93.804 55 20.0096
      vertex 92 55 20
      vertex 93.6098 55 20.0384
    endloop
  endfacet
  facet normal 0 1 0
    outer loop
      vertex 92 55 20
      vertex 93.804 55 20.0096
      vertex 94 55 20
    endloop
  endfacet
  facet normal -0.989182 0 -0.146696
    outer loop
      vertex 92.0384 55 21.6098
      vertex 92.0096 64.0096 21.804
      vertex 92.0384 64.0384 21.6098
    endloop
  endfacet
  facet normal -0.989182 -0 -0.146696
    outer loop
      vertex 92.0096 64.0096 21.804
      vertex 92.0384 55 21.6098
      vertex 92.0096 55 21.804
    endloop
  endfacet
  facet normal -0.970023 0 -0.243015
    outer loop
      vertex 92.0861 55 21.4194
      vertex 92.0384 64.0384 21.6098
      vertex 92.0861 64.0861 21.4194
    endloop
  endfacet
  facet normal -0.970023 -0 -0.243015
    outer loop
      vertex 92.0384 64.0384 21.6098
      vertex 92.0861 55 21.4194
      vertex 92.0384 55 21.6098
    endloop
  endfacet
  facet normal -0.94158 0 -0.336788
    outer loop
      vertex 92.1522 55 21.2346
      vertex 92.0861 64.0861 21.4194
      vertex 92.1522 64.1522 21.2346
    endloop
  endfacet
  facet normal -0.94158 -0 -0.336788
    outer loop
      vertex 92.0861 64.0861 21.4194
      vertex 92.1522 55 21.2346
      vertex 92.0861 55 21.4194
    endloop
  endfacet
  facet normal -0.903997 0 -0.427539
    outer loop
      vertex 92.2361 55 21.0572
      vertex 92.1522 64.1522 21.2346
      vertex 92.2361 64.2361 21.0572
    endloop
  endfacet
  facet normal -0.903997 -0 -0.427539
    outer loop
      vertex 92.1522 64.1522 21.2346
      vertex 92.2361 55 21.0572
      vertex 92.1522 55 21.2346
    endloop
  endfacet
  facet normal -0.857448 0 -0.514571
    outer loop
      vertex 92.3371 55 20.8889
      vertex 92.2361 64.2361 21.0572
      vertex 92.3371 64.3371 20.8889
    endloop
  endfacet
  facet normal -0.857448 -0 -0.514571
    outer loop
      vertex 92.2361 64.2361 21.0572
      vertex 92.3371 55 20.8889
      vertex 92.2361 55 21.0572
    endloop
  endfacet
  facet normal -0.80335 0 -0.595508
    outer loop
      vertex 92.454 55 20.7312
      vertex 92.3371 64.3371 20.8889
      vertex 92.454 64.454 20.7312
    endloop
  endfacet
  facet normal -0.80335 -0 -0.595508
    outer loop
      vertex 92.3371 64.3371 20.8889
      vertex 92.454 55 20.7312
      vertex 92.3371 55 20.8889
    endloop
  endfacet
  facet normal -0.740908 0 -0.671607
    outer loop
      vertex 92.5858 55 20.5858
      vertex 92.454 64.454 20.7312
      vertex 92.5858 64.5858 20.5858
    endloop
  endfacet
  facet normal -0.740908 -0 -0.671607
    outer loop
      vertex 92.454 64.454 20.7312
      vertex 92.5858 55 20.5858
      vertex 92.454 55 20.7312
    endloop
  endfacet
  facet normal -0.671607 0 -0.740908
    outer loop
      vertex 92.5858 55 20.5858
      vertex 92.7312 64.454 20.454
      vertex 92.7312 55 20.454
    endloop
  endfacet
  facet normal -0.671607 0 -0.740908
    outer loop
      vertex 92.7312 64.454 20.454
      vertex 92.5858 55 20.5858
      vertex 92.5858 64.5858 20.5858
    endloop
  endfacet
  facet normal -0.595508 0 -0.80335
    outer loop
      vertex 92.7312 55 20.454
      vertex 92.8889 64.3371 20.3371
      vertex 92.8889 55 20.3371
    endloop
  endfacet
  facet normal -0.595508 0 -0.80335
    outer loop
      vertex 92.8889 64.3371 20.3371
      vertex 92.7312 55 20.454
      vertex 92.7312 64.454 20.454
    endloop
  endfacet
  facet normal -0.514275 0 -0.857625
    outer loop
      vertex 93.0572 55 20.2361
      vertex 93 64.2704 20.2704
      vertex 93.0572 65 20.2361
    endloop
  endfacet
  facet normal -0.514571 -2.47857e-06 -0.857448
    outer loop
      vertex 92.8889 55 20.3371
      vertex 93 64.2704 20.2704
      vertex 93.0572 55 20.2361
    endloop
  endfacet
  facet normal -0.514723 0 -0.857357
    outer loop
      vertex 93 64.2704 20.2704
      vertex 92.8889 55 20.3371
      vertex 92.8889 64.3371 20.3371
    endloop
  endfacet
  facet normal -0.514275 0 -0.857625
    outer loop
      vertex 93.0572 65 20.2361
      vertex 93 64.2704 20.2704
      vertex 93 65 20.2704
    endloop
  endfacet
  facet normal -0.427539 0 -0.903997
    outer loop
      vertex 93.0572 55 20.2361
      vertex 93.2346 65 20.1522
      vertex 93.2346 55 20.1522
    endloop
  endfacet
  facet normal -0.427539 0 -0.903997
    outer loop
      vertex 93.2346 65 20.1522
      vertex 93.0572 55 20.2361
      vertex 93.0572 65 20.2361
    endloop
  endfacet
  facet normal -0.336788 0 -0.94158
    outer loop
      vertex 93.2346 55 20.1522
      vertex 93.4194 65 20.0861
      vertex 93.4194 55 20.0861
    endloop
  endfacet
  facet normal -0.336788 0 -0.94158
    outer loop
      vertex 93.4194 65 20.0861
      vertex 93.2346 55 20.1522
      vertex 93.2346 65 20.1522
    endloop
  endfacet
  facet normal -0.243015 0 -0.970023
    outer loop
      vertex 93.4194 55 20.0861
      vertex 93.6098 65 20.0384
      vertex 93.6098 55 20.0384
    endloop
  endfacet
  facet normal -0.243015 0 -0.970023
    outer loop
      vertex 93.6098 65 20.0384
      vertex 93.4194 55 20.0861
      vertex 93.4194 65 20.0861
    endloop
  endfacet
  facet normal -0.146696 0 -0.989182
    outer loop
      vertex 93.6098 55 20.0384
      vertex 93.804 65 20.0096
      vertex 93.804 55 20.0096
    endloop
  endfacet
  facet normal -0.146696 0 -0.989182
    outer loop
      vertex 93.804 65 20.0096
      vertex 93.6098 55 20.0384
      vertex 93.6098 65 20.0384
    endloop
  endfacet
  facet normal -0.0489209 0 -0.998803
    outer loop
      vertex 93.804 55 20.0096
      vertex 94 65 20
      vertex 94 55 20
    endloop
  endfacet
  facet normal -0.0489209 0 -0.998803
    outer loop
      vertex 94 65 20
      vertex 93.804 55 20.0096
      vertex 93.804 65 20.0096
    endloop
  endfacet
  facet normal -0.998803 0 -0.0489209
    outer loop
      vertex 92.0096 55 21.804
      vertex 92 64 22
      vertex 92.0096 64.0096 21.804
    endloop
  endfacet
  facet normal -0.998803 -0 -0.0489209
    outer loop
      vertex 92 64 22
      vertex 92.0096 55 21.804
      vertex 92 55 22
    endloop
  endfacet
  facet normal -0.865228 0.462091 -0.194556
    outer loop
      vertex 1.59133 63.9367 0.580569
      vertex 1.83045 64.2418 0.241802
      vertex 1.82361 64.2197 0.219731
    endloop
  endfacet
  facet normal -0.865133 0.462424 -0.19419
    outer loop
      vertex 1.83045 64.2418 0.241802
      vertex 1.59133 63.9367 0.580569
      vertex 1.7682 64.2676 0.580569
    endloop
  endfacet
  facet normal -0.643729 0.528253 -0.55368
    outer loop
      vertex 1.28547 64.1411 1.26879
      vertex 1.24722 63.7528 0.942793
      vertex 1.0932 63.9068 1.26879
    endloop
  endfacet
  facet normal -0.815337 0.435881 -0.381095
    outer loop
      vertex 1.62958 64.325 0.942793
      vertex 1.7682 64.2676 0.580569
      vertex 1.46658 64.0201 0.942793
    endloop
  endfacet
  facet normal -0.262662 0.49161 -0.830258
    outer loop
      vertex 0.523787 64.2161 1.76384
      vertex 0.7049 63.945 1.54602
      vertex 0.485543 63.8278 1.54602
    endloop
  endfacet
  facet normal -0.920083 0.0906175 -0.381099
    outer loop
      vertex 1.80466 64.7957 0.795663
      vertex 1.85675 64.6307 0.630669
      vertex 1.72995 64.6559 0.942793
    endloop
  endfacet
  facet normal -0.643711 0.528262 -0.553693
    outer loop
      vertex 1.28547 64.1411 1.26879
      vertex 1.46658 64.0201 0.942793
      vertex 1.24722 63.7528 0.942793
    endloop
  endfacet
  facet normal -0.678286 0.205766 -0.7054
    outer loop
      vertex 1.24441 64.7525 1.54602
      vertex 1.51631 64.6984 1.26879
      vertex 1.17221 64.5145 1.54602
    endloop
  endfacet
  facet normal -0.884723 0.268238 -0.381201
    outer loop
      vertex 1.62958 64.325 0.942793
      vertex 1.85675 64.6307 0.630669
      vertex 1.85993 64.6057 0.605697
    endloop
  endfacet
  facet normal -0.884734 0.268361 -0.381089
    outer loop
      vertex 1.85675 64.6307 0.630669
      vertex 1.62958 64.325 0.942793
      vertex 1.72995 64.6559 0.942793
    endloop
  endfacet
  facet normal -0.491628 0.262732 -0.830225
    outer loop
      vertex 1.17221 64.5145 1.54602
      vertex 1.05496 64.2951 1.54602
      vertex 0.783904 64.4762 1.76384
    endloop
  endfacet
  facet normal -0.39236 0.734402 -0.553812
    outer loop
      vertex 0.858923 63.7145 1.26879
      vertex 0.674993 63.3704 0.942793
      vertex 0.591636 63.5717 1.26879
    endloop
  endfacet
  facet normal -0.268276 0.884768 -0.381069
    outer loop
      vertex 0.419431 63.1369 0.580569
      vertex 0.674993 63.3704 0.942793
      vertex 0.732409 63.2318 0.580569
    endloop
  endfacet
  facet normal -0.268349 0.884768 -0.381017
    outer loop
      vertex 0.674993 63.3704 0.942793
      vertex 0.419431 63.1369 0.580569
      vertex 0.394302 63.1401 0.605698
    endloop
  endfacet
  facet normal -0.28464 0.938736 -0.194304
    outer loop
      vertex 0.732409 63.2318 0.580569
      vertex 0.758197 63.1695 0.241803
      vertex 0.419431 63.1369 0.580569
    endloop
  endfacet
  facet normal -0.241759 0.796769 -0.553815
    outer loop
      vertex 0.591636 63.5717 1.26879
      vertex 0.674993 63.3704 0.942793
      vertex 0.301613 63.4837 1.26879
    endloop
  endfacet
  facet normal -0.625113 0.334118 -0.705407
    outer loop
      vertex 1.42834 64.4084 1.26879
      vertex 1.28547 64.1411 1.26879
      vertex 1.17221 64.5145 1.54602
    endloop
  endfacet
  facet normal -0.884728 0.268372 -0.381094
    outer loop
      vertex 1.86314 64.5806 0.580569
      vertex 1.62958 64.325 0.942793
      vertex 1.85993 64.6057 0.605697
    endloop
  endfacet
  facet normal -0.884728 0.268358 -0.381103
    outer loop
      vertex 1.62958 64.325 0.942793
      vertex 1.86314 64.5806 0.580569
      vertex 1.7682 64.2676 0.580569
    endloop
  endfacet
  facet normal -0.734363 0.392592 -0.553699
    outer loop
      vertex 1.62958 64.325 0.942793
      vertex 1.46658 64.0201 0.942793
      vertex 1.28547 64.1411 1.26879
    endloop
  endfacet
  facet normal -0.462474 0.865104 -0.194197
    outer loop
      vertex 1.10579 63.3451 0.196033
      vertex 0.780268 63.1764 0.219732
      vertex 1.06329 63.4087 0.580569
    endloop
  endfacet
  facet normal -0.46241 0.864721 -0.19605
    outer loop
      vertex 0.780268 63.1764 0.219732
      vertex 1.10579 63.3451 0.196033
      vertex 0.803967 63.1837 0.196033
    endloop
  endfacet
  facet normal -0.0694648 0.705437 -0.705361
    outer loop
      vertex 0 63.7312 1.54602
      vertex 0.301613 63.4837 1.26879
      vertex 0 63.454 1.26879
    endloop
  endfacet
  facet normal -0.796851 0.241704 -0.553722
    outer loop
      vertex 1.72995 64.6559 0.942793
      vertex 1.62958 64.325 0.942793
      vertex 1.51631 64.6984 1.26879
    endloop
  endfacet
  facet normal -0.586617 0.714641 -0.381011
    outer loop
      vertex 1.24722 63.7528 0.942793
      vertex 1.06329 63.4087 0.580569
      vertex 0.979938 63.5334 0.942793
    endloop
  endfacet
  facet normal -0.920086 0.0906296 -0.381089
    outer loop
      vertex 1.75821 64.9428 0.942793
      vertex 1.80466 64.7957 0.795663
      vertex 1.72995 64.6559 0.942793
    endloop
  endfacet
  facet normal -0.55474 0.054665 -0.830226
    outer loop
      vertex 0.924678 64.8161 1.76384
      vertex 1 65 1.72562
      vertex 1.26879 65 1.54602
    endloop
  endfacet
  facet normal -0.554746 0.0546683 -0.830222
    outer loop
      vertex 1 65 1.72562
      vertex 0.924678 64.8161 1.76384
      vertex 0.936543 64.9365 1.76384
    endloop
  endfacet
  facet normal -0.0817454 0.828725 -0.553654
    outer loop
      vertex 0.0572071 63.2418 0.942793
      vertex 0.301613 63.4837 1.26879
      vertex 0.344109 63.2701 0.942793
    endloop
  endfacet
  facet normal -0.0820879 0.828817 -0.553465
    outer loop
      vertex 0.301613 63.4837 1.26879
      vertex 0.0572071 63.2418 0.942793
      vertex 0.0274924 63.2587 0.972508
    endloop
  endfacet
  facet normal -0.181108 0.338919 -0.923219
    outer loop
      vertex 0.360791 64.129 1.76384
      vertex 0.354789 64.3548 1.84791
      vertex 0.523787 64.2161 1.76384
    endloop
  endfacet
  facet normal -0.181132 0.338917 -0.923215
    outer loop
      vertex 0.354789 64.3548 1.84791
      vertex 0.360791 64.129 1.76384
      vertex 0.292893 64.2929 1.83733
    endloop
  endfacet
  facet normal -0.367741 0.11159 -0.923208
    outer loop
      vertex 0.834089 64.8341 1.8021
      vertex 0.924678 64.8161 1.76384
      vertex 0.804204 64.8042 1.81039
    endloop
  endfacet
  facet normal -0.205814 0.678304 -0.705368
    outer loop
      vertex 0.485543 63.8278 1.54602
      vertex 0.591636 63.5717 1.26879
      vertex 0.301613 63.4837 1.26879
    endloop
  endfacet
  facet normal -0.462496 0.865071 -0.194296
    outer loop
      vertex 1.06329 63.4087 0.580569
      vertex 0.758197 63.1695 0.241803
      vertex 0.732409 63.2318 0.580569
    endloop
  endfacet
  facet normal -0.463519 0.864776 -0.193166
    outer loop
      vertex 0.758197 63.1695 0.241803
      vertex 1.06329 63.4087 0.580569
      vertex 0.780268 63.1764 0.219732
    endloop
  endfacet
  facet normal -0.772994 0.634414 0
    outer loop
      vertex 1.4074 63.5926 0
      vertex 1.65493 63.8942 0.196033
      vertex 1.65493 63.8942 0
    endloop
  endfacet
  facet normal -0.772994 0.634414 0
    outer loop
      vertex 1.65493 63.8942 0.196033
      vertex 1.4074 63.5926 0
      vertex 1.4074 63.5926 0.196033
    endloop
  endfacet
  facet normal -0.865118 0.462457 -0.194177
    outer loop
      vertex 1.65493 63.8942 0.196033
      vertex 1.82361 64.2197 0.219731
      vertex 1.81626 64.196 0.196033
    endloop
  endfacet
  facet normal -0.865114 0.462456 -0.194197
    outer loop
      vertex 1.82361 64.2197 0.219731
      vertex 1.65493 63.8942 0.196033
      vertex 1.59133 63.9367 0.580569
    endloop
  endfacet
  facet normal -0.815348 0.435813 -0.381149
    outer loop
      vertex 1.7682 64.2676 0.580569
      vertex 1.59133 63.9367 0.580569
      vertex 1.46658 64.0201 0.942793
    endloop
  endfacet
  facet normal -0.828691 0.0816212 -0.553723
    outer loop
      vertex 1.75821 64.9428 0.942793
      vertex 1.51631 64.6984 1.26879
      vertex 1.74128 64.9725 0.972508
    endloop
  endfacet
  facet normal -0.828693 0.0816272 -0.55372
    outer loop
      vertex 1.51631 64.6984 1.26879
      vertex 1.75821 64.9428 0.942793
      vertex 1.72995 64.6559 0.942793
    endloop
  endfacet
  facet normal -0.734368 0.392515 -0.553747
    outer loop
      vertex 1.42834 64.4084 1.26879
      vertex 1.62958 64.325 0.942793
      vertex 1.28547 64.1411 1.26879
    endloop
  endfacet
  facet normal -0.528334 0.643663 -0.55368
    outer loop
      vertex 1.0932 63.9068 1.26879
      vertex 1.24722 63.7528 0.942793
      vertex 0.858923 63.7145 1.26879
    endloop
  endfacet
  facet normal -0.0816022 0.828696 -0.553718
    outer loop
      vertex 0.301613 63.4837 1.26879
      vertex 0 63.2744 1
      vertex 0 63.454 1.26879
    endloop
  endfacet
  facet normal -0.0810448 0.828457 -0.554157
    outer loop
      vertex 0 63.2744 1
      vertex 0.301613 63.4837 1.26879
      vertex 0.0274924 63.2587 0.972508
    endloop
  endfacet
  facet normal -0.828698 0.0816422 -0.553709
    outer loop
      vertex 1.51631 64.6984 1.26879
      vertex 1.72562 65 1
      vertex 1.74128 64.9725 0.972508
    endloop
  endfacet
  facet normal -0.828694 0.081633 -0.553717
    outer loop
      vertex 1.72562 65 1
      vertex 1.51631 64.6984 1.26879
      vertex 1.54602 65 1.26879
    endloop
  endfacet
  facet normal -0.382439 0.0376316 -0.923214
    outer loop
      vertex 0.853901 64.8539 1.7947
      vertex 0.924678 64.8161 1.76384
      vertex 0.834089 64.8341 1.8021
    endloop
  endfacet
  facet normal -0.353503 0.430926 -0.830264
    outer loop
      vertex 0.666656 64.3333 1.76384
      vertex 0.7049 63.945 1.54602
      vertex 0.523787 64.2161 1.76384
    endloop
  endfacet
  facet normal -0.586479 0.714691 -0.381129
    outer loop
      vertex 1.24722 63.7528 0.942793
      vertex 1.35332 63.6467 0.580569
      vertex 1.06329 63.4087 0.580569
    endloop
  endfacet
  facet normal -0.18093 0.339115 -0.923182
    outer loop
      vertex 0.400543 64.4005 1.85573
      vertex 0.523787 64.2161 1.76384
      vertex 0.354789 64.3548 1.84791
    endloop
  endfacet
  facet normal -0.938732 0.284739 -0.194182
    outer loop
      vertex 1.86314 64.5806 0.580569
      vertex 1.83045 64.2418 0.241802
      vertex 1.7682 64.2676 0.580569
    endloop
  endfacet
  facet normal -0.714648 0.586529 -0.381131
    outer loop
      vertex 1.59133 63.9367 0.580569
      vertex 1.35332 63.6467 0.580569
      vertex 1.24722 63.7528 0.942793
    endloop
  endfacet
  facet normal -0.714663 0.586489 -0.381166
    outer loop
      vertex 1.46658 64.0201 0.942793
      vertex 1.59133 63.9367 0.580569
      vertex 1.24722 63.7528 0.942793
    endloop
  endfacet
  facet normal -0.471747 0.881734 0
    outer loop
      vertex 1 63.2885 0
      vertex 1.10579 63.3451 0.196033
      vertex 1.10579 63.3451 0
    endloop
  endfacet
  facet normal -0.471561 0.881833 -0.000129305
    outer loop
      vertex 1.10579 63.3451 0.196033
      vertex 1 63.2885 0
      vertex 0.803967 63.1837 0.196033
    endloop
  endfacet
  facet normal -0.758278 0.622336 -0.194197
    outer loop
      vertex 1.59133 63.9367 0.580569
      vertex 1.65493 63.8942 0.196033
      vertex 1.4074 63.5926 0.196033
    endloop
  endfacet
  facet normal -0.881926 0.471388 0
    outer loop
      vertex 1.65493 63.8942 0.196033
      vertex 1.71148 64 0
      vertex 1.65493 63.8942 0
    endloop
  endfacet
  facet normal -0.881904 0.47143 2.86799e-05
    outer loop
      vertex 1.71148 64 0
      vertex 1.65493 63.8942 0.196033
      vertex 1.81626 64.196 0.196033
    endloop
  endfacet
  facet normal -0.758277 0.622337 -0.194198
    outer loop
      vertex 1.59133 63.9367 0.580569
      vertex 1.4074 63.5926 0.196033
      vertex 1.35332 63.6467 0.580569
    endloop
  endfacet
  facet normal -0.622282 0.758321 -0.194203
    outer loop
      vertex 1.35332 63.6467 0.580569
      vertex 1.4074 63.5926 0.196033
      vertex 1.06329 63.4087 0.580569
    endloop
  endfacet
  facet normal -0.705398 0.0694873 -0.705398
    outer loop
      vertex 1.54602 65 1.26879
      vertex 1.51631 64.6984 1.26879
      vertex 1.26879 65 1.54602
    endloop
  endfacet
  facet normal -0.705399 0.0694853 -0.705397
    outer loop
      vertex 1.26879 65 1.54602
      vertex 1.51631 64.6984 1.26879
      vertex 1.24441 64.7525 1.54602
    endloop
  endfacet
  facet normal -0.297076 0.243748 -0.923219
    outer loop
      vertex 0.666656 64.3333 1.76384
      vertex 0.547825 64.5478 1.85871
      vertex 0.783904 64.4762 1.76384
    endloop
  endfacet
  facet normal -0.296968 0.243815 -0.923236
    outer loop
      vertex 0.547825 64.5478 1.85871
      vertex 0.666656 64.3333 1.76384
      vertex 0.5 64.5 1.86147
    endloop
  endfacet
  facet normal -0.491626 0.262773 -0.830214
    outer loop
      vertex 0.871027 64.6392 1.76384
      vertex 1.17221 64.5145 1.54602
      vertex 0.783904 64.4762 1.76384
    endloop
  endfacet
  facet normal -0.533414 0.161817 -0.830232
    outer loop
      vertex 1.24441 64.7525 1.54602
      vertex 1.17221 64.5145 1.54602
      vertex 0.924678 64.8161 1.76384
    endloop
  endfacet
  facet normal -0.554733 0.054644 -0.830232
    outer loop
      vertex 1.26879 65 1.54602
      vertex 1.24441 64.7525 1.54602
      vertex 0.924678 64.8161 1.76384
    endloop
  endfacet
  facet normal -0.244046 0.296933 -0.923186
    outer loop
      vertex 0.452174 64.4522 1.85871
      vertex 0.523787 64.2161 1.76384
      vertex 0.400543 64.4005 1.85573
    endloop
  endfacet
  facet normal -0.338804 0.181223 -0.923239
    outer loop
      vertex 0.64521 64.6452 1.84791
      vertex 0.783904 64.4762 1.76384
      vertex 0.599456 64.5995 1.85573
    endloop
  endfacet
  facet normal -0.0374553 0.382403 -0.923236
    outer loop
      vertex 0.146098 64.1461 1.7947
      vertex 0.183929 64.0753 1.76384
      vertex 0.0634559 64.0635 1.76384
    endloop
  endfacet
  facet normal -0.338879 0.18113 -0.92323
    outer loop
      vertex 0.783904 64.4762 1.76384
      vertex 0.707106 64.7071 1.83733
      vertex 0.871027 64.6392 1.76384
    endloop
  endfacet
  facet normal -0.338928 0.181109 -0.923216
    outer loop
      vertex 0.707106 64.7071 1.83733
      vertex 0.783904 64.4762 1.76384
      vertex 0.64521 64.6452 1.84791
    endloop
  endfacet
  facet normal -0.161818 0.533452 -0.830207
    outer loop
      vertex 0.485543 63.8278 1.54602
      vertex 0.247527 63.7556 1.54602
      vertex 0.183929 64.0753 1.76384
    endloop
  endfacet
  facet normal -0.0546859 0.554764 -0.830209
    outer loop
      vertex 0.183929 64.0753 1.76384
      vertex 0.247527 63.7556 1.54602
      vertex 0 63.7312 1.54602
    endloop
  endfacet
  facet normal -0.26817 0.884678 -0.381353
    outer loop
      vertex 0.674993 63.3704 0.942793
      vertex 0.36933 63.1432 0.63067
      vertex 0.344109 63.2701 0.942793
    endloop
  endfacet
  facet normal -0.269915 0.884833 -0.379758
    outer loop
      vertex 0.36933 63.1432 0.63067
      vertex 0.674993 63.3704 0.942793
      vertex 0.394302 63.1401 0.605698
    endloop
  endfacet
  facet normal -0.435918 0.815358 -0.381007
    outer loop
      vertex 0.979938 63.5334 0.942793
      vertex 1.06329 63.4087 0.580569
      vertex 0.732409 63.2318 0.580569
    endloop
  endfacet
  facet normal -0.0908737 0.919947 -0.381366
    outer loop
      vertex 0.344109 63.2701 0.942793
      vertex 0.36933 63.1432 0.63067
      vertex 0.204337 63.1953 0.795663
    endloop
  endfacet
  facet normal -0.0907403 0.919914 -0.381476
    outer loop
      vertex 0.344109 63.2701 0.942793
      vertex 0.204337 63.1953 0.795663
      vertex 0.0572071 63.2418 0.942793
    endloop
  endfacet
  facet normal -0.634355 0.773042 0
    outer loop
      vertex 1.4074 63.5926 0
      vertex 1.10579 63.3451 0.196033
      vertex 1.4074 63.5926 0.196033
    endloop
  endfacet
  facet normal -0.634355 0.773042 0
    outer loop
      vertex 1.10579 63.3451 0.196033
      vertex 1.4074 63.5926 0
      vertex 1.10579 63.3451 0
    endloop
  endfacet
  facet normal -0.622278 0.758325 -0.194198
    outer loop
      vertex 1.4074 63.5926 0.196033
      vertex 1.10579 63.3451 0.196033
      vertex 1.06329 63.4087 0.580569
    endloop
  endfacet
  facet normal -0.796839 0.241717 -0.553733
    outer loop
      vertex 1.51631 64.6984 1.26879
      vertex 1.62958 64.325 0.942793
      vertex 1.42834 64.4084 1.26879
    endloop
  endfacet
  facet normal -0.678284 0.205754 -0.705405
    outer loop
      vertex 1.51631 64.6984 1.26879
      vertex 1.42834 64.4084 1.26879
      vertex 1.17221 64.5145 1.54602
    endloop
  endfacet
  facet normal -0.547946 0.449653 -0.705384
    outer loop
      vertex 1.28547 64.1411 1.26879
      vertex 1.0932 63.9068 1.26879
      vertex 1.05496 64.2951 1.54602
    endloop
  endfacet
  facet normal -0.625153 0.334089 -0.705385
    outer loop
      vertex 1.17221 64.5145 1.54602
      vertex 1.28547 64.1411 1.26879
      vertex 1.05496 64.2951 1.54602
    endloop
  endfacet
  facet normal -0.533443 0.161785 -0.83022
    outer loop
      vertex 0.924678 64.8161 1.76384
      vertex 1.17221 64.5145 1.54602
      vertex 0.871027 64.6392 1.76384
    endloop
  endfacet
  facet normal -0.297152 0.243539 -0.923249
    outer loop
      vertex 0.599456 64.5995 1.85573
      vertex 0.783904 64.4762 1.76384
      vertex 0.547825 64.5478 1.85871
    endloop
  endfacet
  facet normal -0.367739 0.111529 -0.923217
    outer loop
      vertex 0.871027 64.6392 1.76384
      vertex 0.804204 64.8042 1.81039
      vertex 0.924678 64.8161 1.76384
    endloop
  endfacet
  facet normal -0.367702 0.111548 -0.923229
    outer loop
      vertex 0.804204 64.8042 1.81039
      vertex 0.871027 64.6392 1.76384
      vertex 0.707106 64.7071 1.83733
    endloop
  endfacet
  facet normal -0.528341 0.643647 -0.553691
    outer loop
      vertex 1.24722 63.7528 0.942793
      vertex 0.979938 63.5334 0.942793
      vertex 0.858923 63.7145 1.26879
    endloop
  endfacet
  facet normal -0.2627 0.491608 -0.830247
    outer loop
      vertex 0.523787 64.2161 1.76384
      vertex 0.485543 63.8278 1.54602
      vertex 0.360791 64.129 1.76384
    endloop
  endfacet
  facet normal -0.0545825 0.554728 -0.830239
    outer loop
      vertex 0 64 1.72562
      vertex 0.183929 64.0753 1.76384
      vertex 0 63.7312 1.54602
    endloop
  endfacet
  facet normal -0.0542809 0.554186 -0.830621
    outer loop
      vertex 0.183929 64.0753 1.76384
      vertex 0 64 1.72562
      vertex 0.0634559 64.0635 1.76384
    endloop
  endfacet
  facet normal -0.449718 0.547887 -0.705389
    outer loop
      vertex 1.0932 63.9068 1.26879
      vertex 0.858923 63.7145 1.26879
      vertex 0.7049 63.945 1.54602
    endloop
  endfacet
  facet normal -0.33403 0.625186 -0.705384
    outer loop
      vertex 0.7049 63.945 1.54602
      vertex 0.858923 63.7145 1.26879
      vertex 0.485543 63.8278 1.54602
    endloop
  endfacet
  facet normal -0.430935 0.353577 -0.830228
    outer loop
      vertex 0.783904 64.4762 1.76384
      vertex 1.05496 64.2951 1.54602
      vertex 0.666656 64.3333 1.76384
    endloop
  endfacet
  facet normal -0.243689 0.297062 -0.923239
    outer loop
      vertex 0.452174 64.4522 1.85871
      vertex 0.666656 64.3333 1.76384
      vertex 0.523787 64.2161 1.76384
    endloop
  endfacet
  facet normal -0.243663 0.297104 -0.923232
    outer loop
      vertex 0.666656 64.3333 1.76384
      vertex 0.452174 64.4522 1.85871
      vertex 0.5 64.5 1.86147
    endloop
  endfacet
  facet normal -0.449701 0.547926 -0.70537
    outer loop
      vertex 0.897167 64.1028 1.54602
      vertex 1.0932 63.9068 1.26879
      vertex 0.7049 63.945 1.54602
    endloop
  endfacet
  facet normal -0.547972 0.449642 -0.705372
    outer loop
      vertex 1.05496 64.2951 1.54602
      vertex 1.0932 63.9068 1.26879
      vertex 0.897167 64.1028 1.54602
    endloop
  endfacet
  facet normal -0.382414 0.0376856 -0.923222
    outer loop
      vertex 0.936543 64.9365 1.76384
      vertex 0.924678 64.8161 1.76384
      vertex 0.853901 64.8539 1.7947
    endloop
  endfacet
  facet normal -0.161938 0.533345 -0.830252
    outer loop
      vertex 0.360791 64.129 1.76384
      vertex 0.485543 63.8278 1.54602
      vertex 0.183929 64.0753 1.76384
    endloop
  endfacet
  facet normal -0.111587 0.367727 -0.923215
    outer loop
      vertex 0.360791 64.129 1.76384
      vertex 0.195795 64.1958 1.81039
      vertex 0.292893 64.2929 1.83733
    endloop
  endfacet
  facet normal -0.111627 0.367647 -0.923242
    outer loop
      vertex 0.195795 64.1958 1.81039
      vertex 0.360791 64.129 1.76384
      vertex 0.183929 64.0753 1.76384
    endloop
  endfacet
  facet normal -0.241573 0.796935 -0.553659
    outer loop
      vertex 0.674993 63.3704 0.942793
      vertex 0.344109 63.2701 0.942793
      vertex 0.301613 63.4837 1.26879
    endloop
  endfacet
  facet normal -0.334019 0.625202 -0.705375
    outer loop
      vertex 0.858923 63.7145 1.26879
      vertex 0.591636 63.5717 1.26879
      vertex 0.485543 63.8278 1.54602
    endloop
  endfacet
  facet normal -0.353645 0.430889 -0.830223
    outer loop
      vertex 0.897167 64.1028 1.54602
      vertex 0.7049 63.945 1.54602
      vertex 0.666656 64.3333 1.76384
    endloop
  endfacet
  facet normal -0.430928 0.353601 -0.830221
    outer loop
      vertex 1.05496 64.2951 1.54602
      vertex 0.897167 64.1028 1.54602
      vertex 0.666656 64.3333 1.76384
    endloop
  endfacet
  facet normal -0.0695342 0.705393 -0.705397
    outer loop
      vertex 0.247527 63.7556 1.54602
      vertex 0.301613 63.4837 1.26879
      vertex 0 63.7312 1.54602
    endloop
  endfacet
  facet normal -0.205754 0.678294 -0.705395
    outer loop
      vertex 0.485543 63.8278 1.54602
      vertex 0.301613 63.4837 1.26879
      vertex 0.247527 63.7556 1.54602
    endloop
  endfacet
  facet normal -0.0373744 0.38244 -0.923224
    outer loop
      vertex 0.16591 64.1659 1.8021
      vertex 0.183929 64.0753 1.76384
      vertex 0.146098 64.1461 1.7947
    endloop
  endfacet
  facet normal -0.111736 0.367652 -0.923226
    outer loop
      vertex 0.195795 64.1958 1.81039
      vertex 0.183929 64.0753 1.76384
      vertex 0.16591 64.1659 1.8021
    endloop
  endfacet
  facet normal -0.435834 0.815371 -0.381075
    outer loop
      vertex 0.979938 63.5334 0.942793
      vertex 0.732409 63.2318 0.580569
      vertex 0.674993 63.3704 0.942793
    endloop
  endfacet
  facet normal -0.392548 0.734391 -0.553693
    outer loop
      vertex 0.858923 63.7145 1.26879
      vertex 0.979938 63.5334 0.942793
      vertex 0.674993 63.3704 0.942793
    endloop
  endfacet
  facet normal 0.0821126 0.828823 -0.553453
    outer loop
      vertex 96.9428 63.2418 0.942793
      vertex 96.6984 63.4837 1.26879
      vertex 96.9725 63.2587 0.972508
    endloop
  endfacet
  facet normal 0.0817459 0.828724 -0.553655
    outer loop
      vertex 96.6984 63.4837 1.26879
      vertex 96.9428 63.2418 0.942793
      vertex 96.6559 63.2701 0.942793
    endloop
  endfacet
  facet normal 0.554763 0.0546918 -0.830209
    outer loop
      vertex 96.0753 64.8161 1.76384
      vertex 95.7556 64.7525 1.54602
      vertex 95.7312 65 1.54602
    endloop
  endfacet
  facet normal 0.528327 0.643672 -0.553676
    outer loop
      vertex 96.1411 63.7145 1.26879
      vertex 96.0201 63.5334 0.942793
      vertex 95.7528 63.7528 0.942793
    endloop
  endfacet
  facet normal 0.622291 0.758315 -0.194198
    outer loop
      vertex 95.9367 63.4087 0.580569
      vertex 95.8942 63.3451 0.196033
      vertex 95.5926 63.5926 0.196033
    endloop
  endfacet
  facet normal 0.634368 0.773031 -0
    outer loop
      vertex 95.8942 63.3451 0
      vertex 95.5926 63.5926 0.196033
      vertex 95.8942 63.3451 0.196033
    endloop
  endfacet
  facet normal 0.634368 0.773031 0
    outer loop
      vertex 95.5926 63.5926 0.196033
      vertex 95.8942 63.3451 0
      vertex 95.5926 63.5926 0
    endloop
  endfacet
  facet normal 0.392597 0.734372 -0.553683
    outer loop
      vertex 96.1411 63.7145 1.26879
      vertex 96.325 63.3704 0.942793
      vertex 96.0201 63.5334 0.942793
    endloop
  endfacet
  facet normal 0.547922 0.449703 -0.705372
    outer loop
      vertex 95.945 64.2951 1.54602
      vertex 95.9068 63.9068 1.26879
      vertex 95.7145 64.1411 1.26879
    endloop
  endfacet
  facet normal 0.471589 0.881819 -8.58526e-05
    outer loop
      vertex 96 63.2885 0
      vertex 95.8942 63.3451 0.196033
      vertex 96.196 63.1837 0.196033
    endloop
  endfacet
  facet normal 0.471713 0.881752 0
    outer loop
      vertex 95.8942 63.3451 0.196033
      vertex 96 63.2885 0
      vertex 95.8942 63.3451 0
    endloop
  endfacet
  facet normal 0.382442 0.0373998 -0.923222
    outer loop
      vertex 96.1461 64.8539 1.7947
      vertex 96.1659 64.8341 1.8021
      vertex 96.0753 64.8161 1.76384
    endloop
  endfacet
  facet normal 0.0816057 0.828696 -0.553718
    outer loop
      vertex 97 63.2744 1
      vertex 96.6984 63.4837 1.26879
      vertex 97 63.454 1.26879
    endloop
  endfacet
  facet normal 0.0810355 0.828452 -0.554167
    outer loop
      vertex 96.6984 63.4837 1.26879
      vertex 97 63.2744 1
      vertex 96.9725 63.2587 0.972508
    endloop
  endfacet
  facet normal 0.773031 0.634368 0
    outer loop
      vertex 95.5926 63.5926 0.196033
      vertex 95.3451 63.8942 0
      vertex 95.3451 63.8942 0.196033
    endloop
  endfacet
  facet normal 0.773031 0.634368 0
    outer loop
      vertex 95.3451 63.8942 0
      vertex 95.5926 63.5926 0.196033
      vertex 95.5926 63.5926 0
    endloop
  endfacet
  facet normal 0.884778 0.268508 -0.380883
    outer loop
      vertex 95.3704 64.325 0.942793
      vertex 95.1369 64.5806 0.580569
      vertex 95.1401 64.6057 0.605697
    endloop
  endfacet
  facet normal 0.884778 0.26826 -0.381058
    outer loop
      vertex 95.1369 64.5806 0.580569
      vertex 95.3704 64.325 0.942793
      vertex 95.2318 64.2676 0.580569
    endloop
  endfacet
  facet normal 0.678286 0.205766 -0.7054
    outer loop
      vertex 95.7556 64.7525 1.54602
      vertex 95.8278 64.5145 1.54602
      vertex 95.4837 64.6984 1.26879
    endloop
  endfacet
  facet normal 0.547986 0.449674 -0.70534
    outer loop
      vertex 95.945 64.2951 1.54602
      vertex 96.1028 64.1028 1.54602
      vertex 95.9068 63.9068 1.26879
    endloop
  endfacet
  facet normal 0.0907415 0.91992 -0.381461
    outer loop
      vertex 96.9428 63.2418 0.942793
      vertex 96.7957 63.1953 0.795663
      vertex 96.6559 63.2701 0.942793
    endloop
  endfacet
  facet normal 0.0908644 0.91995 -0.38136
    outer loop
      vertex 96.6559 63.2701 0.942793
      vertex 96.7957 63.1953 0.795663
      vertex 96.6307 63.1432 0.630669
    endloop
  endfacet
  facet normal 0.884688 0.26816 -0.381337
    outer loop
      vertex 95.3704 64.325 0.942793
      vertex 95.1432 64.6307 0.630669
      vertex 95.2701 64.6559 0.942793
    endloop
  endfacet
  facet normal 0.884829 0.269744 -0.379889
    outer loop
      vertex 95.1432 64.6307 0.630669
      vertex 95.3704 64.325 0.942793
      vertex 95.1401 64.6057 0.605697
    endloop
  endfacet
  facet normal 0.435888 0.815351 -0.381056
    outer loop
      vertex 96.325 63.3704 0.942793
      vertex 96.2676 63.2318 0.580569
      vertex 96.0201 63.5334 0.942793
    endloop
  endfacet
  facet normal 0.554239 0.0543191 -0.830583
    outer loop
      vertex 96.0753 64.8161 1.76384
      vertex 96 65 1.72562
      vertex 96.0635 64.9365 1.76384
    endloop
  endfacet
  facet normal 0.554728 0.054591 -0.830239
    outer loop
      vertex 96 65 1.72562
      vertex 96.0753 64.8161 1.76384
      vertex 95.7312 65 1.54602
    endloop
  endfacet
  facet normal 0.382406 0.0374783 -0.923234
    outer loop
      vertex 96.1461 64.8539 1.7947
      vertex 96.0753 64.8161 1.76384
      vertex 96.0635 64.9365 1.76384
    endloop
  endfacet
  facet normal 0.714638 0.586576 -0.381079
    outer loop
      vertex 95.5334 64.0201 0.942793
      vertex 95.7528 63.7528 0.942793
      vertex 95.4087 63.9367 0.580569
    endloop
  endfacet
  facet normal 0.241772 0.79675 -0.553838
    outer loop
      vertex 96.4084 63.5717 1.26879
      vertex 96.6984 63.4837 1.26879
      vertex 96.325 63.3704 0.942793
    endloop
  endfacet
  facet normal 0.353461 0.430968 -0.83026
    outer loop
      vertex 96.3333 64.3333 1.76384
      vertex 96.4762 64.2161 1.76384
      vertex 96.2951 63.945 1.54602
    endloop
  endfacet
  facet normal 0.367727 0.111585 -0.923215
    outer loop
      vertex 96.129 64.6392 1.76384
      vertex 96.1958 64.8042 1.81039
      vertex 96.2929 64.7071 1.83733
    endloop
  endfacet
  facet normal 0.367674 0.111611 -0.923233
    outer loop
      vertex 96.1958 64.8042 1.81039
      vertex 96.129 64.6392 1.76384
      vertex 96.0753 64.8161 1.76384
    endloop
  endfacet
  facet normal 0.734372 0.392597 -0.553683
    outer loop
      vertex 95.7145 64.1411 1.26879
      vertex 95.5334 64.0201 0.942793
      vertex 95.3704 64.325 0.942793
    endloop
  endfacet
  facet normal 0.815351 0.435888 -0.381056
    outer loop
      vertex 95.3704 64.325 0.942793
      vertex 95.5334 64.0201 0.942793
      vertex 95.2318 64.2676 0.580569
    endloop
  endfacet
  facet normal 0.815351 0.435889 -0.381055
    outer loop
      vertex 95.5334 64.0201 0.942793
      vertex 95.4087 63.9367 0.580569
      vertex 95.2318 64.2676 0.580569
    endloop
  endfacet
  facet normal 0.622316 0.758284 -0.194235
    outer loop
      vertex 95.6467 63.6467 0.580569
      vertex 95.9367 63.4087 0.580569
      vertex 95.5926 63.5926 0.196033
    endloop
  endfacet
  facet normal 0.70539 0.0695415 -0.705399
    outer loop
      vertex 95.7312 65 1.54602
      vertex 95.7556 64.7525 1.54602
      vertex 95.4837 64.6984 1.26879
    endloop
  endfacet
  facet normal 0.241561 0.796936 -0.553661
    outer loop
      vertex 96.6984 63.4837 1.26879
      vertex 96.6559 63.2701 0.942793
      vertex 96.325 63.3704 0.942793
    endloop
  endfacet
  facet normal 0.643672 0.528327 -0.553676
    outer loop
      vertex 95.7145 64.1411 1.26879
      vertex 95.7528 63.7528 0.942793
      vertex 95.5334 64.0201 0.942793
    endloop
  endfacet
  facet normal 0.796936 0.241561 -0.553661
    outer loop
      vertex 95.4837 64.6984 1.26879
      vertex 95.3704 64.325 0.942793
      vertex 95.2701 64.6559 0.942793
    endloop
  endfacet
  facet normal 0.533374 0.161912 -0.830239
    outer loop
      vertex 96.0753 64.8161 1.76384
      vertex 96.129 64.6392 1.76384
      vertex 95.8278 64.5145 1.54602
    endloop
  endfacet
  facet normal 0.334004 0.625204 -0.70538
    outer loop
      vertex 96.5145 63.8278 1.54602
      vertex 96.4084 63.5717 1.26879
      vertex 96.1411 63.7145 1.26879
    endloop
  endfacet
  facet normal 0.181123 0.33892 -0.923216
    outer loop
      vertex 96.6392 64.129 1.76384
      vertex 96.6452 64.3548 1.84791
      vertex 96.7071 64.2929 1.83733
    endloop
  endfacet
  facet normal 0.181105 0.338921 -0.923219
    outer loop
      vertex 96.6452 64.3548 1.84791
      vertex 96.6392 64.129 1.76384
      vertex 96.4762 64.2161 1.76384
    endloop
  endfacet
  facet normal 0.865079 0.462473 -0.194311
    outer loop
      vertex 95.4087 63.9367 0.580569
      vertex 95.1695 64.2418 0.241802
      vertex 95.2318 64.2676 0.580569
    endloop
  endfacet
  facet normal 0.864859 0.463238 -0.193468
    outer loop
      vertex 95.1695 64.2418 0.241802
      vertex 95.4087 63.9367 0.580569
      vertex 95.1764 64.2197 0.219731
    endloop
  endfacet
  facet normal 0.93874 0.284621 -0.194313
    outer loop
      vertex 95.2318 64.2676 0.580569
      vertex 95.1695 64.2418 0.241802
      vertex 95.1369 64.5806 0.580569
    endloop
  endfacet
  facet normal 0.758284 0.622316 -0.194235
    outer loop
      vertex 95.6467 63.6467 0.580569
      vertex 95.5926 63.5926 0.196033
      vertex 95.4087 63.9367 0.580569
    endloop
  endfacet
  facet normal 0.586515 0.714661 -0.381131
    outer loop
      vertex 95.7528 63.7528 0.942793
      vertex 95.9367 63.4087 0.580569
      vertex 95.6467 63.6467 0.580569
    endloop
  endfacet
  facet normal 0.705437 0.0694677 -0.70536
    outer loop
      vertex 95.7312 65 1.54602
      vertex 95.4837 64.6984 1.26879
      vertex 95.454 65 1.26879
    endloop
  endfacet
  facet normal 0.297012 0.243703 -0.923251
    outer loop
      vertex 96.3333 64.3333 1.76384
      vertex 96.4522 64.5478 1.85871
      vertex 96.5 64.5 1.86147
    endloop
  endfacet
  facet normal 0.297086 0.243656 -0.92324
    outer loop
      vertex 96.4522 64.5478 1.85871
      vertex 96.3333 64.3333 1.76384
      vertex 96.2161 64.4762 1.76384
    endloop
  endfacet
  facet normal 0.367678 0.111708 -0.923219
    outer loop
      vertex 96.1659 64.8341 1.8021
      vertex 96.1958 64.8042 1.81039
      vertex 96.0753 64.8161 1.76384
    endloop
  endfacet
  facet normal 0.430928 0.353616 -0.830215
    outer loop
      vertex 96.3333 64.3333 1.76384
      vertex 96.1028 64.1028 1.54602
      vertex 95.945 64.2951 1.54602
    endloop
  endfacet
  facet normal 0.533449 0.161828 -0.830207
    outer loop
      vertex 96.0753 64.8161 1.76384
      vertex 95.8278 64.5145 1.54602
      vertex 95.7556 64.7525 1.54602
    endloop
  endfacet
  facet normal 0.26816 0.884688 -0.381337
    outer loop
      vertex 96.6307 63.1432 0.630669
      vertex 96.325 63.3704 0.942793
      vertex 96.6559 63.2701 0.942793
    endloop
  endfacet
  facet normal 0.269744 0.884829 -0.379889
    outer loop
      vertex 96.325 63.3704 0.942793
      vertex 96.6307 63.1432 0.630669
      vertex 96.6057 63.1401 0.605697
    endloop
  endfacet
  facet normal 0.462432 0.864696 -0.196107
    outer loop
      vertex 95.8942 63.3451 0.196033
      vertex 96.2197 63.1764 0.219731
      vertex 96.196 63.1837 0.196033
    endloop
  endfacet
  facet normal 0.462498 0.865091 -0.194198
    outer loop
      vertex 96.2197 63.1764 0.219731
      vertex 95.8942 63.3451 0.196033
      vertex 95.9367 63.4087 0.580569
    endloop
  endfacet
  facet normal 0.91992 0.0907415 -0.381461
    outer loop
      vertex 95.2418 64.9428 0.942793
      vertex 95.2701 64.6559 0.942793
      vertex 95.1953 64.7957 0.795663
    endloop
  endfacet
  facet normal 0.91995 0.0908644 -0.38136
    outer loop
      vertex 95.1953 64.7957 0.795663
      vertex 95.2701 64.6559 0.942793
      vertex 95.1432 64.6307 0.630669
    endloop
  endfacet
  facet normal 0.79675 0.241772 -0.553838
    outer loop
      vertex 95.4837 64.6984 1.26879
      vertex 95.5717 64.4084 1.26879
      vertex 95.3704 64.325 0.942793
    endloop
  endfacet
  facet normal 0.734388 0.392333 -0.553849
    outer loop
      vertex 95.5717 64.4084 1.26879
      vertex 95.7145 64.1411 1.26879
      vertex 95.3704 64.325 0.942793
    endloop
  endfacet
  facet normal 0.714661 0.586515 -0.381131
    outer loop
      vertex 95.7528 63.7528 0.942793
      vertex 95.6467 63.6467 0.580569
      vertex 95.4087 63.9367 0.580569
    endloop
  endfacet
  facet normal 0.586576 0.714638 -0.381079
    outer loop
      vertex 96.0201 63.5334 0.942793
      vertex 95.9367 63.4087 0.580569
      vertex 95.7528 63.7528 0.942793
    endloop
  endfacet
  facet normal 0.205828 0.678297 -0.705371
    outer loop
      vertex 96.5145 63.8278 1.54602
      vertex 96.6984 63.4837 1.26879
      vertex 96.4084 63.5717 1.26879
    endloop
  endfacet
  facet normal 0.392333 0.734388 -0.553849
    outer loop
      vertex 96.4084 63.5717 1.26879
      vertex 96.325 63.3704 0.942793
      vertex 96.1411 63.7145 1.26879
    endloop
  endfacet
  facet normal 0.462473 0.865079 -0.194311
    outer loop
      vertex 96.2418 63.1695 0.241802
      vertex 95.9367 63.4087 0.580569
      vertex 96.2676 63.2318 0.580569
    endloop
  endfacet
  facet normal 0.463238 0.864859 -0.193468
    outer loop
      vertex 95.9367 63.4087 0.580569
      vertex 96.2418 63.1695 0.241802
      vertex 96.2197 63.1764 0.219731
    endloop
  endfacet
  facet normal 0.435889 0.815351 -0.381055
    outer loop
      vertex 96.0201 63.5334 0.942793
      vertex 96.2676 63.2318 0.580569
      vertex 95.9367 63.4087 0.580569
    endloop
  endfacet
  facet normal 0.881819 0.471589 -8.58526e-05
    outer loop
      vertex 95.3451 63.8942 0.196033
      vertex 95.2885 64 0
      vertex 95.1837 64.196 0.196033
    endloop
  endfacet
  facet normal 0.881752 0.471713 0
    outer loop
      vertex 95.2885 64 0
      vertex 95.3451 63.8942 0.196033
      vertex 95.3451 63.8942 0
    endloop
  endfacet
  facet normal 0.243656 0.297086 -0.92324
    outer loop
      vertex 96.3333 64.3333 1.76384
      vertex 96.5478 64.4522 1.85871
      vertex 96.4762 64.2161 1.76384
    endloop
  endfacet
  facet normal 0.243703 0.297012 -0.923251
    outer loop
      vertex 96.5478 64.4522 1.85871
      vertex 96.3333 64.3333 1.76384
      vertex 96.5 64.5 1.86147
    endloop
  endfacet
  facet normal 0.353616 0.430928 -0.830215
    outer loop
      vertex 96.3333 64.3333 1.76384
      vertex 96.2951 63.945 1.54602
      vertex 96.1028 64.1028 1.54602
    endloop
  endfacet
  facet normal 0.430968 0.353461 -0.83026
    outer loop
      vertex 96.2161 64.4762 1.76384
      vertex 96.3333 64.3333 1.76384
      vertex 95.945 64.2951 1.54602
    endloop
  endfacet
  facet normal 0.449674 0.547986 -0.70534
    outer loop
      vertex 96.1028 64.1028 1.54602
      vertex 96.2951 63.945 1.54602
      vertex 95.9068 63.9068 1.26879
    endloop
  endfacet
  facet normal 0.449703 0.547922 -0.705372
    outer loop
      vertex 96.2951 63.945 1.54602
      vertex 96.1411 63.7145 1.26879
      vertex 95.9068 63.9068 1.26879
    endloop
  endfacet
  facet normal 0.828823 0.0821126 -0.553453
    outer loop
      vertex 95.4837 64.6984 1.26879
      vertex 95.2418 64.9428 0.942793
      vertex 95.2587 64.9725 0.972508
    endloop
  endfacet
  facet normal 0.828724 0.0817459 -0.553655
    outer loop
      vertex 95.2418 64.9428 0.942793
      vertex 95.4837 64.6984 1.26879
      vertex 95.2701 64.6559 0.942793
    endloop
  endfacet
  facet normal 0.828696 0.0816057 -0.553718
    outer loop
      vertex 95.4837 64.6984 1.26879
      vertex 95.2744 65 1
      vertex 95.454 65 1.26879
    endloop
  endfacet
  facet normal 0.828452 0.0810355 -0.554167
    outer loop
      vertex 95.2744 65 1
      vertex 95.4837 64.6984 1.26879
      vertex 95.2587 64.9725 0.972508
    endloop
  endfacet
  facet normal 0.678297 0.205828 -0.705371
    outer loop
      vertex 95.8278 64.5145 1.54602
      vertex 95.5717 64.4084 1.26879
      vertex 95.4837 64.6984 1.26879
    endloop
  endfacet
  facet normal 0.625204 0.334004 -0.70538
    outer loop
      vertex 95.8278 64.5145 1.54602
      vertex 95.7145 64.1411 1.26879
      vertex 95.5717 64.4084 1.26879
    endloop
  endfacet
  facet normal 0.528313 0.643701 -0.553656
    outer loop
      vertex 95.9068 63.9068 1.26879
      vertex 96.1411 63.7145 1.26879
      vertex 95.7528 63.7528 0.942793
    endloop
  endfacet
  facet normal 0.643701 0.528313 -0.553656
    outer loop
      vertex 95.9068 63.9068 1.26879
      vertex 95.7528 63.7528 0.942793
      vertex 95.7145 64.1411 1.26879
    endloop
  endfacet
  facet normal 0.284621 0.93874 -0.194313
    outer loop
      vertex 96.2676 63.2318 0.580569
      vertex 96.5806 63.1369 0.580569
      vertex 96.2418 63.1695 0.241802
    endloop
  endfacet
  facet normal 0.268508 0.884778 -0.380883
    outer loop
      vertex 96.5806 63.1369 0.580569
      vertex 96.325 63.3704 0.942793
      vertex 96.6057 63.1401 0.605697
    endloop
  endfacet
  facet normal 0.26826 0.884778 -0.381058
    outer loop
      vertex 96.325 63.3704 0.942793
      vertex 96.5806 63.1369 0.580569
      vertex 96.2676 63.2318 0.580569
    endloop
  endfacet
  facet normal 0.758315 0.622291 -0.194198
    outer loop
      vertex 95.4087 63.9367 0.580569
      vertex 95.5926 63.5926 0.196033
      vertex 95.3451 63.8942 0.196033
    endloop
  endfacet
  facet normal 0.865091 0.462498 -0.194198
    outer loop
      vertex 95.3451 63.8942 0.196033
      vertex 95.1764 64.2197 0.219731
      vertex 95.4087 63.9367 0.580569
    endloop
  endfacet
  facet normal 0.864696 0.462432 -0.196107
    outer loop
      vertex 95.1764 64.2197 0.219731
      vertex 95.3451 63.8942 0.196033
      vertex 95.1837 64.196 0.196033
    endloop
  endfacet
  facet normal 0.339004 0.181029 -0.923204
    outer loop
      vertex 96.3548 64.6452 1.84791
      vertex 96.4005 64.5995 1.85573
      vertex 96.2161 64.4762 1.76384
    endloop
  endfacet
  facet normal 0.297029 0.243814 -0.923216
    outer loop
      vertex 96.4005 64.5995 1.85573
      vertex 96.4522 64.5478 1.85871
      vertex 96.2161 64.4762 1.76384
    endloop
  endfacet
  facet normal 0.491635 0.262708 -0.830228
    outer loop
      vertex 96.129 64.6392 1.76384
      vertex 96.2161 64.4762 1.76384
      vertex 95.8278 64.5145 1.54602
    endloop
  endfacet
  facet normal 0.338911 0.181114 -0.923221
    outer loop
      vertex 96.2161 64.4762 1.76384
      vertex 96.2929 64.7071 1.83733
      vertex 96.3548 64.6452 1.84791
    endloop
  endfacet
  facet normal 0.338926 0.181107 -0.923217
    outer loop
      vertex 96.2929 64.7071 1.83733
      vertex 96.2161 64.4762 1.76384
      vertex 96.129 64.6392 1.76384
    endloop
  endfacet
  facet normal 0.0373998 0.382442 -0.923222
    outer loop
      vertex 96.8341 64.1659 1.8021
      vertex 96.8539 64.1461 1.7947
      vertex 96.8161 64.0753 1.76384
    endloop
  endfacet
  facet normal 0.333987 0.625228 -0.705367
    outer loop
      vertex 96.2951 63.945 1.54602
      vertex 96.5145 63.8278 1.54602
      vertex 96.1411 63.7145 1.26879
    endloop
  endfacet
  facet normal 0.0695415 0.70539 -0.705399
    outer loop
      vertex 96.7525 63.7556 1.54602
      vertex 97 63.7312 1.54602
      vertex 96.6984 63.4837 1.26879
    endloop
  endfacet
  facet normal 0.49164 0.262626 -0.830251
    outer loop
      vertex 96.2161 64.4762 1.76384
      vertex 95.945 64.2951 1.54602
      vertex 95.8278 64.5145 1.54602
    endloop
  endfacet
  facet normal 0.625228 0.333987 -0.705367
    outer loop
      vertex 95.8278 64.5145 1.54602
      vertex 95.945 64.2951 1.54602
      vertex 95.7145 64.1411 1.26879
    endloop
  endfacet
  facet normal 0.205766 0.678286 -0.7054
    outer loop
      vertex 96.7525 63.7556 1.54602
      vertex 96.6984 63.4837 1.26879
      vertex 96.5145 63.8278 1.54602
    endloop
  endfacet
  facet normal 0.262708 0.491635 -0.830228
    outer loop
      vertex 96.6392 64.129 1.76384
      vertex 96.5145 63.8278 1.54602
      vertex 96.4762 64.2161 1.76384
    endloop
  endfacet
  facet normal 0.0694677 0.705437 -0.70536
    outer loop
      vertex 97 63.7312 1.54602
      vertex 97 63.454 1.26879
      vertex 96.6984 63.4837 1.26879
    endloop
  endfacet
  facet normal 0.111708 0.367678 -0.923219
    outer loop
      vertex 96.8341 64.1659 1.8021
      vertex 96.8161 64.0753 1.76384
      vertex 96.8042 64.1958 1.81039
    endloop
  endfacet
  facet normal 0.262626 0.49164 -0.830251
    outer loop
      vertex 96.4762 64.2161 1.76384
      vertex 96.5145 63.8278 1.54602
      vertex 96.2951 63.945 1.54602
    endloop
  endfacet
  facet normal 0.181029 0.339004 -0.923204
    outer loop
      vertex 96.5995 64.4005 1.85573
      vertex 96.6452 64.3548 1.84791
      vertex 96.4762 64.2161 1.76384
    endloop
  endfacet
  facet normal 0.243814 0.297029 -0.923216
    outer loop
      vertex 96.5478 64.4522 1.85871
      vertex 96.5995 64.4005 1.85573
      vertex 96.4762 64.2161 1.76384
    endloop
  endfacet
  facet normal 0.161828 0.533449 -0.830207
    outer loop
      vertex 96.8161 64.0753 1.76384
      vertex 96.7525 63.7556 1.54602
      vertex 96.5145 63.8278 1.54602
    endloop
  endfacet
  facet normal 0.0546918 0.554763 -0.830209
    outer loop
      vertex 96.8161 64.0753 1.76384
      vertex 97 63.7312 1.54602
      vertex 96.7525 63.7556 1.54602
    endloop
  endfacet
  facet normal 0.111611 0.367674 -0.923233
    outer loop
      vertex 96.6392 64.129 1.76384
      vertex 96.8042 64.1958 1.81039
      vertex 96.8161 64.0753 1.76384
    endloop
  endfacet
  facet normal 0.111585 0.367727 -0.923215
    outer loop
      vertex 96.8042 64.1958 1.81039
      vertex 96.6392 64.129 1.76384
      vertex 96.7071 64.2929 1.83733
    endloop
  endfacet
  facet normal 0.161912 0.533374 -0.830239
    outer loop
      vertex 96.6392 64.129 1.76384
      vertex 96.8161 64.0753 1.76384
      vertex 96.5145 63.8278 1.54602
    endloop
  endfacet
  facet normal 0.0374783 0.382406 -0.923234
    outer loop
      vertex 96.8539 64.1461 1.7947
      vertex 96.9365 64.0635 1.76384
      vertex 96.8161 64.0753 1.76384
    endloop
  endfacet
  facet normal 0.054591 0.554728 -0.830239
    outer loop
      vertex 96.8161 64.0753 1.76384
      vertex 97 64 1.72562
      vertex 97 63.7312 1.54602
    endloop
  endfacet
  facet normal 0.0543191 0.554239 -0.830583
    outer loop
      vertex 97 64 1.72562
      vertex 96.8161 64.0753 1.76384
      vertex 96.9365 64.0635 1.76384
    endloop
  endfacet
  facet normal -0.734365 0.392593 0.553695
    outer loop
      vertex 1.46658 64.0201 24.0572
      vertex 1.62958 64.325 24.0572
      vertex 1.28547 64.1411 23.7312
    endloop
  endfacet
  facet normal -0.533409 0.161775 0.830243
    outer loop
      vertex 1.17221 64.5145 23.454
      vertex 0.924678 64.8161 23.2362
      vertex 0.871027 64.6392 23.2362
    endloop
  endfacet
  facet normal -0.622286 0.758326 0.194172
    outer loop
      vertex 1.4074 63.5926 24.804
      vertex 1.35332 63.6467 24.4194
      vertex 1.06329 63.4087 24.4194
    endloop
  endfacet
  facet normal -0.758283 0.62234 0.194166
    outer loop
      vertex 1.65493 63.8942 24.804
      vertex 1.59133 63.9367 24.4194
      vertex 1.4074 63.5926 24.804
    endloop
  endfacet
  facet normal -0.262645 0.491579 0.830282
    outer loop
      vertex 0.7049 63.945 23.454
      vertex 0.523787 64.2161 23.2362
      vertex 0.485543 63.8278 23.454
    endloop
  endfacet
  facet normal -0.161807 0.533418 0.830231
    outer loop
      vertex 0.247527 63.7556 23.454
      vertex 0.485543 63.8278 23.454
      vertex 0.183929 64.0753 23.2362
    endloop
  endfacet
  facet normal -0.884724 0.268358 0.381114
    outer loop
      vertex 1.62958 64.325 24.0572
      vertex 1.85675 64.6307 24.3693
      vertex 1.72995 64.6559 24.0572
    endloop
  endfacet
  facet normal -0.884734 0.268472 0.38101
    outer loop
      vertex 1.85675 64.6307 24.3693
      vertex 1.62958 64.325 24.0572
      vertex 1.85993 64.6057 24.3943
    endloop
  endfacet
  facet normal -0.643713 0.528263 0.553689
    outer loop
      vertex 1.46658 64.0201 24.0572
      vertex 1.28547 64.1411 23.7312
      vertex 1.24722 63.7528 24.0572
    endloop
  endfacet
  facet normal -0.24176 0.796772 0.553811
    outer loop
      vertex 0.674993 63.3704 24.0572
      vertex 0.591636 63.5717 23.7312
      vertex 0.301613 63.4837 23.7312
    endloop
  endfacet
  facet normal -0.334001 0.625168 0.705414
    outer loop
      vertex 0.591636 63.5717 23.7312
      vertex 0.858923 63.7145 23.7312
      vertex 0.485543 63.8278 23.454
    endloop
  endfacet
  facet normal -0.586473 0.714684 0.381151
    outer loop
      vertex 1.35332 63.6467 24.4194
      vertex 1.24722 63.7528 24.0572
      vertex 1.06329 63.4087 24.4194
    endloop
  endfacet
  facet normal -0.81533 0.435876 0.381116
    outer loop
      vertex 1.7682 64.2676 24.4194
      vertex 1.62958 64.325 24.0572
      vertex 1.46658 64.0201 24.0572
    endloop
  endfacet
  facet normal -0.88472 0.268135 0.38128
    outer loop
      vertex 1.62958 64.325 24.0572
      vertex 1.86314 64.5806 24.4194
      vertex 1.85993 64.6057 24.3943
    endloop
  endfacet
  facet normal -0.88472 0.268356 0.381125
    outer loop
      vertex 1.86314 64.5806 24.4194
      vertex 1.62958 64.325 24.0572
      vertex 1.7682 64.2676 24.4194
    endloop
  endfacet
  facet normal -0.547942 0.449617 0.70541
    outer loop
      vertex 1.0932 63.9068 23.7312
      vertex 1.05496 64.2951 23.454
      vertex 0.897167 64.1028 23.454
    endloop
  endfacet
  facet normal -0.796853 0.241705 0.553718
    outer loop
      vertex 1.62958 64.325 24.0572
      vertex 1.72995 64.6559 24.0572
      vertex 1.51631 64.6984 23.7312
    endloop
  endfacet
  facet normal -0.28464 0.93874 0.194285
    outer loop
      vertex 0.758197 63.1695 24.7582
      vertex 0.732409 63.2318 24.4194
      vertex 0.41943 63.1369 24.4194
    endloop
  endfacet
  facet normal -0.714656 0.586483 0.381187
    outer loop
      vertex 1.59133 63.9367 24.4194
      vertex 1.46658 64.0201 24.0572
      vertex 1.24722 63.7528 24.0572
    endloop
  endfacet
  facet normal -0.0546825 0.554729 0.830232
    outer loop
      vertex 0.247527 63.7556 23.454
      vertex 0.183929 64.0753 23.2362
      vertex 0 63.7312 23.454
    endloop
  endfacet
  facet normal -0.262683 0.491576 0.830271
    outer loop
      vertex 0.485543 63.8278 23.454
      vertex 0.523787 64.2161 23.2362
      vertex 0.360791 64.129 23.2362
    endloop
  endfacet
  facet normal -0.392361 0.734404 0.553808
    outer loop
      vertex 0.674993 63.3704 24.0572
      vertex 0.858923 63.7145 23.7312
      vertex 0.591636 63.5717 23.7312
    endloop
  endfacet
  facet normal -0.241573 0.796937 0.553655
    outer loop
      vertex 0.344109 63.2701 24.0572
      vertex 0.674993 63.3704 24.0572
      vertex 0.301613 63.4837 23.7312
    endloop
  endfacet
  facet normal -0.0695305 0.705355 0.705436
    outer loop
      vertex 0.301613 63.4837 23.7312
      vertex 0.247527 63.7556 23.454
      vertex 0 63.7312 23.454
    endloop
  endfacet
  facet normal -0.471747 0.881734 0
    outer loop
      vertex 1.10579 63.3451 24.804
      vertex 1 63.2885 25
      vertex 1.10579 63.3451 25
    endloop
  endfacet
  facet normal -0.47156 0.881834 0.00013017
    outer loop
      vertex 1 63.2885 25
      vertex 1.10579 63.3451 24.804
      vertex 0.803966 63.1837 24.804
    endloop
  endfacet
  facet normal -0.62512 0.334071 0.705423
    outer loop
      vertex 1.28547 64.1411 23.7312
      vertex 1.17221 64.5145 23.454
      vertex 1.05496 64.2951 23.454
    endloop
  endfacet
  facet normal -0.161927 0.533311 0.830276
    outer loop
      vertex 0.485543 63.8278 23.454
      vertex 0.360791 64.129 23.2362
      vertex 0.183929 64.0753 23.2362
    endloop
  endfacet
  facet normal -0.368076 0.111656 0.923067
    outer loop
      vertex 0.924678 64.8161 23.2362
      vertex 0.834089 64.8341 23.1979
      vertex 0.804204 64.8042 23.1896
    endloop
  endfacet
  facet normal -0.297323 0.243353 0.923243
    outer loop
      vertex 0.783904 64.4762 23.2362
      vertex 0.599456 64.5995 23.1443
      vertex 0.547825 64.5478 23.1413
    endloop
  endfacet
  facet normal -0.297156 0.243814 0.923176
    outer loop
      vertex 0.547825 64.5478 23.1413
      vertex 0.666656 64.3333 23.2362
      vertex 0.783904 64.4762 23.2362
    endloop
  endfacet
  facet normal -0.297511 0.243592 0.92312
    outer loop
      vertex 0.666656 64.3333 23.2362
      vertex 0.547825 64.5478 23.1413
      vertex 0.5 64.5 23.1385
    endloop
  endfacet
  facet normal -0.430907 0.353555 0.830252
    outer loop
      vertex 1.05496 64.2951 23.454
      vertex 0.783904 64.4762 23.2362
      vertex 0.666656 64.3333 23.2362
    endloop
  endfacet
  facet normal -0.24344 0.297646 0.923116
    outer loop
      vertex 0.452174 64.4522 23.1413
      vertex 0.666656 64.3333 23.2362
      vertex 0.5 64.5 23.1385
    endloop
  endfacet
  facet normal -0.243755 0.297142 0.923196
    outer loop
      vertex 0.666656 64.3333 23.2362
      vertex 0.452174 64.4522 23.1413
      vertex 0.523787 64.2161 23.2362
    endloop
  endfacet
  facet normal -0.938735 0.28474 0.194163
    outer loop
      vertex 1.83045 64.2418 24.7582
      vertex 1.86314 64.5806 24.4194
      vertex 1.7682 64.2676 24.4194
    endloop
  endfacet
  facet normal -0.463627 0.864748 0.193029
    outer loop
      vertex 1.06329 63.4087 24.4194
      vertex 0.758197 63.1695 24.7582
      vertex 0.780268 63.1764 24.7803
    endloop
  endfacet
  facet normal -0.462497 0.865074 0.194277
    outer loop
      vertex 0.758197 63.1695 24.7582
      vertex 1.06329 63.4087 24.4194
      vertex 0.732409 63.2318 24.4194
    endloop
  endfacet
  facet normal -0.634355 0.773042 0
    outer loop
      vertex 1.4074 63.5926 24.804
      vertex 1.10579 63.3451 25
      vertex 1.4074 63.5926 25
    endloop
  endfacet
  facet normal -0.634355 0.773042 0
    outer loop
      vertex 1.10579 63.3451 25
      vertex 1.4074 63.5926 24.804
      vertex 1.10579 63.3451 24.804
    endloop
  endfacet
  facet normal -0.758282 0.62234 0.194167
    outer loop
      vertex 1.4074 63.5926 24.804
      vertex 1.59133 63.9367 24.4194
      vertex 1.35332 63.6467 24.4194
    endloop
  endfacet
  facet normal -0.714642 0.586524 0.381153
    outer loop
      vertex 1.35332 63.6467 24.4194
      vertex 1.59133 63.9367 24.4194
      vertex 1.24722 63.7528 24.0572
    endloop
  endfacet
  facet normal -0.772994 0.634414 0
    outer loop
      vertex 1.4074 63.5926 24.804
      vertex 1.65493 63.8942 25
      vertex 1.65493 63.8942 24.804
    endloop
  endfacet
  facet normal -0.772994 0.634414 0
    outer loop
      vertex 1.65493 63.8942 25
      vertex 1.4074 63.5926 24.804
      vertex 1.4074 63.5926 25
    endloop
  endfacet
  facet normal -0.334012 0.625152 0.705422
    outer loop
      vertex 0.858923 63.7145 23.7312
      vertex 0.7049 63.945 23.454
      vertex 0.485543 63.8278 23.454
    endloop
  endfacet
  facet normal -0.462411 0.864726 0.196022
    outer loop
      vertex 1.10579 63.3451 24.804
      vertex 0.780268 63.1764 24.7803
      vertex 0.803966 63.1837 24.804
    endloop
  endfacet
  facet normal -0.462475 0.865111 0.194166
    outer loop
      vertex 0.780268 63.1764 24.7803
      vertex 1.10579 63.3451 24.804
      vertex 1.06329 63.4087 24.4194
    endloop
  endfacet
  facet normal -0.528335 0.643665 0.553677
    outer loop
      vertex 1.24722 63.7528 24.0572
      vertex 1.0932 63.9068 23.7312
      vertex 0.858923 63.7145 23.7312
    endloop
  endfacet
  facet normal -0.449694 0.547857 0.705427
    outer loop
      vertex 0.858923 63.7145 23.7312
      vertex 1.0932 63.9068 23.7312
      vertex 0.7049 63.945 23.454
    endloop
  endfacet
  facet normal -0.392549 0.734393 0.55369
    outer loop
      vertex 0.979938 63.5334 24.0572
      vertex 0.858923 63.7145 23.7312
      vertex 0.674993 63.3704 24.0572
    endloop
  endfacet
  facet normal -0.622282 0.75833 0.194167
    outer loop
      vertex 1.10579 63.3451 24.804
      vertex 1.4074 63.5926 24.804
      vertex 1.06329 63.4087 24.4194
    endloop
  endfacet
  facet normal -0.368075 0.111631 0.92307
    outer loop
      vertex 0.804204 64.8042 23.1896
      vertex 0.871027 64.6392 23.2362
      vertex 0.924678 64.8161 23.2362
    endloop
  endfacet
  facet normal -0.367627 0.111856 0.923222
    outer loop
      vertex 0.871027 64.6392 23.2362
      vertex 0.804204 64.8042 23.1896
      vertex 0.707106 64.7071 23.1627
    endloop
  endfacet
  facet normal -0.73437 0.392516 0.553744
    outer loop
      vertex 1.62958 64.325 24.0572
      vertex 1.42834 64.4084 23.7312
      vertex 1.28547 64.1411 23.7312
    endloop
  endfacet
  facet normal -0.625079 0.3341 0.705446
    outer loop
      vertex 1.28547 64.1411 23.7312
      vertex 1.42834 64.4084 23.7312
      vertex 1.17221 64.5145 23.454
    endloop
  endfacet
  facet normal -0.491597 0.262715 0.830249
    outer loop
      vertex 1.05496 64.2951 23.454
      vertex 1.17221 64.5145 23.454
      vertex 0.783904 64.4762 23.2362
    endloop
  endfacet
  facet normal -0.33867 0.181494 0.923235
    outer loop
      vertex 0.783904 64.4762 23.2362
      vertex 0.64521 64.6452 23.1521
      vertex 0.599456 64.5995 23.1443
    endloop
  endfacet
  facet normal -0.382725 0.0379664 0.923082
    outer loop
      vertex 0.924678 64.8161 23.2362
      vertex 0.853901 64.8539 23.2053
      vertex 0.834089 64.8341 23.1979
    endloop
  endfacet
  facet normal -0.24386 0.297104 0.92318
    outer loop
      vertex 0.523787 64.2161 23.2362
      vertex 0.452174 64.4522 23.1413
      vertex 0.400543 64.4005 23.1443
    endloop
  endfacet
  facet normal -0.0377089 0.382726 0.923092
    outer loop
      vertex 0.183929 64.0753 23.2362
      vertex 0.16591 64.1659 23.1979
      vertex 0.146098 64.1461 23.2053
    endloop
  endfacet
  facet normal -0.828648 0.0814542 0.553812
    outer loop
      vertex 1.51631 64.6984 23.7312
      vertex 1.75821 64.9428 24.0572
      vertex 1.74128 64.9725 24.0275
    endloop
  endfacet
  facet normal -0.828695 0.0816275 0.553716
    outer loop
      vertex 1.75821 64.9428 24.0572
      vertex 1.51631 64.6984 23.7312
      vertex 1.72995 64.6559 24.0572
    endloop
  endfacet
  facet normal -0.111802 0.367987 0.923085
    outer loop
      vertex 0.183929 64.0753 23.2362
      vertex 0.195795 64.1958 23.1896
      vertex 0.16591 64.1659 23.1979
    endloop
  endfacet
  facet normal -0.205743 0.678258 0.705433
    outer loop
      vertex 0.301613 63.4837 23.7312
      vertex 0.485543 63.8278 23.454
      vertex 0.247527 63.7556 23.454
    endloop
  endfacet
  facet normal -0.205803 0.678268 0.705406
    outer loop
      vertex 0.591636 63.5717 23.7312
      vertex 0.485543 63.8278 23.454
      vertex 0.301613 63.4837 23.7312
    endloop
  endfacet
  facet normal -0.181163 0.339023 0.92317
    outer loop
      vertex 0.354789 64.3548 23.1521
      vertex 0.360791 64.129 23.2362
      vertex 0.523787 64.2161 23.2362
    endloop
  endfacet
  facet normal -0.180959 0.33904 0.923204
    outer loop
      vertex 0.360791 64.129 23.2362
      vertex 0.354789 64.3548 23.1521
      vertex 0.292893 64.2929 23.1627
    endloop
  endfacet
  facet normal -0.111895 0.367653 0.923207
    outer loop
      vertex 0.195795 64.1958 23.1896
      vertex 0.360791 64.129 23.2362
      vertex 0.292893 64.2929 23.1627
    endloop
  endfacet
  facet normal -0.11173 0.367984 0.923095
    outer loop
      vertex 0.360791 64.129 23.2362
      vertex 0.195795 64.1958 23.1896
      vertex 0.183929 64.0753 23.2362
    endloop
  endfacet
  facet normal -0.547917 0.449629 0.705423
    outer loop
      vertex 1.0932 63.9068 23.7312
      vertex 1.28547 64.1411 23.7312
      vertex 1.05496 64.2951 23.454
    endloop
  endfacet
  facet normal -0.643731 0.528255 0.553677
    outer loop
      vertex 1.24722 63.7528 24.0572
      vertex 1.28547 64.1411 23.7312
      vertex 1.0932 63.9068 23.7312
    endloop
  endfacet
  facet normal -0.586611 0.714634 0.381033
    outer loop
      vertex 1.06329 63.4087 24.4194
      vertex 1.24722 63.7528 24.0572
      vertex 0.979938 63.5334 24.0572
    endloop
  endfacet
  facet normal -0.435914 0.815351 0.381028
    outer loop
      vertex 1.06329 63.4087 24.4194
      vertex 0.979938 63.5334 24.0572
      vertex 0.732409 63.2318 24.4194
    endloop
  endfacet
  facet normal -0.796842 0.241718 0.553729
    outer loop
      vertex 1.62958 64.325 24.0572
      vertex 1.51631 64.6984 23.7312
      vertex 1.42834 64.4084 23.7312
    endloop
  endfacet
  facet normal -0.678248 0.205743 0.705443
    outer loop
      vertex 1.42834 64.4084 23.7312
      vertex 1.51631 64.6984 23.7312
      vertex 1.17221 64.5145 23.454
    endloop
  endfacet
  facet normal -0.449677 0.547896 0.705408
    outer loop
      vertex 1.0932 63.9068 23.7312
      vertex 0.897167 64.1028 23.454
      vertex 0.7049 63.945 23.454
    endloop
  endfacet
  facet normal -0.35348 0.430899 0.830288
    outer loop
      vertex 0.7049 63.945 23.454
      vertex 0.666656 64.3333 23.2362
      vertex 0.523787 64.2161 23.2362
    endloop
  endfacet
  facet normal -0.382836 0.0377272 0.923045
    outer loop
      vertex 0.924678 64.8161 23.2362
      vertex 0.936543 64.9365 23.2362
      vertex 0.853901 64.8539 23.2053
    endloop
  endfacet
  facet normal -0.920067 0.0906629 0.381125
    outer loop
      vertex 1.85675 64.6307 24.3693
      vertex 1.80466 64.7957 24.2043
      vertex 1.72995 64.6559 24.0572
    endloop
  endfacet
  facet normal -0.705361 0.0694816 0.705435
    outer loop
      vertex 1.51631 64.6984 23.7312
      vertex 1.26879 65 23.454
      vertex 1.24441 64.7525 23.454
    endloop
  endfacet
  facet normal -0.865136 0.462425 0.194171
    outer loop
      vertex 1.59133 63.9367 24.4194
      vertex 1.83045 64.2418 24.7582
      vertex 1.7682 64.2676 24.4194
    endloop
  endfacet
  facet normal -0.8652 0.462201 0.194419
    outer loop
      vertex 1.83045 64.2418 24.7582
      vertex 1.59133 63.9367 24.4194
      vertex 1.82361 64.2197 24.7803
    endloop
  endfacet
  facet normal -0.81534 0.435809 0.381171
    outer loop
      vertex 1.59133 63.9367 24.4194
      vertex 1.7682 64.2676 24.4194
      vertex 1.46658 64.0201 24.0572
    endloop
  endfacet
  facet normal -0.67825 0.205755 0.705438
    outer loop
      vertex 1.51631 64.6984 23.7312
      vertex 1.24441 64.7525 23.454
      vertex 1.17221 64.5145 23.454
    endloop
  endfacet
  facet normal -0.828704 0.0816339 0.553702
    outer loop
      vertex 1.51631 64.6984 23.7312
      vertex 1.72562 65 24
      vertex 1.54602 65 23.7312
    endloop
  endfacet
  facet normal -0.828737 0.0817123 0.55364
    outer loop
      vertex 1.72562 65 24
      vertex 1.51631 64.6984 23.7312
      vertex 1.74128 64.9725 24.0275
    endloop
  endfacet
  facet normal -0.270148 0.884845 0.379566
    outer loop
      vertex 0.674993 63.3704 24.0572
      vertex 0.36933 63.1432 24.3693
      vertex 0.394302 63.1401 24.3943
    endloop
  endfacet
  facet normal -0.268167 0.884668 0.381377
    outer loop
      vertex 0.36933 63.1432 24.3693
      vertex 0.674993 63.3704 24.0572
      vertex 0.344109 63.2701 24.0572
    endloop
  endfacet
  facet normal -0.069461 0.705399 0.705399
    outer loop
      vertex 0.301613 63.4837 23.7312
      vertex 0 63.7312 23.454
      vertex 0 63.454 23.7312
    endloop
  endfacet
  facet normal -0.181201 0.338981 0.923178
    outer loop
      vertex 0.523787 64.2161 23.2362
      vertex 0.400543 64.4005 23.1443
      vertex 0.354789 64.3548 23.1521
    endloop
  endfacet
  facet normal -0.353623 0.430862 0.830246
    outer loop
      vertex 0.7049 63.945 23.454
      vertex 0.897167 64.1028 23.454
      vertex 0.666656 64.3333 23.2362
    endloop
  endfacet
  facet normal -0.430901 0.353579 0.830245
    outer loop
      vertex 0.897167 64.1028 23.454
      vertex 1.05496 64.2951 23.454
      vertex 0.666656 64.3333 23.2362
    endloop
  endfacet
  facet normal -0.0374966 0.382825 0.92306
    outer loop
      vertex 0.183929 64.0753 23.2362
      vertex 0.146098 64.1461 23.2053
      vertex 0.0634559 64.0635 23.2362
    endloop
  endfacet
  facet normal -0.43583 0.815364 0.381096
    outer loop
      vertex 0.732409 63.2318 24.4194
      vertex 0.979938 63.5334 24.0572
      vertex 0.674993 63.3704 24.0572
    endloop
  endfacet
  facet normal -0.528343 0.643649 0.553688
    outer loop
      vertex 0.979938 63.5334 24.0572
      vertex 1.24722 63.7528 24.0572
      vertex 0.858923 63.7145 23.7312
    endloop
  endfacet
  facet normal -0.554698 0.0546405 0.830256
    outer loop
      vertex 1.24441 64.7525 23.454
      vertex 1.26879 65 23.454
      vertex 0.924678 64.8161 23.2362
    endloop
  endfacet
  facet normal -0.53338 0.161807 0.830255
    outer loop
      vertex 1.17221 64.5145 23.454
      vertex 1.24441 64.7525 23.454
      vertex 0.924678 64.8161 23.2362
    endloop
  endfacet
  facet normal -0.70536 0.0694835 0.705436
    outer loop
      vertex 1.51631 64.6984 23.7312
      vertex 1.54602 65 23.7312
      vertex 1.26879 65 23.454
    endloop
  endfacet
  facet normal -0.338919 0.181151 0.923211
    outer loop
      vertex 0.707106 64.7071 23.1627
      vertex 0.783904 64.4762 23.2362
      vertex 0.871027 64.6392 23.2362
    endloop
  endfacet
  facet normal -0.339155 0.181051 0.923144
    outer loop
      vertex 0.783904 64.4762 23.2362
      vertex 0.707106 64.7071 23.1627
      vertex 0.64521 64.6452 23.1521
    endloop
  endfacet
  facet normal -0.491595 0.262756 0.830237
    outer loop
      vertex 1.17221 64.5145 23.454
      vertex 0.871027 64.6392 23.2362
      vertex 0.783904 64.4762 23.2362
    endloop
  endfacet
  facet normal -0.920058 0.0906269 0.381155
    outer loop
      vertex 1.80466 64.7957 24.2043
      vertex 1.75821 64.9428 24.0572
      vertex 1.72995 64.6559 24.0572
    endloop
  endfacet
  facet normal -0.86512 0.462458 0.194166
    outer loop
      vertex 1.65493 63.8942 24.804
      vertex 1.82361 64.2197 24.7803
      vertex 1.59133 63.9367 24.4194
    endloop
  endfacet
  facet normal -0.865121 0.462458 0.194161
    outer loop
      vertex 1.82361 64.2197 24.7803
      vertex 1.65493 63.8942 24.804
      vertex 1.81626 64.196 24.804
    endloop
  endfacet
  facet normal -0.881904 0.47143 -2.86847e-05
    outer loop
      vertex 1.65493 63.8942 24.804
      vertex 1.71148 64 25
      vertex 1.81626 64.196 24.804
    endloop
  endfacet
  facet normal -0.881926 0.471388 0
    outer loop
      vertex 1.71148 64 25
      vertex 1.65493 63.8942 24.804
      vertex 1.65493 63.8942 25
    endloop
  endfacet
  facet normal -0.268273 0.88476 0.38109
    outer loop
      vertex 0.674993 63.3704 24.0572
      vertex 0.41943 63.1369 24.4194
      vertex 0.732409 63.2318 24.4194
    endloop
  endfacet
  facet normal -0.268109 0.88476 0.381206
    outer loop
      vertex 0.41943 63.1369 24.4194
      vertex 0.674993 63.3704 24.0572
      vertex 0.394302 63.1401 24.3943
    endloop
  endfacet
  facet normal -0.0909198 0.919931 0.381392
    outer loop
      vertex 0.36933 63.1432 24.3693
      vertex 0.344109 63.2701 24.0572
      vertex 0.204336 63.1953 24.2043
    endloop
  endfacet
  facet normal -0.0811156 0.828497 0.554088
    outer loop
      vertex 0.301613 63.4837 23.7312
      vertex 0 63.2744 24
      vertex 0.0274919 63.2587 24.0275
    endloop
  endfacet
  facet normal -0.0816031 0.828706 0.553704
    outer loop
      vertex 0 63.2744 24
      vertex 0.301613 63.4837 23.7312
      vertex 0 63.454 23.7312
    endloop
  endfacet
  facet normal -0.0542613 0.553986 0.830756
    outer loop
      vertex 0 64 23.2744
      vertex 0.183929 64.0753 23.2362
      vertex 0.0634559 64.0635 23.2362
    endloop
  endfacet
  facet normal -0.0546725 0.554726 0.830235
    outer loop
      vertex 0.183929 64.0753 23.2362
      vertex 0 64 23.2744
      vertex 0 63.7312 23.454
    endloop
  endfacet
  facet normal -0.554546 0.0546486 0.830357
    outer loop
      vertex 0.924678 64.8161 23.2362
      vertex 1 65 23.2744
      vertex 0.936543 64.9365 23.2362
    endloop
  endfacet
  facet normal -0.554737 0.054755 0.830222
    outer loop
      vertex 1 65 23.2744
      vertex 0.924678 64.8161 23.2362
      vertex 1.26879 65 23.454
    endloop
  endfacet
  facet normal -0.0907374 0.919887 0.381543
    outer loop
      vertex 0.204336 63.1953 24.2043
      vertex 0.344109 63.2701 24.0572
      vertex 0.0572062 63.2418 24.0572
    endloop
  endfacet
  facet normal -0.0817454 0.828727 0.55365
    outer loop
      vertex 0.301613 63.4837 23.7312
      vertex 0.0572062 63.2418 24.0572
      vertex 0.344109 63.2701 24.0572
    endloop
  endfacet
  facet normal -0.0819216 0.828775 0.553553
    outer loop
      vertex 0.0572062 63.2418 24.0572
      vertex 0.301613 63.4837 23.7312
      vertex 0.0274919 63.2587 24.0275
    endloop
  endfacet
  facet normal 0.75832 0.622295 0.194167
    outer loop
      vertex 95.5926 63.5926 24.804
      vertex 95.4087 63.9367 24.4194
      vertex 95.3451 63.8942 24.804
    endloop
  endfacet
  facet normal 0.643703 0.528314 0.553652
    outer loop
      vertex 95.7528 63.7528 24.0572
      vertex 95.9068 63.9068 23.7312
      vertex 95.7145 64.1411 23.7312
    endloop
  endfacet
  facet normal 0.634368 0.773031 -0
    outer loop
      vertex 95.8942 63.3451 24.804
      vertex 95.5926 63.5926 25
      vertex 95.8942 63.3451 25
    endloop
  endfacet
  facet normal 0.634368 0.773031 0
    outer loop
      vertex 95.5926 63.5926 25
      vertex 95.8942 63.3451 24.804
      vertex 95.5926 63.5926 24.804
    endloop
  endfacet
  facet normal 0.471589 0.881819 8.5867e-05
    outer loop
      vertex 95.8942 63.3451 24.804
      vertex 96 63.2885 25
      vertex 96.196 63.1837 24.804
    endloop
  endfacet
  facet normal 0.471713 0.881752 0
    outer loop
      vertex 96 63.2885 25
      vertex 95.8942 63.3451 24.804
      vertex 95.8942 63.3451 25
    endloop
  endfacet
  facet normal 0.284622 0.938744 0.194295
    outer loop
      vertex 96.5806 63.1369 24.4194
      vertex 96.2676 63.2318 24.4194
      vertex 96.2418 63.1695 24.7582
    endloop
  endfacet
  facet normal 0.462433 0.864699 0.196091
    outer loop
      vertex 96.2197 63.1764 24.7803
      vertex 95.8942 63.3451 24.804
      vertex 96.196 63.1837 24.804
    endloop
  endfacet
  facet normal 0.4625 0.865097 0.194166
    outer loop
      vertex 95.8942 63.3451 24.804
      vertex 96.2197 63.1764 24.7803
      vertex 95.9367 63.4087 24.4194
    endloop
  endfacet
  facet normal 0.796752 0.241773 0.553834
    outer loop
      vertex 95.5717 64.4084 23.7312
      vertex 95.4837 64.6984 23.7312
      vertex 95.3704 64.325 24.0572
    endloop
  endfacet
  facet normal 0.773031 0.634368 0
    outer loop
      vertex 95.5926 63.5926 25
      vertex 95.3451 63.8942 24.804
      vertex 95.3451 63.8942 25
    endloop
  endfacet
  facet normal 0.773031 0.634368 0
    outer loop
      vertex 95.3451 63.8942 24.804
      vertex 95.5926 63.5926 25
      vertex 95.5926 63.5926 24.804
    endloop
  endfacet
  facet normal 0.392598 0.734375 0.55368
    outer loop
      vertex 96.325 63.3704 24.0572
      vertex 96.1411 63.7145 23.7312
      vertex 96.0201 63.5334 24.0572
    endloop
  endfacet
  facet normal 0.333986 0.625171 0.705419
    outer loop
      vertex 96.4084 63.5717 23.7312
      vertex 96.5145 63.8278 23.454
      vertex 96.1411 63.7145 23.7312
    endloop
  endfacet
  facet normal 0.462475 0.865082 0.194293
    outer loop
      vertex 95.9367 63.4087 24.4194
      vertex 96.2418 63.1695 24.7582
      vertex 96.2676 63.2318 24.4194
    endloop
  endfacet
  facet normal 0.463346 0.864831 0.193331
    outer loop
      vertex 96.2418 63.1695 24.7582
      vertex 95.9367 63.4087 24.4194
      vertex 96.2197 63.1764 24.7803
    endloop
  endfacet
  facet normal 0.491609 0.26261 0.830275
    outer loop
      vertex 95.945 64.2951 23.454
      vertex 96.2161 64.4762 23.2362
      vertex 95.8278 64.5145 23.454
    endloop
  endfacet
  facet normal 0.643674 0.528328 0.553672
    outer loop
      vertex 95.7528 63.7528 24.0572
      vertex 95.7145 64.1411 23.7312
      vertex 95.5334 64.0201 24.0572
    endloop
  endfacet
  facet normal 0.815343 0.435885 0.381077
    outer loop
      vertex 95.4087 63.9367 24.4194
      vertex 95.5334 64.0201 24.0572
      vertex 95.2318 64.2676 24.4194
    endloop
  endfacet
  facet normal 0.435884 0.815344 0.381078
    outer loop
      vertex 96.2676 63.2318 24.4194
      vertex 96.325 63.3704 24.0572
      vertex 96.0201 63.5334 24.0572
    endloop
  endfacet
  facet normal 0.625171 0.333986 0.705419
    outer loop
      vertex 95.7145 64.1411 23.7312
      vertex 95.8278 64.5145 23.454
      vertex 95.5717 64.4084 23.7312
    endloop
  endfacet
  facet normal 0.705399 0.069464 0.705399
    outer loop
      vertex 95.4837 64.6984 23.7312
      vertex 95.7312 65 23.454
      vertex 95.454 65 23.7312
    endloop
  endfacet
  facet normal 0.392334 0.734391 0.553845
    outer loop
      vertex 96.325 63.3704 24.0572
      vertex 96.4084 63.5717 23.7312
      vertex 96.1411 63.7145 23.7312
    endloop
  endfacet
  facet normal 0.435885 0.815343 0.381077
    outer loop
      vertex 96.2676 63.2318 24.4194
      vertex 96.0201 63.5334 24.0572
      vertex 95.9367 63.4087 24.4194
    endloop
  endfacet
  facet normal 0.0909099 0.919935 0.381386
    outer loop
      vertex 96.7957 63.1953 24.2043
      vertex 96.6559 63.2701 24.0572
      vertex 96.6307 63.1432 24.3693
    endloop
  endfacet
  facet normal 0.864831 0.463346 0.193331
    outer loop
      vertex 95.4087 63.9367 24.4194
      vertex 95.1695 64.2418 24.7582
      vertex 95.1764 64.2197 24.7803
    endloop
  endfacet
  facet normal 0.865082 0.462475 0.194293
    outer loop
      vertex 95.1695 64.2418 24.7582
      vertex 95.4087 63.9367 24.4194
      vertex 95.2318 64.2676 24.4194
    endloop
  endfacet
  facet normal 0.58657 0.714632 0.3811
    outer loop
      vertex 95.9367 63.4087 24.4194
      vertex 96.0201 63.5334 24.0572
      vertex 95.7528 63.7528 24.0572
    endloop
  endfacet
  facet normal 0.111774 0.368013 0.923078
    outer loop
      vertex 96.8161 64.0753 23.2362
      vertex 96.8341 64.1659 23.1979
      vertex 96.8042 64.1958 23.1896
    endloop
  endfacet
  facet normal 0.241773 0.796752 0.553834
    outer loop
      vertex 96.6984 63.4837 23.7312
      vertex 96.4084 63.5717 23.7312
      vertex 96.325 63.3704 24.0572
    endloop
  endfacet
  facet normal 0.353438 0.430941 0.830284
    outer loop
      vertex 96.4762 64.2161 23.2362
      vertex 96.3333 64.3333 23.2362
      vertex 96.2951 63.945 23.454
    endloop
  endfacet
  facet normal 0.180949 0.339043 0.923205
    outer loop
      vertex 96.6452 64.3548 23.1521
      vertex 96.6392 64.129 23.2362
      vertex 96.7071 64.2929 23.1627
    endloop
  endfacet
  facet normal 0.18116 0.339024 0.92317
    outer loop
      vertex 96.6392 64.129 23.2362
      vertex 96.6452 64.3548 23.1521
      vertex 96.4762 64.2161 23.2362
    endloop
  endfacet
  facet normal 0.528314 0.643703 0.553652
    outer loop
      vertex 96.1411 63.7145 23.7312
      vertex 95.9068 63.9068 23.7312
      vertex 95.7528 63.7528 24.0572
    endloop
  endfacet
  facet normal 0.528328 0.643674 0.553672
    outer loop
      vertex 96.0201 63.5334 24.0572
      vertex 96.1411 63.7145 23.7312
      vertex 95.7528 63.7528 24.0572
    endloop
  endfacet
  facet normal 0.297554 0.243479 0.923136
    outer loop
      vertex 96.4522 64.5478 23.1413
      vertex 96.3333 64.3333 23.2362
      vertex 96.5 64.5 23.1385
    endloop
  endfacet
  facet normal 0.297166 0.243722 0.923197
    outer loop
      vertex 96.3333 64.3333 23.2362
      vertex 96.4522 64.5478 23.1413
      vertex 96.2161 64.4762 23.2362
    endloop
  endfacet
  facet normal 0.430941 0.353438 0.830284
    outer loop
      vertex 96.3333 64.3333 23.2362
      vertex 96.2161 64.4762 23.2362
      vertex 95.945 64.2951 23.454
    endloop
  endfacet
  facet normal 0.938744 0.284622 0.194295
    outer loop
      vertex 95.1695 64.2418 24.7582
      vertex 95.2318 64.2676 24.4194
      vertex 95.1369 64.5806 24.4194
    endloop
  endfacet
  facet normal 0.44965 0.547957 0.705378
    outer loop
      vertex 96.2951 63.945 23.454
      vertex 96.1028 64.1028 23.454
      vertex 95.9068 63.9068 23.7312
    endloop
  endfacet
  facet normal 0.205817 0.67826 0.70541
    outer loop
      vertex 96.6984 63.4837 23.7312
      vertex 96.5145 63.8278 23.454
      vertex 96.4084 63.5717 23.7312
    endloop
  endfacet
  facet normal 0.241562 0.796938 0.553658
    outer loop
      vertex 96.6559 63.2701 24.0572
      vertex 96.6984 63.4837 23.7312
      vertex 96.325 63.3704 24.0572
    endloop
  endfacet
  facet normal 0.069464 0.705399 0.705399
    outer loop
      vertex 97 63.454 23.7312
      vertex 97 63.7312 23.454
      vertex 96.6984 63.4837 23.7312
    endloop
  endfacet
  facet normal 0.0907388 0.919893 0.381528
    outer loop
      vertex 96.7957 63.1953 24.2043
      vertex 96.9428 63.2418 24.0572
      vertex 96.6559 63.2701 24.0572
    endloop
  endfacet
  facet normal 0.714654 0.586509 0.381152
    outer loop
      vertex 95.6467 63.6467 24.4194
      vertex 95.7528 63.7528 24.0572
      vertex 95.4087 63.9367 24.4194
    endloop
  endfacet
  facet normal 0.622295 0.75832 0.194167
    outer loop
      vertex 95.8942 63.3451 24.804
      vertex 95.9367 63.4087 24.4194
      vertex 95.5926 63.5926 24.804
    endloop
  endfacet
  facet normal 0.705352 0.0695378 0.705438
    outer loop
      vertex 95.7556 64.7525 23.454
      vertex 95.7312 65 23.454
      vertex 95.4837 64.6984 23.7312
    endloop
  endfacet
  facet normal 0.0819457 0.82878 0.553541
    outer loop
      vertex 96.6984 63.4837 23.7312
      vertex 96.9428 63.2418 24.0572
      vertex 96.9725 63.2587 24.0275
    endloop
  endfacet
  facet normal 0.0817461 0.828727 0.553651
    outer loop
      vertex 96.9428 63.2418 24.0572
      vertex 96.6984 63.4837 23.7312
      vertex 96.6559 63.2701 24.0572
    endloop
  endfacet
  facet normal 0.586509 0.714654 0.381152
    outer loop
      vertex 95.9367 63.4087 24.4194
      vertex 95.7528 63.7528 24.0572
      vertex 95.6467 63.6467 24.4194
    endloop
  endfacet
  facet normal 0.353594 0.430901 0.830239
    outer loop
      vertex 96.2951 63.945 23.454
      vertex 96.3333 64.3333 23.2362
      vertex 96.1028 64.1028 23.454
    endloop
  endfacet
  facet normal 0.161901 0.53334 0.830263
    outer loop
      vertex 96.8161 64.0753 23.2362
      vertex 96.6392 64.129 23.2362
      vertex 96.5145 63.8278 23.454
    endloop
  endfacet
  facet normal 0.714632 0.58657 0.3811
    outer loop
      vertex 95.7528 63.7528 24.0572
      vertex 95.5334 64.0201 24.0572
      vertex 95.4087 63.9367 24.4194
    endloop
  endfacet
  facet normal 0.67826 0.205817 0.70541
    outer loop
      vertex 95.5717 64.4084 23.7312
      vertex 95.8278 64.5145 23.454
      vertex 95.4837 64.6984 23.7312
    endloop
  endfacet
  facet normal 0.547892 0.449679 0.70541
    outer loop
      vertex 95.9068 63.9068 23.7312
      vertex 95.945 64.2951 23.454
      vertex 95.7145 64.1411 23.7312
    endloop
  endfacet
  facet normal 0.625194 0.333969 0.705406
    outer loop
      vertex 95.945 64.2951 23.454
      vertex 95.8278 64.5145 23.454
      vertex 95.7145 64.1411 23.7312
    endloop
  endfacet
  facet normal 0.0546883 0.554728 0.830233
    outer loop
      vertex 97 63.7312 23.454
      vertex 96.8161 64.0753 23.2362
      vertex 96.7525 63.7556 23.454
    endloop
  endfacet
  facet normal 0.161817 0.533415 0.830231
    outer loop
      vertex 96.7525 63.7556 23.454
      vertex 96.8161 64.0753 23.2362
      vertex 96.5145 63.8278 23.454
    endloop
  endfacet
  facet normal 0.268157 0.884678 0.381362
    outer loop
      vertex 96.325 63.3704 24.0572
      vertex 96.6307 63.1432 24.3693
      vertex 96.6559 63.2701 24.0572
    endloop
  endfacet
  facet normal 0.269977 0.88484 0.379698
    outer loop
      vertex 96.6307 63.1432 24.3693
      vertex 96.325 63.3704 24.0572
      vertex 96.6057 63.1401 24.3943
    endloop
  endfacet
  facet normal 0.268271 0.884769 0.38107
    outer loop
      vertex 96.325 63.3704 24.0572
      vertex 96.5806 63.1369 24.4194
      vertex 96.6057 63.1401 24.3943
    endloop
  endfacet
  facet normal 0.268257 0.884769 0.381079
    outer loop
      vertex 96.5806 63.1369 24.4194
      vertex 96.325 63.3704 24.0572
      vertex 96.2676 63.2318 24.4194
    endloop
  endfacet
  facet normal 0.205755 0.67825 0.705438
    outer loop
      vertex 96.6984 63.4837 23.7312
      vertex 96.7525 63.7556 23.454
      vertex 96.5145 63.8278 23.454
    endloop
  endfacet
  facet normal 0.0695378 0.705352 0.705438
    outer loop
      vertex 97 63.7312 23.454
      vertex 96.7525 63.7556 23.454
      vertex 96.6984 63.4837 23.7312
    endloop
  endfacet
  facet normal 0.881752 0.471713 -0
    outer loop
      vertex 95.3451 63.8942 24.804
      vertex 95.2885 64 25
      vertex 95.3451 63.8942 25
    endloop
  endfacet
  facet normal 0.881819 0.471589 8.5867e-05
    outer loop
      vertex 95.2885 64 25
      vertex 95.3451 63.8942 24.804
      vertex 95.1837 64.196 24.804
    endloop
  endfacet
  facet normal 0.864699 0.462433 0.196091
    outer loop
      vertex 95.3451 63.8942 24.804
      vertex 95.1764 64.2197 24.7803
      vertex 95.1837 64.196 24.804
    endloop
  endfacet
  facet normal 0.865097 0.4625 0.194166
    outer loop
      vertex 95.1764 64.2197 24.7803
      vertex 95.3451 63.8942 24.804
      vertex 95.4087 63.9367 24.4194
    endloop
  endfacet
  facet normal 0.62232 0.758289 0.194204
    outer loop
      vertex 95.9367 63.4087 24.4194
      vertex 95.6467 63.6467 24.4194
      vertex 95.5926 63.5926 24.804
    endloop
  endfacet
  facet normal 0.758289 0.62232 0.194204
    outer loop
      vertex 95.5926 63.5926 24.804
      vertex 95.6467 63.6467 24.4194
      vertex 95.4087 63.9367 24.4194
    endloop
  endfacet
  facet normal 0.111893 0.367652 0.923207
    outer loop
      vertex 96.6392 64.129 23.2362
      vertex 96.8042 64.1958 23.1896
      vertex 96.7071 64.2929 23.1627
    endloop
  endfacet
  facet normal 0.111714 0.36801 0.923086
    outer loop
      vertex 96.8042 64.1958 23.1896
      vertex 96.6392 64.129 23.2362
      vertex 96.8161 64.0753 23.2362
    endloop
  endfacet
  facet normal 0.796938 0.241562 0.553658
    outer loop
      vertex 95.3704 64.325 24.0572
      vertex 95.4837 64.6984 23.7312
      vertex 95.2701 64.6559 24.0572
    endloop
  endfacet
  facet normal 0.815344 0.435884 0.381078
    outer loop
      vertex 95.5334 64.0201 24.0572
      vertex 95.3704 64.325 24.0572
      vertex 95.2318 64.2676 24.4194
    endloop
  endfacet
  facet normal 0.333969 0.625194 0.705406
    outer loop
      vertex 96.5145 63.8278 23.454
      vertex 96.2951 63.945 23.454
      vertex 96.1411 63.7145 23.7312
    endloop
  endfacet
  facet normal 0.449679 0.547892 0.70541
    outer loop
      vertex 96.1411 63.7145 23.7312
      vertex 96.2951 63.945 23.454
      vertex 95.9068 63.9068 23.7312
    endloop
  endfacet
  facet normal 0.243479 0.297554 0.923136
    outer loop
      vertex 96.3333 64.3333 23.2362
      vertex 96.5478 64.4522 23.1413
      vertex 96.5 64.5 23.1385
    endloop
  endfacet
  facet normal 0.243722 0.297166 0.923197
    outer loop
      vertex 96.5478 64.4522 23.1413
      vertex 96.3333 64.3333 23.2362
      vertex 96.4762 64.2161 23.2362
    endloop
  endfacet
  facet normal 0.339139 0.181055 0.923149
    outer loop
      vertex 96.2929 64.7071 23.1627
      vertex 96.2161 64.4762 23.2362
      vertex 96.3548 64.6452 23.1521
    endloop
  endfacet
  facet normal 0.338966 0.181128 0.923198
    outer loop
      vertex 96.2161 64.4762 23.2362
      vertex 96.2929 64.7071 23.1627
      vertex 96.129 64.6392 23.2362
    endloop
  endfacet
  facet normal 0.430901 0.353594 0.830239
    outer loop
      vertex 96.1028 64.1028 23.454
      vertex 96.3333 64.3333 23.2362
      vertex 95.945 64.2951 23.454
    endloop
  endfacet
  facet normal 0.547957 0.44965 0.705378
    outer loop
      vertex 96.1028 64.1028 23.454
      vertex 95.945 64.2951 23.454
      vertex 95.9068 63.9068 23.7312
    endloop
  endfacet
  facet normal 0.0375197 0.382828 0.923057
    outer loop
      vertex 96.9365 64.0635 23.2362
      vertex 96.8539 64.1461 23.2053
      vertex 96.8161 64.0753 23.2362
    endloop
  endfacet
  facet normal 0.0377344 0.382728 0.92309
    outer loop
      vertex 96.8539 64.1461 23.2053
      vertex 96.8341 64.1659 23.1979
      vertex 96.8161 64.0753 23.2362
    endloop
  endfacet
  facet normal 0.828491 0.0811056 0.554098
    outer loop
      vertex 95.4837 64.6984 23.7312
      vertex 95.2744 65 24
      vertex 95.2587 64.9725 24.0275
    endloop
  endfacet
  facet normal 0.828705 0.0816066 0.553704
    outer loop
      vertex 95.2744 65 24
      vertex 95.4837 64.6984 23.7312
      vertex 95.454 65 23.7312
    endloop
  endfacet
  facet normal 0.82878 0.0819457 0.553541
    outer loop
      vertex 95.2418 64.9428 24.0572
      vertex 95.4837 64.6984 23.7312
      vertex 95.2587 64.9725 24.0275
    endloop
  endfacet
  facet normal 0.828727 0.0817461 0.553651
    outer loop
      vertex 95.4837 64.6984 23.7312
      vertex 95.2418 64.9428 24.0572
      vertex 95.2701 64.6559 24.0572
    endloop
  endfacet
  facet normal 0.262692 0.491604 0.830252
    outer loop
      vertex 96.5145 63.8278 23.454
      vertex 96.6392 64.129 23.2362
      vertex 96.4762 64.2161 23.2362
    endloop
  endfacet
  facet normal 0.26261 0.491609 0.830275
    outer loop
      vertex 96.5145 63.8278 23.454
      vertex 96.4762 64.2161 23.2362
      vertex 96.2951 63.945 23.454
    endloop
  endfacet
  facet normal 0.0816066 0.828705 0.553704
    outer loop
      vertex 96.6984 63.4837 23.7312
      vertex 97 63.2744 24
      vertex 97 63.454 23.7312
    endloop
  endfacet
  facet normal 0.0811056 0.828491 0.554098
    outer loop
      vertex 97 63.2744 24
      vertex 96.6984 63.4837 23.7312
      vertex 96.9725 63.2587 24.0275
    endloop
  endfacet
  facet normal 0.554728 0.0546883 0.830233
    outer loop
      vertex 95.7556 64.7525 23.454
      vertex 96.0753 64.8161 23.2362
      vertex 95.7312 65 23.454
    endloop
  endfacet
  facet normal 0.33887 0.1813 0.923199
    outer loop
      vertex 96.4005 64.5995 23.1443
      vertex 96.3548 64.6452 23.1521
      vertex 96.2161 64.4762 23.2362
    endloop
  endfacet
  facet normal 0.0542995 0.554039 0.830718
    outer loop
      vertex 96.8161 64.0753 23.2362
      vertex 97 64 23.2744
      vertex 96.9365 64.0635 23.2362
    endloop
  endfacet
  facet normal 0.0546811 0.554725 0.830235
    outer loop
      vertex 97 64 23.2744
      vertex 96.8161 64.0753 23.2362
      vertex 97 63.7312 23.454
    endloop
  endfacet
  facet normal 0.533415 0.161817 0.830231
    outer loop
      vertex 95.8278 64.5145 23.454
      vertex 96.0753 64.8161 23.2362
      vertex 95.7556 64.7525 23.454
    endloop
  endfacet
  facet normal 0.67825 0.205755 0.705438
    outer loop
      vertex 95.8278 64.5145 23.454
      vertex 95.7556 64.7525 23.454
      vertex 95.4837 64.6984 23.7312
    endloop
  endfacet
  facet normal 0.734391 0.392334 0.553845
    outer loop
      vertex 95.7145 64.1411 23.7312
      vertex 95.5717 64.4084 23.7312
      vertex 95.3704 64.325 24.0572
    endloop
  endfacet
  facet normal 0.734375 0.392598 0.55368
    outer loop
      vertex 95.5334 64.0201 24.0572
      vertex 95.7145 64.1411 23.7312
      vertex 95.3704 64.325 24.0572
    endloop
  endfacet
  facet normal 0.554039 0.0542995 0.830718
    outer loop
      vertex 96 65 23.2744
      vertex 96.0753 64.8161 23.2362
      vertex 96.0635 64.9365 23.2362
    endloop
  endfacet
  facet normal 0.554725 0.0546811 0.830235
    outer loop
      vertex 96.0753 64.8161 23.2362
      vertex 96 65 23.2744
      vertex 95.7312 65 23.454
    endloop
  endfacet
  facet normal 0.367652 0.111893 0.923207
    outer loop
      vertex 96.1958 64.8042 23.1896
      vertex 96.129 64.6392 23.2362
      vertex 96.2929 64.7071 23.1627
    endloop
  endfacet
  facet normal 0.36801 0.111714 0.923086
    outer loop
      vertex 96.129 64.6392 23.2362
      vertex 96.1958 64.8042 23.1896
      vertex 96.0753 64.8161 23.2362
    endloop
  endfacet
  facet normal 0.368013 0.111774 0.923078
    outer loop
      vertex 96.1958 64.8042 23.1896
      vertex 96.1659 64.8341 23.1979
      vertex 96.0753 64.8161 23.2362
    endloop
  endfacet
  facet normal 0.884769 0.268271 0.38107
    outer loop
      vertex 95.1369 64.5806 24.4194
      vertex 95.3704 64.325 24.0572
      vertex 95.1401 64.6057 24.3943
    endloop
  endfacet
  facet normal 0.884769 0.268257 0.381079
    outer loop
      vertex 95.3704 64.325 24.0572
      vertex 95.1369 64.5806 24.4194
      vertex 95.2318 64.2676 24.4194
    endloop
  endfacet
  facet normal 0.919893 0.0907388 0.381528
    outer loop
      vertex 95.2701 64.6559 24.0572
      vertex 95.2418 64.9428 24.0572
      vertex 95.1953 64.7957 24.2043
    endloop
  endfacet
  facet normal 0.243629 0.2972 0.92321
    outer loop
      vertex 96.5995 64.4005 23.1443
      vertex 96.5478 64.4522 23.1413
      vertex 96.4762 64.2161 23.2362
    endloop
  endfacet
  facet normal 0.2972 0.243629 0.92321
    outer loop
      vertex 96.4522 64.5478 23.1413
      vertex 96.4005 64.5995 23.1443
      vertex 96.2161 64.4762 23.2362
    endloop
  endfacet
  facet normal 0.491604 0.262692 0.830252
    outer loop
      vertex 96.2161 64.4762 23.2362
      vertex 96.129 64.6392 23.2362
      vertex 95.8278 64.5145 23.454
    endloop
  endfacet
  facet normal 0.53334 0.161901 0.830263
    outer loop
      vertex 96.129 64.6392 23.2362
      vertex 96.0753 64.8161 23.2362
      vertex 95.8278 64.5145 23.454
    endloop
  endfacet
  facet normal 0.382828 0.0375197 0.923057
    outer loop
      vertex 96.0753 64.8161 23.2362
      vertex 96.1461 64.8539 23.2053
      vertex 96.0635 64.9365 23.2362
    endloop
  endfacet
  facet normal 0.88484 0.269977 0.379698
    outer loop
      vertex 95.3704 64.325 24.0572
      vertex 95.1432 64.6307 24.3693
      vertex 95.1401 64.6057 24.3943
    endloop
  endfacet
  facet normal 0.884678 0.268157 0.381362
    outer loop
      vertex 95.1432 64.6307 24.3693
      vertex 95.3704 64.325 24.0572
      vertex 95.2701 64.6559 24.0572
    endloop
  endfacet
  facet normal 0.919935 0.0909099 0.381386
    outer loop
      vertex 95.2701 64.6559 24.0572
      vertex 95.1953 64.7957 24.2043
      vertex 95.1432 64.6307 24.3693
    endloop
  endfacet
  facet normal 0.1813 0.33887 0.923199
    outer loop
      vertex 96.6452 64.3548 23.1521
      vertex 96.5995 64.4005 23.1443
      vertex 96.4762 64.2161 23.2362
    endloop
  endfacet
  facet normal 0.382728 0.0377344 0.92309
    outer loop
      vertex 96.1659 64.8341 23.1979
      vertex 96.1461 64.8539 23.2053
      vertex 96.0753 64.8161 23.2362
    endloop
  endfacet
endsolid OpenSCAD_Model
